Environment,Benchmark_Name,Iteration,Iteration_Time_S
exec,CPU (Numpy),1,0.08977737499999994
vm,CPU (Numpy),1,0.26727804200000005
exec,CPU (Numpy),2,0.0901145000000001
vm,CPU (Numpy),2,0.26460412499999997
exec,CPU (Numpy),3,0.0900539589999998
vm,CPU (Numpy),3,0.2605799160000002
exec,CPU (Numpy),4,0.0877050829999999
vm,CPU (Numpy),4,0.266513792
exec,CPU (Numpy),5,0.09051704100000002
vm,CPU (Numpy),5,0.2767321250000001
exec,CPU (Numpy),6,0.08796625000000002
vm,CPU (Numpy),6,0.2682605840000001
exec,CPU (Numpy),7,0.08982541700000013
vm,CPU (Numpy),7,0.2704733330000004
exec,CPU (Numpy),8,0.08983158300000005
vm,CPU (Numpy),8,0.27335500000000046
exec,CPU (Numpy),9,0.09023654199999998
vm,CPU (Numpy),9,0.29232937499999956
exec,CPU (Numpy),10,0.08792050000000007
vm,CPU (Numpy),10,0.26202879199999973
exec,CPU (Numpy),11,0.09025745900000004
vm,CPU (Numpy),11,0.2861995410000002
exec,CPU (Numpy),12,0.08790454100000034
vm,CPU (Numpy),12,0.2763227500000003
exec,CPU (Numpy),13,0.08985820899999997
vm,CPU (Numpy),13,0.2814714580000004
exec,CPU (Numpy),14,0.09025654199999966
vm,CPU (Numpy),14,0.2681702079999999
exec,CPU (Numpy),15,0.08997270800000035
vm,CPU (Numpy),15,0.2698481250000002
exec,CPU (Numpy),16,0.08852808299999992
vm,CPU (Numpy),16,0.28375229199999996
exec,CPU (Numpy),17,0.09006991700000011
vm,CPU (Numpy),17,0.27085591700000045
exec,CPU (Numpy),18,0.08820591599999972
vm,CPU (Numpy),18,0.2749371250000001
exec,CPU (Numpy),19,0.09050166599999976
vm,CPU (Numpy),19,0.26362862499999906
exec,CPU (Numpy),20,0.08993766699999917
vm,CPU (Numpy),20,0.26249620799999995
exec,CPU (Numpy),21,0.08996349999999964
vm,CPU (Numpy),21,0.2748690000000007
exec,CPU (Numpy),22,0.08819758400000044
vm,CPU (Numpy),22,0.2607887499999997
exec,CPU (Numpy),23,0.09014754199999953
vm,CPU (Numpy),23,0.2677982910000001
exec,CPU (Numpy),24,0.08801458299999965
vm,CPU (Numpy),24,0.26094437499999934
exec,CPU (Numpy),25,0.09002133300000015
vm,CPU (Numpy),25,0.265313707999999
exec,CPU (Numpy),26,0.09005170799999984
vm,CPU (Numpy),26,0.260421667000001
exec,CPU (Numpy),27,0.09027616699999985
vm,CPU (Numpy),27,0.26307212500000077
exec,CPU (Numpy),28,0.08803820799999951
vm,CPU (Numpy),28,0.26714416599999957
exec,CPU (Numpy),29,0.08990541699999977
vm,CPU (Numpy),29,0.28727370800000074
exec,CPU (Numpy),30,0.08819654199999949
vm,CPU (Numpy),30,0.2625147919999993
exec,CPU (Numpy),31,0.09026674999999962
vm,CPU (Numpy),31,0.2621096250000008
exec,CPU (Numpy),32,0.08957091600000044
vm,CPU (Numpy),32,0.27212683299999973
exec,CPU (Numpy),33,0.08993654200000023
vm,CPU (Numpy),33,0.28050308399999935
exec,CPU (Numpy),34,0.08819616599999947
vm,CPU (Numpy),34,0.2605085410000001
exec,CPU (Numpy),35,0.08992000000000022
vm,CPU (Numpy),35,0.268404125
exec,CPU (Numpy),36,0.08781929100000063
vm,CPU (Numpy),36,0.26187720899999967
exec,CPU (Numpy),37,0.09014070800000074
vm,CPU (Numpy),37,0.2640868750000003
exec,CPU (Numpy),38,0.09016716600000052
vm,CPU (Numpy),38,0.2726625000000009
exec,CPU (Numpy),39,0.09081266699999979
vm,CPU (Numpy),39,0.2667527500000002
exec,CPU (Numpy),40,0.08810533399999976
vm,CPU (Numpy),40,0.2725812500000018
exec,CPU (Numpy),41,0.0891061250000007
vm,CPU (Numpy),41,0.2648932500000001
exec,CPU (Numpy),42,0.08814849999999907
vm,CPU (Numpy),42,0.2666048339999989
exec,CPU (Numpy),43,0.08999241699999949
vm,CPU (Numpy),43,0.27188329200000183
exec,CPU (Numpy),44,0.08990362499999982
vm,CPU (Numpy),44,0.2895833749999994
exec,CPU (Numpy),45,0.08989225000000012
vm,CPU (Numpy),45,0.2649988750000034
exec,CPU (Numpy),46,0.08788212500000014
vm,CPU (Numpy),46,0.27928120800000045
exec,CPU (Numpy),47,0.08985004100000005
vm,CPU (Numpy),47,0.2701172089999986
exec,CPU (Numpy),48,0.08796987500000064
vm,CPU (Numpy),48,0.26784174999999877
exec,CPU (Numpy),49,0.08875166700000037
vm,CPU (Numpy),49,0.2842582920000005
exec,CPU (Numpy),50,0.09014495899999986
vm,CPU (Numpy),50,0.2606486669999981
exec,CPU (Numpy),51,0.08995783300000149
vm,CPU (Numpy),51,0.260592625000001
exec,CPU (Numpy),52,0.08807649999999967
vm,CPU (Numpy),52,0.2881909159999978
exec,CPU (Numpy),53,0.09029845899999955
vm,CPU (Numpy),53,0.2808014159999992
exec,CPU (Numpy),54,0.087463249999999
vm,CPU (Numpy),54,0.2989896250000008
exec,CPU (Numpy),55,0.08969004200000086
vm,CPU (Numpy),55,0.2897607920000027
exec,CPU (Numpy),56,0.08961112500000112
vm,CPU (Numpy),56,0.27765854200000106
exec,CPU (Numpy),57,0.08996004199999952
vm,CPU (Numpy),57,0.31193766700000225
exec,CPU (Numpy),58,0.08849516600000129
vm,CPU (Numpy),58,0.3054900839999988
exec,CPU (Numpy),59,0.09011483400000131
vm,CPU (Numpy),59,0.28346841699999814
exec,CPU (Numpy),60,0.08789604200000056
vm,CPU (Numpy),60,0.31855870799999764
exec,CPU (Numpy),61,0.09017583299999998
vm,CPU (Numpy),61,0.2667023749999977
exec,CPU (Numpy),62,0.09020195799999975
vm,CPU (Numpy),62,0.27940712499999876
exec,CPU (Numpy),63,0.09163549999999887
vm,CPU (Numpy),63,0.2818342499999993
exec,CPU (Numpy),64,0.08821762500000041
vm,CPU (Numpy),64,0.2801122919999983
exec,CPU (Numpy),65,0.08988854199999885
vm,CPU (Numpy),65,0.2876287089999998
exec,CPU (Numpy),66,0.0880840420000002
vm,CPU (Numpy),66,0.28361024999999884
exec,CPU (Numpy),67,0.09003537499999936
vm,CPU (Numpy),67,0.28976358299999916
exec,CPU (Numpy),68,0.08974720800000036
vm,CPU (Numpy),68,0.2891188749999998
exec,CPU (Numpy),69,0.09020670800000019
vm,CPU (Numpy),69,0.27774666699999884
exec,CPU (Numpy),70,0.08808208299999976
vm,CPU (Numpy),70,0.2794655000000006
exec,CPU (Numpy),71,0.09017991699999861
vm,CPU (Numpy),71,0.270688916000001
exec,CPU (Numpy),72,0.0880837079999992
vm,CPU (Numpy),72,0.26329283400000136
exec,CPU (Numpy),73,0.09034170800000041
vm,CPU (Numpy),73,0.2655705829999988
exec,CPU (Numpy),74,0.0895412499999999
vm,CPU (Numpy),74,0.27355833300000043
exec,CPU (Numpy),75,0.08965087500000024
vm,CPU (Numpy),75,0.2670721669999985
exec,CPU (Numpy),76,0.08816937499999966
vm,CPU (Numpy),76,0.27734900000000096
exec,CPU (Numpy),77,0.09028391700000071
vm,CPU (Numpy),77,0.28282295800000057
exec,CPU (Numpy),78,0.08802400000000077
vm,CPU (Numpy),78,0.29409949999999796
exec,CPU (Numpy),79,0.09036983300000045
vm,CPU (Numpy),79,0.2723123329999986
exec,CPU (Numpy),80,0.0895152079999999
vm,CPU (Numpy),80,0.28314075000000116
exec,CPU (Numpy),81,0.08924895799999888
vm,CPU (Numpy),81,0.2803318749999981
exec,CPU (Numpy),82,0.0881255000000003
vm,CPU (Numpy),82,0.27271287499999985
exec,CPU (Numpy),83,0.08976691700000039
vm,CPU (Numpy),83,0.2793479170000026
exec,CPU (Numpy),84,0.08811199999999886
vm,CPU (Numpy),84,0.2752937079999995
exec,CPU (Numpy),85,0.0901708750000001
vm,CPU (Numpy),85,0.25997233300000033
exec,CPU (Numpy),86,0.08964591700000035
vm,CPU (Numpy),86,0.2732052499999966
exec,CPU (Numpy),87,0.08885866700000022
vm,CPU (Numpy),87,0.2892645830000049
exec,CPU (Numpy),88,0.0887302080000012
vm,CPU (Numpy),88,0.2779532090000032
exec,CPU (Numpy),89,0.09012333300000108
vm,CPU (Numpy),89,0.27988912500000396
exec,CPU (Numpy),90,0.08814450000000207
vm,CPU (Numpy),90,0.2691735420000043
exec,CPU (Numpy),91,0.09036766600000234
vm,CPU (Numpy),91,0.26786220800000393
exec,CPU (Numpy),92,0.0895691670000005
vm,CPU (Numpy),92,0.2733953329999963
exec,CPU (Numpy),93,0.08903966700000154
vm,CPU (Numpy),93,0.2720717089999951
exec,CPU (Numpy),94,0.08786183300000161
vm,CPU (Numpy),94,0.2966907910000032
exec,CPU (Numpy),95,0.08947545799999901
vm,CPU (Numpy),95,0.2750544169999998
exec,CPU (Numpy),96,0.08855504199999942
vm,CPU (Numpy),96,0.28752587500000004
exec,CPU (Numpy),97,0.09015812499999853
vm,CPU (Numpy),97,0.2657199170000055
exec,CPU (Numpy),98,0.09006337499999972
vm,CPU (Numpy),98,0.3045399169999996
exec,CPU (Numpy),99,0.08965641700000049
vm,CPU (Numpy),99,0.28482537500000404
exec,CPU (Numpy),100,0.08811033300000304
vm,CPU (Numpy),100,0.28725637499999834
exec,CPU (Numpy),101,0.08971595799999932
vm,CPU (Numpy),101,0.28577470799999816
exec,CPU (Numpy),102,0.08820499999999853
vm,CPU (Numpy),102,0.2894889169999999
exec,CPU (Numpy),103,0.09004725000000136
vm,CPU (Numpy),103,0.293473542000001
exec,CPU (Numpy),104,0.08909808399999974
vm,CPU (Numpy),104,0.27252991699999995
exec,CPU (Numpy),105,0.08846541699999833
vm,CPU (Numpy),105,0.29286004200000093
exec,CPU (Numpy),106,0.0891511670000007
vm,CPU (Numpy),106,0.29478562500000294
exec,CPU (Numpy),107,0.0901928329999997
vm,CPU (Numpy),107,0.3012727090000027
exec,CPU (Numpy),108,0.08864300000000114
vm,CPU (Numpy),108,0.2565879170000045
exec,CPU (Numpy),109,0.09013229199999984
vm,CPU (Numpy),109,0.2672265829999958
exec,CPU (Numpy),110,0.08991254200000043
vm,CPU (Numpy),110,0.27239012499999404
exec,CPU (Numpy),111,0.08804658300000057
vm,CPU (Numpy),111,0.2629146250000005
exec,CPU (Numpy),112,0.08976862500000138
vm,CPU (Numpy),112,0.2844913330000054
exec,CPU (Numpy),113,0.09030895800000138
vm,CPU (Numpy),113,0.2869062910000011
exec,CPU (Numpy),114,0.0889411659999979
vm,CPU (Numpy),114,0.2787952919999981
exec,CPU (Numpy),115,0.09007858300000038
vm,CPU (Numpy),115,0.28036124999999856
exec,CPU (Numpy),116,0.09002450000000195
vm,CPU (Numpy),116,0.2682257089999993
exec,CPU (Numpy),117,0.08817395799999872
vm,CPU (Numpy),117,0.2909360000000021
exec,CPU (Numpy),118,0.08954849999999936
vm,CPU (Numpy),118,0.27835254200000037
exec,CPU (Numpy),119,0.08969041599999983
vm,CPU (Numpy),119,0.2811549580000019
exec,CPU (Numpy),120,0.08853795799999986
vm,CPU (Numpy),120,0.2760443749999979
exec,CPU (Numpy),121,0.09010387499999695
vm,CPU (Numpy),121,0.2649396250000038
exec,CPU (Numpy),122,0.09028637500000158
vm,CPU (Numpy),122,0.2736142500000014
exec,CPU (Numpy),123,0.08840791599999775
vm,CPU (Numpy),123,0.30509641700000145
exec,CPU (Numpy),124,0.08972975000000005
vm,CPU (Numpy),124,0.2702312500000019
exec,CPU (Numpy),125,0.08909183300000123
vm,CPU (Numpy),125,0.27807862499999914
exec,CPU (Numpy),126,0.08919637500000022
vm,CPU (Numpy),126,0.2771615830000016
exec,CPU (Numpy),127,0.09028624999999835
vm,CPU (Numpy),127,0.2732771249999999
exec,CPU (Numpy),128,0.09010545800000003
vm,CPU (Numpy),128,0.2800351249999977
exec,CPU (Numpy),129,0.0883098750000002
vm,CPU (Numpy),129,0.26990220799999776
exec,CPU (Numpy),130,0.08998362499999857
vm,CPU (Numpy),130,0.27326558300000414
exec,CPU (Numpy),131,0.08915475000000228
vm,CPU (Numpy),131,0.2730933329999985
exec,CPU (Numpy),132,0.08959224999999904
vm,CPU (Numpy),132,0.2688008749999966
exec,CPU (Numpy),133,0.08990920800000168
vm,CPU (Numpy),133,0.284215875000001
exec,CPU (Numpy),134,0.08932391700000153
vm,CPU (Numpy),134,0.2789133750000019
exec,CPU (Numpy),135,0.0875847080000014
vm,CPU (Numpy),135,0.270728124999998
exec,CPU (Numpy),136,0.08864054200000027
vm,CPU (Numpy),136,0.27237704200000223
exec,CPU (Numpy),137,0.08787408300000266
vm,CPU (Numpy),137,0.27009720899999934
exec,CPU (Numpy),138,0.08953616700000211
vm,CPU (Numpy),138,0.2718876659999978
exec,CPU (Numpy),139,0.09012983399999897
vm,CPU (Numpy),139,0.2714698750000011
exec,CPU (Numpy),140,0.08963783300000117
vm,CPU (Numpy),140,0.2658694579999974
exec,CPU (Numpy),141,0.08822354200000149
vm,CPU (Numpy),141,0.2688045829999979
exec,CPU (Numpy),142,0.09010554099999979
vm,CPU (Numpy),142,0.2654939170000006
exec,CPU (Numpy),143,0.08832541700000007
vm,CPU (Numpy),143,0.27364483299999875
exec,CPU (Numpy),144,0.08968399999999832
vm,CPU (Numpy),144,0.276509125000004
exec,CPU (Numpy),145,0.09003891699999755
vm,CPU (Numpy),145,0.2735491249999953
exec,CPU (Numpy),146,0.08966758300000066
vm,CPU (Numpy),146,0.2717806670000016
exec,CPU (Numpy),147,0.08876099999999809
vm,CPU (Numpy),147,0.27671266600000166
exec,CPU (Numpy),148,0.08961287500000026
vm,CPU (Numpy),148,0.27335250000000144
exec,CPU (Numpy),149,0.0886749999999985
vm,CPU (Numpy),149,0.26852104200000326
exec,CPU (Numpy),150,0.08992725000000235
vm,CPU (Numpy),150,0.27811870799999383
exec,CPU (Numpy),151,0.09035687500000122
vm,CPU (Numpy),151,0.27070916600000317
exec,CPU (Numpy),152,0.09004508300000325
vm,CPU (Numpy),152,0.281246749999994
exec,CPU (Numpy),153,0.08821708299999997
vm,CPU (Numpy),153,0.2862591669999972
exec,CPU (Numpy),154,0.09017491700000235
vm,CPU (Numpy),154,0.27742629200000124
exec,CPU (Numpy),155,0.0881507500000005
vm,CPU (Numpy),155,0.27624087499999916
exec,CPU (Numpy),156,0.0898597919999986
vm,CPU (Numpy),156,0.26840733299999897
exec,CPU (Numpy),157,0.09026649999999847
vm,CPU (Numpy),157,0.2818617089999975
exec,CPU (Numpy),158,0.08998504199999857
vm,CPU (Numpy),158,0.2721233339999998
exec,CPU (Numpy),159,0.08963574999999935
vm,CPU (Numpy),159,0.27119954199999796
exec,CPU (Numpy),160,0.09031120799999925
vm,CPU (Numpy),160,0.27383125000000064
exec,CPU (Numpy),161,0.08844837500000224
vm,CPU (Numpy),161,0.2730710829999978
exec,CPU (Numpy),162,0.09018779100000174
vm,CPU (Numpy),162,0.2733660829999991
exec,CPU (Numpy),163,0.08935658299999716
vm,CPU (Numpy),163,0.2746189579999978
exec,CPU (Numpy),164,0.0905477920000024
vm,CPU (Numpy),164,0.2717219170000007
exec,CPU (Numpy),165,0.08829533400000145
vm,CPU (Numpy),165,0.27464383299999895
exec,CPU (Numpy),166,0.08928137500000233
vm,CPU (Numpy),166,0.27653250000000185
exec,CPU (Numpy),167,0.08804229100000072
vm,CPU (Numpy),167,0.28505799999999937
exec,CPU (Numpy),168,0.08934616699999864
vm,CPU (Numpy),168,0.2785120420000027
exec,CPU (Numpy),169,0.09010733399999893
vm,CPU (Numpy),169,0.28135470800000917
exec,CPU (Numpy),170,0.09017858400000023
vm,CPU (Numpy),170,0.2672118749999868
exec,CPU (Numpy),171,0.0873863340000014
vm,CPU (Numpy),171,0.2779200420000052
exec,CPU (Numpy),172,0.08974475000000126
vm,CPU (Numpy),172,0.2711559170000015
exec,CPU (Numpy),173,0.08801012500000027
vm,CPU (Numpy),173,0.28041349999999454
exec,CPU (Numpy),174,0.08986654099999924
vm,CPU (Numpy),174,0.2833911249999943
exec,CPU (Numpy),175,0.09005820799999853
vm,CPU (Numpy),175,0.28008929199999955
exec,CPU (Numpy),176,0.09005379100000255
vm,CPU (Numpy),176,0.27159008300000664
exec,CPU (Numpy),177,0.08812579099999951
vm,CPU (Numpy),177,0.27822741699999654
exec,CPU (Numpy),178,0.0896875829999999
vm,CPU (Numpy),178,0.26980545799999334
exec,CPU (Numpy),179,0.0877973749999974
vm,CPU (Numpy),179,0.27010337500000503
exec,CPU (Numpy),180,0.09066050000000203
vm,CPU (Numpy),180,0.27631087499999296
exec,CPU (Numpy),181,0.09084837500000376
vm,CPU (Numpy),181,0.25948287500000333
exec,CPU (Numpy),182,0.09110125000000124
vm,CPU (Numpy),182,0.26083724999999447
exec,CPU (Numpy),183,0.08837762499999968
vm,CPU (Numpy),183,0.2847376250000053
exec,CPU (Numpy),184,0.08982558400000329
vm,CPU (Numpy),184,0.26585012500000005
exec,CPU (Numpy),185,0.0878711249999995
vm,CPU (Numpy),185,0.27751641600001165
exec,CPU (Numpy),186,0.09011329199999807
vm,CPU (Numpy),186,0.27814733399999625
exec,CPU (Numpy),187,0.09030820800000328
vm,CPU (Numpy),187,0.2771931670000072
exec,CPU (Numpy),188,0.09280441700000353
vm,CPU (Numpy),188,0.2792355839999914
exec,CPU (Numpy),189,0.08832016699999912
vm,CPU (Numpy),189,0.2629682090000074
exec,CPU (Numpy),190,0.09039254200000357
vm,CPU (Numpy),190,0.27043191699999625
exec,CPU (Numpy),191,0.08821112500000083
vm,CPU (Numpy),191,0.26240954200000033
exec,CPU (Numpy),192,0.09000695799999647
vm,CPU (Numpy),192,0.2635854999999907
exec,CPU (Numpy),193,0.09004145800000174
vm,CPU (Numpy),193,0.25431520900001203
exec,CPU (Numpy),194,0.08891566699999487
vm,CPU (Numpy),194,0.2692317909999957
exec,CPU (Numpy),195,0.08822812500000055
vm,CPU (Numpy),195,0.2558992079999882
exec,CPU (Numpy),196,0.08919474999999721
vm,CPU (Numpy),196,0.26115912500000604
exec,CPU (Numpy),197,0.08845587500000107
vm,CPU (Numpy),197,0.2620917909999889
exec,CPU (Numpy),198,0.09039579199999537
vm,CPU (Numpy),198,0.26881099999999947
exec,CPU (Numpy),199,0.09039933300000058
vm,CPU (Numpy),199,0.2584149169999961
exec,CPU (Numpy),200,0.08848804100000507
vm,CPU (Numpy),200,0.2556775420000008
exec,CPU (Numpy),201,0.08870154100000605
vm,CPU (Numpy),201,0.2616993329999957
exec,CPU (Numpy),202,0.08985199999999338
vm,CPU (Numpy),202,0.26216154099999756
exec,CPU (Numpy),203,0.08750929099999638
vm,CPU (Numpy),203,0.2581984580000096
exec,CPU (Numpy),204,0.08928720799999468
vm,CPU (Numpy),204,0.25705466699999135
exec,CPU (Numpy),205,0.08928912500000052
vm,CPU (Numpy),205,0.2637268339999963
exec,CPU (Numpy),206,0.08810029200000002
vm,CPU (Numpy),206,0.26371699999999976
exec,CPU (Numpy),207,0.0879708340000036
vm,CPU (Numpy),207,0.2528029169999968
exec,CPU (Numpy),208,0.088836416999996
vm,CPU (Numpy),208,0.25432716600001015
exec,CPU (Numpy),209,0.08860270800000336
vm,CPU (Numpy),209,0.25545991700001025
exec,CPU (Numpy),210,0.0898559999999975
vm,CPU (Numpy),210,0.25874133300000324
exec,CPU (Numpy),211,0.0895086660000004
vm,CPU (Numpy),211,0.2570350000000019
exec,CPU (Numpy),212,0.08867745799999938
vm,CPU (Numpy),212,0.2610552499999983
exec,CPU (Numpy),213,0.08930508400000292
vm,CPU (Numpy),213,0.25934612500000753
exec,CPU (Numpy),214,0.08933174999999949
vm,CPU (Numpy),214,0.25635624999999607
exec,CPU (Numpy),215,0.08882349999999661
vm,CPU (Numpy),215,0.26381129199999975
exec,CPU (Numpy),216,0.08968345800000321
vm,CPU (Numpy),216,0.27328391700000054
exec,CPU (Numpy),217,0.09012824999999935
vm,CPU (Numpy),217,0.27496612500000595
exec,CPU (Numpy),218,0.08827233300000614
vm,CPU (Numpy),218,0.25884404199999267
exec,CPU (Numpy),219,0.0909918329999968
vm,CPU (Numpy),219,0.2631384169999933
exec,CPU (Numpy),220,0.08893595800000043
vm,CPU (Numpy),220,0.2552377080000099
exec,CPU (Numpy),221,0.08998637500000228
vm,CPU (Numpy),221,0.26642075000000887
exec,CPU (Numpy),222,0.0896956250000045
vm,CPU (Numpy),222,0.26309166699999764
exec,CPU (Numpy),223,0.09024233299999906
vm,CPU (Numpy),223,0.26300299999999766
exec,CPU (Numpy),224,0.08816991700000187
vm,CPU (Numpy),224,0.25681095899999207
exec,CPU (Numpy),225,0.09037362499999801
vm,CPU (Numpy),225,0.26197020799999393
exec,CPU (Numpy),226,0.08938037499999751
vm,CPU (Numpy),226,0.2586525420000072
exec,CPU (Numpy),227,0.08862750000000119
vm,CPU (Numpy),227,0.26732549999999833
exec,CPU (Numpy),228,0.09002329100000139
vm,CPU (Numpy),228,0.2580562079999993
exec,CPU (Numpy),229,0.0900845419999996
vm,CPU (Numpy),229,0.26424116699999445
exec,CPU (Numpy),230,0.0880924999999948
vm,CPU (Numpy),230,0.263295166000006
exec,CPU (Numpy),231,0.09010558299999616
vm,CPU (Numpy),231,0.2573580419999928
exec,CPU (Numpy),232,0.08814229200000057
vm,CPU (Numpy),232,0.2593802919999888
exec,CPU (Numpy),233,0.09002879100000172
vm,CPU (Numpy),233,0.26233050000000446
exec,CPU (Numpy),234,0.08966658399999972
vm,CPU (Numpy),234,0.2714575830000001
exec,CPU (Numpy),235,0.09021054200000123
vm,CPU (Numpy),235,0.26093362500000694
exec,CPU (Numpy),236,0.08808895800000016
vm,CPU (Numpy),236,0.25663045900000725
exec,CPU (Numpy),237,0.09016070799999909
vm,CPU (Numpy),237,0.25870687500000145
exec,CPU (Numpy),238,0.0882317499999985
vm,CPU (Numpy),238,0.26266037500001005
exec,CPU (Numpy),239,0.09005066699999986
vm,CPU (Numpy),239,0.270744250000007
exec,CPU (Numpy),240,0.0903445000000005
vm,CPU (Numpy),240,0.2598437500000017
exec,CPU (Numpy),241,0.0901953749999933
vm,CPU (Numpy),241,0.26513679200000695
exec,CPU (Numpy),242,0.0883221250000048
vm,CPU (Numpy),242,0.2662973340000008
exec,CPU (Numpy),243,0.08998458300000323
vm,CPU (Numpy),243,0.26062675000000013
exec,CPU (Numpy),244,0.0881082080000013
vm,CPU (Numpy),244,0.2572180420000052
exec,CPU (Numpy),245,0.09035370800000209
vm,CPU (Numpy),245,0.2710699169999913
exec,CPU (Numpy),246,0.09002458400000535
vm,CPU (Numpy),246,0.2671358749999939
exec,CPU (Numpy),247,0.08998420800000417
vm,CPU (Numpy),247,0.2621232500000019
exec,CPU (Numpy),248,0.08828420899999401
vm,CPU (Numpy),248,0.2542818339999968
exec,CPU (Numpy),249,0.08996216700000303
vm,CPU (Numpy),249,0.26876374999999086
exec,CPU (Numpy),250,0.0886134169999977
vm,CPU (Numpy),250,0.25890624999999545
exec,CPU (Numpy),251,0.09022570900000204
vm,CPU (Numpy),251,0.25419420800000125
exec,CPU (Numpy),252,0.08910104099999927
vm,CPU (Numpy),252,0.2698924999999974
exec,CPU (Numpy),253,0.08985058399999701
vm,CPU (Numpy),253,0.26434345799999903
exec,CPU (Numpy),254,0.08844816599999916
vm,CPU (Numpy),254,0.25438133299999777
exec,CPU (Numpy),255,0.09007950000000164
vm,CPU (Numpy),255,0.261962374999996
exec,CPU (Numpy),256,0.08798783299999968
vm,CPU (Numpy),256,0.26625041699999485
exec,CPU (Numpy),257,0.09005000000000507
vm,CPU (Numpy),257,0.2654537909999988
exec,CPU (Numpy),258,0.08982016600000264
vm,CPU (Numpy),258,0.27191233300000306
exec,CPU (Numpy),259,0.09012812499999967
vm,CPU (Numpy),259,0.2738741659999988
exec,CPU (Numpy),260,0.08834275000000247
vm,CPU (Numpy),260,0.2664873750000112
exec,CPU (Numpy),261,0.09016133299999751
vm,CPU (Numpy),261,0.25882791700000496
exec,CPU (Numpy),262,0.0880593329999968
vm,CPU (Numpy),262,0.2694900839999974
exec,CPU (Numpy),263,0.09000058299999836
vm,CPU (Numpy),263,0.2565740419999969
exec,CPU (Numpy),264,0.0898960829999993
vm,CPU (Numpy),264,0.26307691699999225
exec,CPU (Numpy),265,0.09018154200000339
vm,CPU (Numpy),265,0.2554955830000125
exec,CPU (Numpy),266,0.08834562499999521
vm,CPU (Numpy),266,0.26278116599999635
exec,CPU (Numpy),267,0.0900632090000002
vm,CPU (Numpy),267,0.2687539580000049
exec,CPU (Numpy),268,0.08876283400000062
vm,CPU (Numpy),268,0.25820212499999684
exec,CPU (Numpy),269,0.08999345799999503
vm,CPU (Numpy),269,0.2615529589999994
exec,CPU (Numpy),270,0.09003516599999983
vm,CPU (Numpy),270,0.2721667500000109
exec,CPU (Numpy),271,0.08932404200000121
vm,CPU (Numpy),271,0.2618832920000074
exec,CPU (Numpy),272,0.0887485420000047
vm,CPU (Numpy),272,0.2655034160000014
exec,CPU (Numpy),273,0.09012499999999335
vm,CPU (Numpy),273,0.25660266600000625
exec,CPU (Numpy),274,0.0881568750000028
vm,CPU (Numpy),274,0.28023916699999063
exec,CPU (Numpy),275,0.08985241699999591
vm,CPU (Numpy),275,0.2561064589999944
exec,CPU (Numpy),276,0.08957604199999736
vm,CPU (Numpy),276,0.2576207090000082
exec,CPU (Numpy),277,0.08920483400000023
vm,CPU (Numpy),277,0.26271962500000257
exec,CPU (Numpy),278,0.08800575000000066
vm,CPU (Numpy),278,0.262928500000001
exec,CPU (Numpy),279,0.08990408399999694
vm,CPU (Numpy),279,0.26827870799999687
exec,CPU (Numpy),280,0.08797829200000251
vm,CPU (Numpy),280,0.267883249999997
exec,CPU (Numpy),281,0.09018549999999692
vm,CPU (Numpy),281,0.25429720900000063
exec,CPU (Numpy),282,0.08969758300000308
vm,CPU (Numpy),282,0.2683425000000028
exec,CPU (Numpy),283,0.0882862499999959
vm,CPU (Numpy),283,0.25781733400000917
exec,CPU (Numpy),284,0.08941479199999947
vm,CPU (Numpy),284,0.26316770800001166
exec,CPU (Numpy),285,0.09010249999999331
vm,CPU (Numpy),285,0.26455379200000095
exec,CPU (Numpy),286,0.08755083300000166
vm,CPU (Numpy),286,0.2600483750000109
exec,CPU (Numpy),287,0.09007820800000133
vm,CPU (Numpy),287,0.2567013330000094
exec,CPU (Numpy),288,0.0904910000000001
vm,CPU (Numpy),288,0.2646000000000015
exec,CPU (Numpy),289,0.08834120899999931
vm,CPU (Numpy),289,0.2631798340000131
exec,CPU (Numpy),290,0.08885399999999777
vm,CPU (Numpy),290,0.2624797090000044
exec,CPU (Numpy),291,0.09007258300000132
vm,CPU (Numpy),291,0.2588252919999974
exec,CPU (Numpy),292,0.0881054170000013
vm,CPU (Numpy),292,0.2731585829999972
exec,CPU (Numpy),293,0.09015354199999592
vm,CPU (Numpy),293,0.2603540840000136
exec,CPU (Numpy),294,0.09033270899999479
vm,CPU (Numpy),294,0.26020087499999534
exec,CPU (Numpy),295,0.08842508300000418
vm,CPU (Numpy),295,0.258137167000001
exec,CPU (Numpy),296,0.08929033400000463
vm,CPU (Numpy),296,0.2560576669999932
exec,CPU (Numpy),297,0.09003041599999762
vm,CPU (Numpy),297,0.27864320899999484
exec,CPU (Numpy),298,0.08897170900000617
vm,CPU (Numpy),298,0.25833041699999626
exec,CPU (Numpy),299,0.0902045829999949
vm,CPU (Numpy),299,0.25525974999999335
exec,CPU (Numpy),300,0.08978270900000496
vm,CPU (Numpy),300,0.26219150000000013
exec,CPU (Numpy),301,0.08827433300000109
vm,CPU (Numpy),301,0.27090945800000554
exec,CPU (Numpy),302,0.08980983300000389
vm,CPU (Numpy),302,0.2559779590000062
exec,CPU (Numpy),303,0.08930516699999913
vm,CPU (Numpy),303,0.2685870829999999
exec,CPU (Numpy),304,0.08972945800000076
vm,CPU (Numpy),304,0.2605208339999905
exec,CPU (Numpy),305,0.09025950000000194
vm,CPU (Numpy),305,0.2577590829999963
exec,CPU (Numpy),306,0.09006937499999879
vm,CPU (Numpy),306,0.2584578339999979
exec,CPU (Numpy),307,0.08884133299999775
vm,CPU (Numpy),307,0.26714450000000056
exec,CPU (Numpy),308,0.08959450000000402
vm,CPU (Numpy),308,0.2673639170000115
exec,CPU (Numpy),309,0.08878108300000065
vm,CPU (Numpy),309,0.2628560830000026
exec,CPU (Numpy),310,0.08983891600000504
vm,CPU (Numpy),310,0.26334466699999837
exec,CPU (Numpy),311,0.08897758299999481
vm,CPU (Numpy),311,0.25934666699998843
exec,CPU (Numpy),312,0.08971166599999947
vm,CPU (Numpy),312,0.25922245900000007
exec,CPU (Numpy),313,0.08823375000000055
vm,CPU (Numpy),313,0.26797141599999463
exec,CPU (Numpy),314,0.09051291700000519
vm,CPU (Numpy),314,0.2550783749999965
exec,CPU (Numpy),315,0.08832325000000196
vm,CPU (Numpy),315,0.2562594580000024
exec,CPU (Numpy),316,0.08900824999999912
vm,CPU (Numpy),316,0.25551687499999787
exec,CPU (Numpy),317,0.0899790830000029
vm,CPU (Numpy),317,0.25955587500000377
exec,CPU (Numpy),318,0.08957162499999782
vm,CPU (Numpy),318,0.2617328330000106
exec,CPU (Numpy),319,0.08792016700000005
vm,CPU (Numpy),319,0.25658158400000275
exec,CPU (Numpy),320,0.08981691599999664
vm,CPU (Numpy),320,0.2547566660000058
exec,CPU (Numpy),321,0.08823029100000213
vm,CPU (Numpy),321,0.2629107500000032
exec,CPU (Numpy),322,0.08983191699999793
vm,CPU (Numpy),322,0.2665164999999945
exec,CPU (Numpy),323,0.09011891700000518
vm,CPU (Numpy),323,0.2574730829999936
exec,CPU (Numpy),324,0.08997749999999627
vm,CPU (Numpy),324,0.2601847500000076
exec,CPU (Numpy),325,0.08863737500000468
vm,CPU (Numpy),325,0.27359533300000294
exec,CPU (Numpy),326,0.08993274999999556
vm,CPU (Numpy),326,0.27495983299999693
exec,CPU (Numpy),327,0.08784695899999662
vm,CPU (Numpy),327,0.2631584580000066
exec,CPU (Numpy),328,0.08971516600000484
vm,CPU (Numpy),328,0.2584325420000084
exec,CPU (Numpy),329,0.09005383299999892
vm,CPU (Numpy),329,0.2703141669999951
exec,CPU (Numpy),330,0.09009662500000104
vm,CPU (Numpy),330,0.262743209000007
exec,CPU (Numpy),331,0.08784770799999819
vm,CPU (Numpy),331,0.2690166670000025
exec,CPU (Numpy),332,0.0897380830000003
vm,CPU (Numpy),332,0.25748962500000516
exec,CPU (Numpy),333,0.08794008299999945
vm,CPU (Numpy),333,0.2617032499999965
exec,CPU (Numpy),334,0.08987558300000131
vm,CPU (Numpy),334,0.2615739170000069
exec,CPU (Numpy),335,0.08987033300000036
vm,CPU (Numpy),335,0.2588192919999983
exec,CPU (Numpy),336,0.08909920900000401
vm,CPU (Numpy),336,0.25961287500000196
exec,CPU (Numpy),337,0.08802466699999911
vm,CPU (Numpy),337,0.2568239170000055
exec,CPU (Numpy),338,0.0896458750000022
vm,CPU (Numpy),338,0.2645916670000048
exec,CPU (Numpy),339,0.0880558749999949
vm,CPU (Numpy),339,0.2622553329999988
exec,CPU (Numpy),340,0.09003495799999683
vm,CPU (Numpy),340,0.2572556249999991
exec,CPU (Numpy),341,0.09048358300000103
vm,CPU (Numpy),341,0.2610168750000099
exec,CPU (Numpy),342,0.09003208300000409
vm,CPU (Numpy),342,0.2662202500000035
exec,CPU (Numpy),343,0.08810766700000272
vm,CPU (Numpy),343,0.2864888750000034
exec,CPU (Numpy),344,0.0897753750000021
vm,CPU (Numpy),344,0.2626365830000026
exec,CPU (Numpy),345,0.08806854099999839
vm,CPU (Numpy),345,0.2620344170000095
exec,CPU (Numpy),346,0.09025520799999498
vm,CPU (Numpy),346,0.26170016700000076
exec,CPU (Numpy),347,0.09004987499999828
vm,CPU (Numpy),347,0.2614939170000099
exec,CPU (Numpy),348,0.09040279100000248
vm,CPU (Numpy),348,0.2666383340000209
exec,CPU (Numpy),349,0.0885802499999997
vm,CPU (Numpy),349,0.25967104099999005
exec,CPU (Numpy),350,0.09026250000000147
vm,CPU (Numpy),350,0.26640170900000726
exec,CPU (Numpy),351,0.0888713339999967
vm,CPU (Numpy),351,0.25743458299999133
exec,CPU (Numpy),352,0.09009970799999678
vm,CPU (Numpy),352,0.2569678330000045
exec,CPU (Numpy),353,0.0901582079999983
vm,CPU (Numpy),353,0.2778461250000248
exec,CPU (Numpy),354,0.08964041600000172
vm,CPU (Numpy),354,0.25623058299999
exec,CPU (Numpy),355,0.0886071250000029
vm,CPU (Numpy),355,0.26298591700000884
exec,CPU (Numpy),356,0.0897885830000007
vm,CPU (Numpy),356,0.25646050000000287
exec,CPU (Numpy),357,0.08803470800000213
vm,CPU (Numpy),357,0.26349712499998645
exec,CPU (Numpy),358,0.09046862499999975
vm,CPU (Numpy),358,0.2653277919999937
exec,CPU (Numpy),359,0.08984216700000047
vm,CPU (Numpy),359,0.254136625000001
exec,CPU (Numpy),360,0.08851970900000339
vm,CPU (Numpy),360,0.2559861670000032
exec,CPU (Numpy),361,0.08857812499999795
vm,CPU (Numpy),361,0.2555907500000103
exec,CPU (Numpy),362,0.09003354200000047
vm,CPU (Numpy),362,0.2672015839999915
exec,CPU (Numpy),363,0.08802062499999863
vm,CPU (Numpy),363,0.25833908299998143
exec,CPU (Numpy),364,0.08979129200000102
vm,CPU (Numpy),364,0.25804316699998253
exec,CPU (Numpy),365,0.08992054099999791
vm,CPU (Numpy),365,0.26382437499998446
exec,CPU (Numpy),366,0.08849275000000034
vm,CPU (Numpy),366,0.2641641670000183
exec,CPU (Numpy),367,0.08876929199999495
vm,CPU (Numpy),367,0.2618724170000064
exec,CPU (Numpy),368,0.08994312499999779
vm,CPU (Numpy),368,0.256887082999981
exec,CPU (Numpy),369,0.08860775000000132
vm,CPU (Numpy),369,0.2570696660000067
exec,CPU (Numpy),370,0.08922799999999853
vm,CPU (Numpy),370,0.2622950420000052
exec,CPU (Numpy),371,0.09011895799999081
vm,CPU (Numpy),371,0.25503262500001256
exec,CPU (Numpy),372,0.0881346670000056
vm,CPU (Numpy),372,0.2593860419999885
exec,CPU (Numpy),373,0.08928979200000242
vm,CPU (Numpy),373,0.27070150000000126
exec,CPU (Numpy),374,0.0908524999999969
vm,CPU (Numpy),374,0.27690774999999235
exec,CPU (Numpy),375,0.08900104199999248
vm,CPU (Numpy),375,0.27110300000001075
exec,CPU (Numpy),376,0.08970770899999536
vm,CPU (Numpy),376,0.2605255830000033
exec,CPU (Numpy),377,0.08992941700000756
vm,CPU (Numpy),377,0.26837145799999007
exec,CPU (Numpy),378,0.08814712499999189
vm,CPU (Numpy),378,0.2623352079999961
exec,CPU (Numpy),379,0.08987483399999974
vm,CPU (Numpy),379,0.26183624999998756
exec,CPU (Numpy),380,0.08921724999999014
vm,CPU (Numpy),380,0.2527591250000114
exec,CPU (Numpy),381,0.08967120800001283
vm,CPU (Numpy),381,0.27299512500002265
exec,CPU (Numpy),382,0.09022141600000566
vm,CPU (Numpy),382,0.2606222080000009
exec,CPU (Numpy),383,0.09025087499999529
vm,CPU (Numpy),383,0.26017879200000493
exec,CPU (Numpy),384,0.08793437500000323
vm,CPU (Numpy),384,0.28225187500001425
exec,CPU (Numpy),385,0.09012966600000993
vm,CPU (Numpy),385,0.277277416000004
exec,CPU (Numpy),386,0.08839337499999544
vm,CPU (Numpy),386,0.2691463750000196
exec,CPU (Numpy),387,0.08982170899999176
vm,CPU (Numpy),387,0.2673124999999743
exec,CPU (Numpy),388,0.08968983399999786
vm,CPU (Numpy),388,0.2599748330000011
exec,CPU (Numpy),389,0.0900495420000027
vm,CPU (Numpy),389,0.2556480410000006
exec,CPU (Numpy),390,0.08837416699999778
vm,CPU (Numpy),390,0.2696614999999838
exec,CPU (Numpy),391,0.0900261249999943
vm,CPU (Numpy),391,0.25465412500000184
exec,CPU (Numpy),392,0.08836062499999287
vm,CPU (Numpy),392,0.27066866699999537
exec,CPU (Numpy),393,0.08986633300000335
vm,CPU (Numpy),393,0.26377445899998975
exec,CPU (Numpy),394,0.09001404200000707
vm,CPU (Numpy),394,0.26992058400000474
exec,CPU (Numpy),395,0.08994199999999353
vm,CPU (Numpy),395,0.25828208300001165
exec,CPU (Numpy),396,0.08816570799999113
vm,CPU (Numpy),396,0.2586042089999978
exec,CPU (Numpy),397,0.0902180420000036
vm,CPU (Numpy),397,0.26581512499998894
exec,CPU (Numpy),398,0.08833266599999945
vm,CPU (Numpy),398,0.2571996659999911
exec,CPU (Numpy),399,0.0898339999999962
vm,CPU (Numpy),399,0.2651497500000062
exec,CPU (Numpy),400,0.08978525000000559
vm,CPU (Numpy),400,0.25831470899998976
exec,CPU (Numpy),401,0.0900857080000037
vm,CPU (Numpy),401,0.28438829099999907
exec,CPU (Numpy),402,0.08809791700001313
vm,CPU (Numpy),402,0.2577437919999852
exec,CPU (Numpy),403,0.09000758399999143
vm,CPU (Numpy),403,0.26363466700001936
exec,CPU (Numpy),404,0.08780099999999891
vm,CPU (Numpy),404,0.2583212090000018
exec,CPU (Numpy),405,0.09030608300000154
vm,CPU (Numpy),405,0.25793749999999704
exec,CPU (Numpy),406,0.09002925000000062
vm,CPU (Numpy),406,0.26298016699999494
exec,CPU (Numpy),407,0.09018633300000545
vm,CPU (Numpy),407,0.2597059999999942
exec,CPU (Numpy),408,0.08875070800000628
vm,CPU (Numpy),408,0.25769762500002
exec,CPU (Numpy),409,0.09029654100000073
vm,CPU (Numpy),409,0.2572519169999907
exec,CPU (Numpy),410,0.08788358399999652
vm,CPU (Numpy),410,0.26674708400000213
exec,CPU (Numpy),411,0.08995487500000365
vm,CPU (Numpy),411,0.26245816600001604
exec,CPU (Numpy),412,0.08960125000000119
vm,CPU (Numpy),412,0.2592899169999896
exec,CPU (Numpy),413,0.0900796669999977
vm,CPU (Numpy),413,0.26877829199997905
exec,CPU (Numpy),414,0.08828954200001249
vm,CPU (Numpy),414,0.2646168340000088
exec,CPU (Numpy),415,0.09023241699999573
vm,CPU (Numpy),415,0.26058595799997875
exec,CPU (Numpy),416,0.08824712499999521
vm,CPU (Numpy),416,0.2657169999999951
exec,CPU (Numpy),417,0.08998945799999092
vm,CPU (Numpy),417,0.26813237500002174
exec,CPU (Numpy),418,0.08968133300000147
vm,CPU (Numpy),418,0.26332170899999596
exec,CPU (Numpy),419,0.08978487499999233
vm,CPU (Numpy),419,0.2622961659999987
exec,CPU (Numpy),420,0.08822245800000417
vm,CPU (Numpy),420,0.27291225000001873
exec,CPU (Numpy),421,0.09005208300000334
vm,CPU (Numpy),421,0.26933483299998784
exec,CPU (Numpy),422,0.088052083000008
vm,CPU (Numpy),422,0.27133574999999155
exec,CPU (Numpy),423,0.09014783400000681
vm,CPU (Numpy),423,0.26147954199998935
exec,CPU (Numpy),424,0.08957454199999404
vm,CPU (Numpy),424,0.2538102080000044
exec,CPU (Numpy),425,0.08934095899999761
vm,CPU (Numpy),425,0.269346999999982
exec,CPU (Numpy),426,0.08807429200000172
vm,CPU (Numpy),426,0.2780140839999774
exec,CPU (Numpy),427,0.08982295799999918
vm,CPU (Numpy),427,0.2758473749999837
exec,CPU (Numpy),428,0.08795695800000658
vm,CPU (Numpy),428,0.2733542919999934
exec,CPU (Numpy),429,0.08944012499999587
vm,CPU (Numpy),429,0.25853674999999043
exec,CPU (Numpy),430,0.09001683300000707
vm,CPU (Numpy),430,0.26214987500000575
exec,CPU (Numpy),431,0.08841166700000258
vm,CPU (Numpy),431,0.2550727499999823
exec,CPU (Numpy),432,0.08791374999999846
vm,CPU (Numpy),432,0.2636575419999758
exec,CPU (Numpy),433,0.0900586249999975
vm,CPU (Numpy),433,0.25901745899997763
exec,CPU (Numpy),434,0.08783700000000749
vm,CPU (Numpy),434,0.2647839999999917
exec,CPU (Numpy),435,0.08973837499999604
vm,CPU (Numpy),435,0.25887795799999935
exec,CPU (Numpy),436,0.0895415420000063
vm,CPU (Numpy),436,0.265223208000009
exec,CPU (Numpy),437,0.08838337500000648
vm,CPU (Numpy),437,0.26169495899998196
exec,CPU (Numpy),438,0.08879412499999262
vm,CPU (Numpy),438,0.2602853750000236
exec,CPU (Numpy),439,0.08984395799998879
vm,CPU (Numpy),439,0.26926179199998046
exec,CPU (Numpy),440,0.08827041699998972
vm,CPU (Numpy),440,0.26213970899999595
exec,CPU (Numpy),441,0.08998858299999313
vm,CPU (Numpy),441,0.26658591699998624
exec,CPU (Numpy),442,0.08967862500000479
vm,CPU (Numpy),442,0.26910966700000927
exec,CPU (Numpy),443,0.08824079200000767
vm,CPU (Numpy),443,0.260424917000023
exec,CPU (Numpy),444,0.08887
vm,CPU (Numpy),444,0.25672783300001356
exec,CPU (Numpy),445,0.08990904200000216
vm,CPU (Numpy),445,0.25363429199998677
exec,CPU (Numpy),446,0.08927662500001077
vm,CPU (Numpy),446,0.2596630829999924
exec,CPU (Numpy),447,0.0903410420000057
vm,CPU (Numpy),447,0.25919937500000856
exec,CPU (Numpy),448,0.08966737499999056
vm,CPU (Numpy),448,0.2582182079999882
exec,CPU (Numpy),449,0.08847204200000647
vm,CPU (Numpy),449,0.26699054200000205
exec,CPU (Numpy),450,0.08999479199999882
vm,CPU (Numpy),450,0.2644753749999893
exec,CPU (Numpy),451,0.08918549999999925
vm,CPU (Numpy),451,0.263553083000005
exec,CPU (Numpy),452,0.09001508299999728
vm,CPU (Numpy),452,0.2598851249999825
exec,CPU (Numpy),453,0.09002320899999461
vm,CPU (Numpy),453,0.2559266659999935
exec,CPU (Numpy),454,0.08991904099998749
vm,CPU (Numpy),454,0.26623762500000225
exec,CPU (Numpy),455,0.08831950000001143
vm,CPU (Numpy),455,0.25934933399997817
exec,CPU (Numpy),456,0.09010145799999236
vm,CPU (Numpy),456,0.2568633749999947
exec,CPU (Numpy),457,0.08786650000000407
vm,CPU (Numpy),457,0.2718997920000277
exec,CPU (Numpy),458,0.0892408339999946
vm,CPU (Numpy),458,0.25848320800000124
exec,CPU (Numpy),459,0.09025037499999655
vm,CPU (Numpy),459,0.26876325000000634
exec,CPU (Numpy),460,0.08815541699999585
vm,CPU (Numpy),460,0.26377795900000933
exec,CPU (Numpy),461,0.08857479099999921
vm,CPU (Numpy),461,0.26912612499998545
exec,CPU (Numpy),462,0.08939383300000259
vm,CPU (Numpy),462,0.26231033299998785
exec,CPU (Numpy),463,0.08839474999999197
vm,CPU (Numpy),463,0.25759699999997565
exec,CPU (Numpy),464,0.08985504199999639
vm,CPU (Numpy),464,0.26394366599998875
exec,CPU (Numpy),465,0.09006333399999278
vm,CPU (Numpy),465,0.2584965000000068
exec,CPU (Numpy),466,0.08982008300000643
vm,CPU (Numpy),466,0.2556683329999885
exec,CPU (Numpy),467,0.08841470800000195
vm,CPU (Numpy),467,0.2713675000000251
exec,CPU (Numpy),468,0.08987604200000021
vm,CPU (Numpy),468,0.2738650000000007
exec,CPU (Numpy),469,0.08814037500000893
vm,CPU (Numpy),469,0.28515704199998027
exec,CPU (Numpy),470,0.08970633399999883
vm,CPU (Numpy),470,0.2673313749999977
exec,CPU (Numpy),471,0.09071912499999257
vm,CPU (Numpy),471,0.2800947499999893
exec,CPU (Numpy),472,0.09007049999999595
vm,CPU (Numpy),472,0.26179712499998686
exec,CPU (Numpy),473,0.08903233299999158
vm,CPU (Numpy),473,0.26170370799999887
exec,CPU (Numpy),474,0.09004966700000239
vm,CPU (Numpy),474,0.25872658300002627
exec,CPU (Numpy),475,0.08862624999999014
vm,CPU (Numpy),475,0.25816883300001336
exec,CPU (Numpy),476,0.08985241599999938
vm,CPU (Numpy),476,0.26546154199999705
exec,CPU (Numpy),477,0.09030695799999933
vm,CPU (Numpy),477,0.2657011660000137
exec,CPU (Numpy),478,0.09031679199999587
vm,CPU (Numpy),478,0.2612902499999734
exec,CPU (Numpy),479,0.08787125000000628
vm,CPU (Numpy),479,0.2629560419999848
exec,CPU (Numpy),480,0.089616208999999
vm,CPU (Numpy),480,0.26223929200000384
exec,CPU (Numpy),481,0.08810416700001156
vm,CPU (Numpy),481,0.279693041999991
exec,CPU (Numpy),482,0.09013412499999163
vm,CPU (Numpy),482,0.26117295800000306
exec,CPU (Numpy),483,0.09015974999999798
vm,CPU (Numpy),483,0.2736986669999908
exec,CPU (Numpy),484,0.08996958299999847
vm,CPU (Numpy),484,0.2655473340000185
exec,CPU (Numpy),485,0.08838937500000554
vm,CPU (Numpy),485,0.2619459999999947
exec,CPU (Numpy),486,0.09030683399998907
vm,CPU (Numpy),486,0.2632702499999766
exec,CPU (Numpy),487,0.08818779199999938
vm,CPU (Numpy),487,0.25932304200000544
exec,CPU (Numpy),488,0.088478582999997
vm,CPU (Numpy),488,0.26728112499998247
exec,CPU (Numpy),489,0.09035008299998992
vm,CPU (Numpy),489,0.2632214170000111
exec,CPU (Numpy),490,0.08992554200000313
vm,CPU (Numpy),490,0.2568270419999976
exec,CPU (Numpy),491,0.08825820900000281
vm,CPU (Numpy),491,0.25895958300000643
exec,CPU (Numpy),492,0.08956008300000917
vm,CPU (Numpy),492,0.2686989160000053
exec,CPU (Numpy),493,0.0882942920000005
vm,CPU (Numpy),493,0.26359583299998235
exec,CPU (Numpy),494,0.09033287500000142
vm,CPU (Numpy),494,0.25756862500000466
exec,CPU (Numpy),495,0.09033645899999954
vm,CPU (Numpy),495,0.26146383299999343
exec,CPU (Numpy),496,0.0898122079999979
vm,CPU (Numpy),496,0.25574649999998655
exec,CPU (Numpy),497,0.08810825000000477
vm,CPU (Numpy),497,0.2668154579999964
exec,CPU (Numpy),498,0.09034929199999908
vm,CPU (Numpy),498,0.256568499999986
exec,CPU (Numpy),499,0.08833691699999235
vm,CPU (Numpy),499,0.2754709170000069
exec,CPU (Numpy),500,0.08987620800000684
vm,CPU (Numpy),500,0.25893345800000134
exec,CPU (Numpy),501,0.0902615830000002
vm,CPU (Numpy),501,0.27011591699999826
exec,CPU (Numpy),502,0.08859883299999183
vm,CPU (Numpy),502,0.27244658399999366
exec,CPU (Numpy),503,0.08904670799999792
vm,CPU (Numpy),503,0.2645192090000137
exec,CPU (Numpy),504,0.08983991699999194
vm,CPU (Numpy),504,0.2578947079999807
exec,CPU (Numpy),505,0.08848362499999496
vm,CPU (Numpy),505,0.2591889159999994
exec,CPU (Numpy),506,0.08997391699999469
vm,CPU (Numpy),506,0.27352941600000236
exec,CPU (Numpy),507,0.09003233300001057
vm,CPU (Numpy),507,0.25757254199999124
exec,CPU (Numpy),508,0.08804550000000688
vm,CPU (Numpy),508,0.25996558299999606
exec,CPU (Numpy),509,0.08977504100000999
vm,CPU (Numpy),509,0.2680654160000131
exec,CPU (Numpy),510,0.08941054199999598
vm,CPU (Numpy),510,0.27302070899997943
exec,CPU (Numpy),511,0.0888609999999943
vm,CPU (Numpy),511,0.27603512499999283
exec,CPU (Numpy),512,0.08967120799999861
vm,CPU (Numpy),512,0.26369270800000777
exec,CPU (Numpy),513,0.09023395900000253
vm,CPU (Numpy),513,0.26035245799999984
exec,CPU (Numpy),514,0.08819724999999323
vm,CPU (Numpy),514,0.26870049999999424
exec,CPU (Numpy),515,0.08970170799999266
vm,CPU (Numpy),515,0.26279083299999684
exec,CPU (Numpy),516,0.089061375
vm,CPU (Numpy),516,0.2576024579999796
exec,CPU (Numpy),517,0.08924587499998893
vm,CPU (Numpy),517,0.25767683299997657
exec,CPU (Numpy),518,0.09029120799999646
vm,CPU (Numpy),518,0.25638962499999707
exec,CPU (Numpy),519,0.09021774999999366
vm,CPU (Numpy),519,0.26873529200000235
exec,CPU (Numpy),520,0.08805237499998952
vm,CPU (Numpy),520,0.26025679200000695
exec,CPU (Numpy),521,0.08998554099999012
vm,CPU (Numpy),521,0.26680520799999385
exec,CPU (Numpy),522,0.0885819579999918
vm,CPU (Numpy),522,0.2588984170000117
exec,CPU (Numpy),523,0.08917220800000791
vm,CPU (Numpy),523,0.26302599999999643
exec,CPU (Numpy),524,0.08941983399999742
vm,CPU (Numpy),524,0.2617774579999832
exec,CPU (Numpy),525,0.09021724999999492
vm,CPU (Numpy),525,0.2546017909999989
exec,CPU (Numpy),526,0.08838608300000317
vm,CPU (Numpy),526,0.25492133299999864
exec,CPU (Numpy),527,0.08996408299999814
vm,CPU (Numpy),527,0.26591729099999384
exec,CPU (Numpy),528,0.0881604159999938
vm,CPU (Numpy),528,0.27017879199999584
exec,CPU (Numpy),529,0.08999395800000798
vm,CPU (Numpy),529,0.26573199999998565
exec,CPU (Numpy),530,0.09003216700000394
vm,CPU (Numpy),530,0.2839606669999739
exec,CPU (Numpy),531,0.09005029200000081
vm,CPU (Numpy),531,0.26071112500000027
exec,CPU (Numpy),532,0.08851358399999754
vm,CPU (Numpy),532,0.257266125000001
exec,CPU (Numpy),533,0.09035079100000587
vm,CPU (Numpy),533,0.2607506669999964
exec,CPU (Numpy),534,0.08839812499999766
vm,CPU (Numpy),534,0.2569141669999908
exec,CPU (Numpy),535,0.09039358399999742
vm,CPU (Numpy),535,0.2545711669999946
exec,CPU (Numpy),536,0.08962612500000944
vm,CPU (Numpy),536,0.26176929199999677
exec,CPU (Numpy),537,0.09024612499999307
vm,CPU (Numpy),537,0.25903466700000877
exec,CPU (Numpy),538,0.088408833999992
vm,CPU (Numpy),538,0.2659648329999982
exec,CPU (Numpy),539,0.09020449999999869
vm,CPU (Numpy),539,0.26623783299999104
exec,CPU (Numpy),540,0.08828750000000696
vm,CPU (Numpy),540,0.2569815409999876
exec,CPU (Numpy),541,0.09016529099999104
vm,CPU (Numpy),541,0.2631162910000171
exec,CPU (Numpy),542,0.08988120800000843
vm,CPU (Numpy),542,0.27148783399999843
exec,CPU (Numpy),543,0.09015558399998724
vm,CPU (Numpy),543,0.2636114999999961
exec,CPU (Numpy),544,0.08811395799999389
vm,CPU (Numpy),544,0.2585026249999771
exec,CPU (Numpy),545,0.09010537500000737
vm,CPU (Numpy),545,0.2565496670000016
exec,CPU (Numpy),546,0.08791529100000162
vm,CPU (Numpy),546,0.2644305000000031
exec,CPU (Numpy),547,0.089124874999996
vm,CPU (Numpy),547,0.2644185420000156
exec,CPU (Numpy),548,0.0898522909999997
vm,CPU (Numpy),548,0.2568834999999865
exec,CPU (Numpy),549,0.0901142079999886
vm,CPU (Numpy),549,0.2563490409999929
exec,CPU (Numpy),550,0.08812779199999454
vm,CPU (Numpy),550,0.26240616700002306
exec,CPU (Numpy),551,0.09046545900000069
vm,CPU (Numpy),551,0.2702744999999993
exec,CPU (Numpy),552,0.0886838330000046
vm,CPU (Numpy),552,0.27214858399997865
exec,CPU (Numpy),553,0.09051629100000014
vm,CPU (Numpy),553,0.26142287499999384
exec,CPU (Numpy),554,0.08977100000001315
vm,CPU (Numpy),554,0.25550845899999786
exec,CPU (Numpy),555,0.08947775000000036
vm,CPU (Numpy),555,0.2548779159999981
exec,CPU (Numpy),556,0.08795620799999426
vm,CPU (Numpy),556,0.26890179099999045
exec,CPU (Numpy),557,0.08973566599999572
vm,CPU (Numpy),557,0.2692471670000032
exec,CPU (Numpy),558,0.08841187499999137
vm,CPU (Numpy),558,0.2546880000000158
exec,CPU (Numpy),559,0.0901368749999989
vm,CPU (Numpy),559,0.2623079169999869
exec,CPU (Numpy),560,0.09031362500000739
vm,CPU (Numpy),560,0.25869420800000853
exec,CPU (Numpy),561,0.08909533299998884
vm,CPU (Numpy),561,0.2630247499999996
exec,CPU (Numpy),562,0.08857000000000426
vm,CPU (Numpy),562,0.275737208999999
exec,CPU (Numpy),563,0.0901091249999979
vm,CPU (Numpy),563,0.26198212500000295
exec,CPU (Numpy),564,0.08817012500000487
vm,CPU (Numpy),564,0.2609389159999864
exec,CPU (Numpy),565,0.0892537080000011
vm,CPU (Numpy),565,0.26131545799998435
exec,CPU (Numpy),566,0.08830920899998773
vm,CPU (Numpy),566,0.2567427500000008
exec,CPU (Numpy),567,0.08862083400001097
vm,CPU (Numpy),567,0.267776208000015
exec,CPU (Numpy),568,0.08847129099999052
vm,CPU (Numpy),568,0.2602849999999819
exec,CPU (Numpy),569,0.09019587500000625
vm,CPU (Numpy),569,0.269558332999992
exec,CPU (Numpy),570,0.08854208300000721
vm,CPU (Numpy),570,0.2683846669999923
exec,CPU (Numpy),571,0.09017675000001191
vm,CPU (Numpy),571,0.26590062500000045
exec,CPU (Numpy),572,0.0899985000000072
vm,CPU (Numpy),572,0.27657129199999986
exec,CPU (Numpy),573,0.08765800000000468
vm,CPU (Numpy),573,0.2554350419999878
exec,CPU (Numpy),574,0.08879000000000303
vm,CPU (Numpy),574,0.2639394589999995
exec,CPU (Numpy),575,0.09004183300000079
vm,CPU (Numpy),575,0.25784929200000306
exec,CPU (Numpy),576,0.08790779200000998
vm,CPU (Numpy),576,0.2578182080000033
exec,CPU (Numpy),577,0.09013933399999985
vm,CPU (Numpy),577,0.2608443329999943
exec,CPU (Numpy),578,0.09026525000000163
vm,CPU (Numpy),578,0.26511616599998433
exec,CPU (Numpy),579,0.08824387500000341
vm,CPU (Numpy),579,0.27032929199998534
exec,CPU (Numpy),580,0.08981537500000059
vm,CPU (Numpy),580,0.2708336670000051
exec,CPU (Numpy),581,0.08896491699999842
vm,CPU (Numpy),581,0.2613255830000014
exec,CPU (Numpy),582,0.08927179199999102
vm,CPU (Numpy),582,0.2614872910000088
exec,CPU (Numpy),583,0.08996774999999957
vm,CPU (Numpy),583,0.2635967089999838
exec,CPU (Numpy),584,0.09000545799999315
vm,CPU (Numpy),584,0.25921308400000953
exec,CPU (Numpy),585,0.08807987500000536
vm,CPU (Numpy),585,0.2537303750000035
exec,CPU (Numpy),586,0.09019400000001099
vm,CPU (Numpy),586,0.26656662499999584
exec,CPU (Numpy),587,0.0885923749999904
vm,CPU (Numpy),587,0.2624392499999999
exec,CPU (Numpy),588,0.08954354200000125
vm,CPU (Numpy),588,0.26638270799998054
exec,CPU (Numpy),589,0.08997949999999832
vm,CPU (Numpy),589,0.25872245799999405
exec,CPU (Numpy),590,0.08983616700000141
vm,CPU (Numpy),590,0.27290225000001556
exec,CPU (Numpy),591,0.08818820900000901
vm,CPU (Numpy),591,0.26009216699998206
exec,CPU (Numpy),592,0.09002837500000282
vm,CPU (Numpy),592,0.2668308330000002
exec,CPU (Numpy),593,0.08869233299999735
vm,CPU (Numpy),593,0.26751683300000195
exec,CPU (Numpy),594,0.09009179100000608
vm,CPU (Numpy),594,0.27148475000001326
exec,CPU (Numpy),595,0.0900802910000067
vm,CPU (Numpy),595,0.27610500000000116
exec,CPU (Numpy),596,0.08992050000000518
vm,CPU (Numpy),596,0.27233300000000327
exec,CPU (Numpy),597,0.08827712499999052
vm,CPU (Numpy),597,0.2642340419999982
exec,CPU (Numpy),598,0.08974862499999858
vm,CPU (Numpy),598,0.2648062080000102
exec,CPU (Numpy),599,0.08823195899999803
vm,CPU (Numpy),599,0.2549122920000002
exec,CPU (Numpy),600,0.08973291600000266
vm,CPU (Numpy),600,0.26109575000000973
exec,CPU (Numpy),601,0.08872195899999724
vm,CPU (Numpy),601,0.27085245899999677
exec,CPU (Numpy),602,0.08980937500000152
vm,CPU (Numpy),602,0.26938558399999124
exec,CPU (Numpy),603,0.088218083000001
vm,CPU (Numpy),603,0.25952433299997324
exec,CPU (Numpy),604,0.08984725000000537
vm,CPU (Numpy),604,0.2647887500000081
exec,CPU (Numpy),605,0.08815958299999238
vm,CPU (Numpy),605,0.26506279200000904
exec,CPU (Numpy),606,0.0897656249999983
vm,CPU (Numpy),606,0.25676541600000746
exec,CPU (Numpy),607,0.09001054099999806
vm,CPU (Numpy),607,0.2610553750000122
exec,CPU (Numpy),608,0.08976649999999609
vm,CPU (Numpy),608,0.25955708300000424
exec,CPU (Numpy),609,0.08851791700000433
vm,CPU (Numpy),609,0.2730525829999806
exec,CPU (Numpy),610,0.0903482920000016
vm,CPU (Numpy),610,0.265509542000018
exec,CPU (Numpy),611,0.08827979200000868
vm,CPU (Numpy),611,0.26342758399999866
exec,CPU (Numpy),612,0.08985337500000412
vm,CPU (Numpy),612,0.2687297909999984
exec,CPU (Numpy),613,0.09005816699999514
vm,CPU (Numpy),613,0.2589831669999967
exec,CPU (Numpy),614,0.09018587499998887
vm,CPU (Numpy),614,0.27211670799999865
exec,CPU (Numpy),615,0.08822520799999722
vm,CPU (Numpy),615,0.2657667499999832
exec,CPU (Numpy),616,0.08962649999999428
vm,CPU (Numpy),616,0.26456179199999497
exec,CPU (Numpy),617,0.08847379099999841
vm,CPU (Numpy),617,0.2752897080000025
exec,CPU (Numpy),618,0.08991808300000059
vm,CPU (Numpy),618,0.2619067919999907
exec,CPU (Numpy),619,0.0902572499999934
vm,CPU (Numpy),619,0.26189433300001497
exec,CPU (Numpy),620,0.08906216600000505
vm,CPU (Numpy),620,0.26004525000001877
exec,CPU (Numpy),621,0.08846199999999271
vm,CPU (Numpy),621,0.26381549999999265
exec,CPU (Numpy),622,0.08988158299999327
vm,CPU (Numpy),622,0.2626388329999827
exec,CPU (Numpy),623,0.08807024999998703
vm,CPU (Numpy),623,0.26137595900002
exec,CPU (Numpy),624,0.08970795899999473
vm,CPU (Numpy),624,0.2631703749999872
exec,CPU (Numpy),625,0.09034862500000429
vm,CPU (Numpy),625,0.25577566600000523
exec,CPU (Numpy),626,0.08849454100000287
vm,CPU (Numpy),626,0.27119020799997884
exec,CPU (Numpy),627,0.08888474999999119
vm,CPU (Numpy),627,0.26370737499999564
exec,CPU (Numpy),628,0.08978887499999644
vm,CPU (Numpy),628,0.26002641700000595
exec,CPU (Numpy),629,0.08804904199999442
vm,CPU (Numpy),629,0.2582957090000093
exec,CPU (Numpy),630,0.09000770800000168
vm,CPU (Numpy),630,0.26837895799999956
exec,CPU (Numpy),631,0.09019924999999773
vm,CPU (Numpy),631,0.2624772499999892
exec,CPU (Numpy),632,0.08830033399999593
vm,CPU (Numpy),632,0.2888280829999985
exec,CPU (Numpy),633,0.08945345800000837
vm,CPU (Numpy),633,0.25952904199999693
exec,CPU (Numpy),634,0.09017987500000402
vm,CPU (Numpy),634,0.2645700000000204
exec,CPU (Numpy),635,0.08811912500000574
vm,CPU (Numpy),635,0.2679250829999944
exec,CPU (Numpy),636,0.0892009159999958
vm,CPU (Numpy),636,0.2765474579999818
exec,CPU (Numpy),637,0.08978441600000053
vm,CPU (Numpy),637,0.26892404199998055
exec,CPU (Numpy),638,0.08846245899999872
vm,CPU (Numpy),638,0.260880874999998
exec,CPU (Numpy),639,0.08933050000000264
vm,CPU (Numpy),639,0.2596598749999828
exec,CPU (Numpy),640,0.08876312499999983
vm,CPU (Numpy),640,0.2625981249999825
exec,CPU (Numpy),641,0.08899525000001063
vm,CPU (Numpy),641,0.2704231660000005
exec,CPU (Numpy),642,0.09007787499999154
vm,CPU (Numpy),642,0.2660989170000221
exec,CPU (Numpy),643,0.09017195900000274
vm,CPU (Numpy),643,0.2638584579999872
exec,CPU (Numpy),644,0.08801766700000258
vm,CPU (Numpy),644,0.2561451250000175
exec,CPU (Numpy),645,0.08969554200000118
vm,CPU (Numpy),645,0.2615582919999895
exec,CPU (Numpy),646,0.08913358399999538
vm,CPU (Numpy),646,0.2592356250000023
exec,CPU (Numpy),647,0.0900578749999994
vm,CPU (Numpy),647,0.25611295799998857
exec,CPU (Numpy),648,0.08960354200000609
vm,CPU (Numpy),648,0.259747209000011
exec,CPU (Numpy),649,0.09031570800000566
vm,CPU (Numpy),649,0.2593050409999762
exec,CPU (Numpy),650,0.08928145899999151
vm,CPU (Numpy),650,0.26041533400001526
exec,CPU (Numpy),651,0.0905301250000008
vm,CPU (Numpy),651,0.2729085839999925
exec,CPU (Numpy),652,0.08848908299999891
vm,CPU (Numpy),652,0.2665580000000034
exec,CPU (Numpy),653,0.08994979099999512
vm,CPU (Numpy),653,0.264274625000013
exec,CPU (Numpy),654,0.08994391699999937
vm,CPU (Numpy),654,0.2581489579999925
exec,CPU (Numpy),655,0.08991566600001022
vm,CPU (Numpy),655,0.2601439169999935
exec,CPU (Numpy),656,0.08807649999999967
vm,CPU (Numpy),656,0.2552761669999768
exec,CPU (Numpy),657,0.09011658299999681
vm,CPU (Numpy),657,0.26861224999998967
exec,CPU (Numpy),658,0.08813662499998998
vm,CPU (Numpy),658,0.2578990410000017
exec,CPU (Numpy),659,0.09011679099999981
vm,CPU (Numpy),659,0.2704397919999906
exec,CPU (Numpy),660,0.08999345799999503
vm,CPU (Numpy),660,0.2649012500000083
exec,CPU (Numpy),661,0.09009629199999836
vm,CPU (Numpy),661,0.25778458300001716
exec,CPU (Numpy),662,0.08808766699999637
vm,CPU (Numpy),662,0.26325149999999553
exec,CPU (Numpy),663,0.0901229999999913
vm,CPU (Numpy),663,0.2671484159999977
exec,CPU (Numpy),664,0.0882292499999977
vm,CPU (Numpy),664,0.2626389579999966
exec,CPU (Numpy),665,0.09033537500000932
vm,CPU (Numpy),665,0.2714061670000092
exec,CPU (Numpy),666,0.08979883299998903
vm,CPU (Numpy),666,0.2613363750000133
exec,CPU (Numpy),667,0.09027412499999343
vm,CPU (Numpy),667,0.2656168750000063
exec,CPU (Numpy),668,0.08808550000000537
vm,CPU (Numpy),668,0.27344850000000065
exec,CPU (Numpy),669,0.09005829099999119
vm,CPU (Numpy),669,0.2580583329999797
exec,CPU (Numpy),670,0.0881949169999956
vm,CPU (Numpy),670,0.25977620899999465
exec,CPU (Numpy),671,0.08996637499998883
vm,CPU (Numpy),671,0.26574329199999625
exec,CPU (Numpy),672,0.08942695799999001
vm,CPU (Numpy),672,0.2677106670000171
exec,CPU (Numpy),673,0.09020004200000642
vm,CPU (Numpy),673,0.25535891699999524
exec,CPU (Numpy),674,0.08848441700000365
vm,CPU (Numpy),674,0.261214625000008
exec,CPU (Numpy),675,0.09014274999999827
vm,CPU (Numpy),675,0.27026687500000435
exec,CPU (Numpy),676,0.08852504200000055
vm,CPU (Numpy),676,0.26623391600000446
exec,CPU (Numpy),677,0.09001183300000548
vm,CPU (Numpy),677,0.2738648329999762
exec,CPU (Numpy),678,0.08998183300001017
vm,CPU (Numpy),678,0.26317320799998356
exec,CPU (Numpy),679,0.08974316700000884
vm,CPU (Numpy),679,0.2553031670000223
exec,CPU (Numpy),680,0.0880894579999989
vm,CPU (Numpy),680,0.25938645900001234
exec,CPU (Numpy),681,0.09024374999999907
vm,CPU (Numpy),681,0.26168583300000137
exec,CPU (Numpy),682,0.08828783299999543
vm,CPU (Numpy),682,0.26045854199998075
exec,CPU (Numpy),683,0.09028204199999834
vm,CPU (Numpy),683,0.26399504199997637
exec,CPU (Numpy),684,0.08980254200000104
vm,CPU (Numpy),684,0.27170091599998614
exec,CPU (Numpy),685,0.08918833399999926
vm,CPU (Numpy),685,0.2615778750000004
exec,CPU (Numpy),686,0.08830766600000572
vm,CPU (Numpy),686,0.25929066700001613
exec,CPU (Numpy),687,0.09030533300000343
vm,CPU (Numpy),687,0.27148400000001516
exec,CPU (Numpy),688,0.08809220800000617
vm,CPU (Numpy),688,0.26086037499999293
exec,CPU (Numpy),689,0.09015370900000619
vm,CPU (Numpy),689,0.26312991699998634
exec,CPU (Numpy),690,0.09035779100000241
vm,CPU (Numpy),690,0.2582682499999862
exec,CPU (Numpy),691,0.08857729199999653
vm,CPU (Numpy),691,0.26791695899999013
exec,CPU (Numpy),692,0.08899137499999199
vm,CPU (Numpy),692,0.2616934170000036
exec,CPU (Numpy),693,0.0899570830000016
vm,CPU (Numpy),693,0.2573447080000051
exec,CPU (Numpy),694,0.08860400000000368
vm,CPU (Numpy),694,0.26371470800000907
exec,CPU (Numpy),695,0.09019358300000135
vm,CPU (Numpy),695,0.25709887499999695
exec,CPU (Numpy),696,0.09015300000000082
vm,CPU (Numpy),696,0.26862308299999427
exec,CPU (Numpy),697,0.08846841700000141
vm,CPU (Numpy),697,0.25921916600000827
exec,CPU (Numpy),698,0.08899512499999673
vm,CPU (Numpy),698,0.27172154199999454
exec,CPU (Numpy),699,0.08897408299999654
vm,CPU (Numpy),699,0.2606565000000103
exec,CPU (Numpy),700,0.08869254100000035
vm,CPU (Numpy),700,0.261045791000015
exec,CPU (Numpy),701,0.09022966700000268
vm,CPU (Numpy),701,0.2596586669999965
exec,CPU (Numpy),702,0.08987195800000336
vm,CPU (Numpy),702,0.262381041999987
exec,CPU (Numpy),703,0.08813429199999234
vm,CPU (Numpy),703,0.25847516600001086
exec,CPU (Numpy),704,0.09016783299999531
vm,CPU (Numpy),704,0.257787124999993
exec,CPU (Numpy),705,0.0886794999999978
vm,CPU (Numpy),705,0.26171166699998594
exec,CPU (Numpy),706,0.0892305420000099
vm,CPU (Numpy),706,0.2613520830000198
exec,CPU (Numpy),707,0.0901331660000011
vm,CPU (Numpy),707,0.2628522500000372
exec,CPU (Numpy),708,0.08985958399999561
vm,CPU (Numpy),708,0.27379633300000705
exec,CPU (Numpy),709,0.08862379199999282
vm,CPU (Numpy),709,0.264651458000003
exec,CPU (Numpy),710,0.08978983299999754
vm,CPU (Numpy),710,0.256702458999996
exec,CPU (Numpy),711,0.08838829199999054
vm,CPU (Numpy),711,0.27218675000000303
exec,CPU (Numpy),712,0.08990587499999947
vm,CPU (Numpy),712,0.27384437500001013
exec,CPU (Numpy),713,0.09014058399999669
vm,CPU (Numpy),713,0.2581627499999968
exec,CPU (Numpy),714,0.09043675000000917
vm,CPU (Numpy),714,0.2690056250000339
exec,CPU (Numpy),715,0.08847358299999541
vm,CPU (Numpy),715,0.25802558300000555
exec,CPU (Numpy),716,0.08973012499998845
vm,CPU (Numpy),716,0.25866170800003374
exec,CPU (Numpy),717,0.08843875000000878
vm,CPU (Numpy),717,0.2589307089999693
exec,CPU (Numpy),718,0.08995695800000192
vm,CPU (Numpy),718,0.2691468340000256
exec,CPU (Numpy),719,0.09025316700000019
vm,CPU (Numpy),719,0.2654645829999822
exec,CPU (Numpy),720,0.09016608299999973
vm,CPU (Numpy),720,0.25899425000000065
exec,CPU (Numpy),721,0.088348584000002
vm,CPU (Numpy),721,0.2643523749999872
exec,CPU (Numpy),722,0.0902158750000126
vm,CPU (Numpy),722,0.2636437500000284
exec,CPU (Numpy),723,0.08827945800000236
vm,CPU (Numpy),723,0.2610028340000099
exec,CPU (Numpy),724,0.08989462499999945
vm,CPU (Numpy),724,0.257094249999966
exec,CPU (Numpy),725,0.09029158299999551
vm,CPU (Numpy),725,0.2583848749999902
exec,CPU (Numpy),726,0.09022500000000377
vm,CPU (Numpy),726,0.255460625000012
exec,CPU (Numpy),727,0.08957395800000256
vm,CPU (Numpy),727,0.2578956670000139
exec,CPU (Numpy),728,0.09000683399999332
vm,CPU (Numpy),728,0.270102583000039
exec,CPU (Numpy),729,0.08826520799999571
vm,CPU (Numpy),729,0.26206045800000766
exec,CPU (Numpy),730,0.08997012500000778
vm,CPU (Numpy),730,0.2632211669999833
exec,CPU (Numpy),731,0.09034612499999639
vm,CPU (Numpy),731,0.26473754099998814
exec,CPU (Numpy),732,0.0895211670000009
vm,CPU (Numpy),732,0.26428237500005025
exec,CPU (Numpy),733,0.08867666700000143
vm,CPU (Numpy),733,0.2647349169999984
exec,CPU (Numpy),734,0.08963212499999429
vm,CPU (Numpy),734,0.259742000000017
exec,CPU (Numpy),735,0.08866025000000377
vm,CPU (Numpy),735,0.2593277920000219
exec,CPU (Numpy),736,0.08963054100000534
vm,CPU (Numpy),736,0.26916004100002056
exec,CPU (Numpy),737,0.09029379100000767
vm,CPU (Numpy),737,0.2656012079999641
exec,CPU (Numpy),738,0.09008916700000213
vm,CPU (Numpy),738,0.25942520800003877
exec,CPU (Numpy),739,0.08784458400000972
vm,CPU (Numpy),739,0.2614902079999979
exec,CPU (Numpy),740,0.08960516600001256
vm,CPU (Numpy),740,0.2546469170000023
exec,CPU (Numpy),741,0.08802991700000007
vm,CPU (Numpy),741,0.25589162500000384
exec,CPU (Numpy),742,0.08975962499999923
vm,CPU (Numpy),742,0.2673459170000001
exec,CPU (Numpy),743,0.09033412499999827
vm,CPU (Numpy),743,0.25832195800001045
exec,CPU (Numpy),744,0.08930891700001098
vm,CPU (Numpy),744,0.25688866699999835
exec,CPU (Numpy),745,0.08801116700000478
vm,CPU (Numpy),745,0.26191454199999953
exec,CPU (Numpy),746,0.08995862499999419
vm,CPU (Numpy),746,0.25711004199996523
exec,CPU (Numpy),747,0.08815983299999175
vm,CPU (Numpy),747,0.26166604200000165
exec,CPU (Numpy),748,0.08962029200000643
vm,CPU (Numpy),748,0.2618902499999649
exec,CPU (Numpy),749,0.09023025000001894
vm,CPU (Numpy),749,0.2557339169999864
exec,CPU (Numpy),750,0.08867133300000773
vm,CPU (Numpy),750,0.26461425000002237
exec,CPU (Numpy),751,0.08914191700000629
vm,CPU (Numpy),751,0.26251408399997445
exec,CPU (Numpy),752,0.08995670800001676
vm,CPU (Numpy),752,0.26145491699998047
exec,CPU (Numpy),753,0.08890083299999674
vm,CPU (Numpy),753,0.2586901249999869
exec,CPU (Numpy),754,0.08974000000000615
vm,CPU (Numpy),754,0.25646645799997714
exec,CPU (Numpy),755,0.0899334579999902
vm,CPU (Numpy),755,0.26870733300000893
exec,CPU (Numpy),756,0.08836575000000835
vm,CPU (Numpy),756,0.2571318749999705
exec,CPU (Numpy),757,0.08968041700001095
vm,CPU (Numpy),757,0.25811175000001185
exec,CPU (Numpy),758,0.08893404099998747
vm,CPU (Numpy),758,0.2597242500000334
exec,CPU (Numpy),759,0.08892325000002188
vm,CPU (Numpy),759,0.26388295900000003
exec,CPU (Numpy),760,0.09004000000001611
vm,CPU (Numpy),760,0.26932358400000567
exec,CPU (Numpy),761,0.09031241600001749
vm,CPU (Numpy),761,0.2896785410000007
exec,CPU (Numpy),762,0.08832416699999612
vm,CPU (Numpy),762,0.2619389169999522
exec,CPU (Numpy),763,0.08969808300000182
vm,CPU (Numpy),763,0.2793834579999839
exec,CPU (Numpy),764,0.08910424999999123
vm,CPU (Numpy),764,0.25908449999997174
exec,CPU (Numpy),765,0.08931595799998604
vm,CPU (Numpy),765,0.26007087500005355
exec,CPU (Numpy),766,0.09018233300000134
vm,CPU (Numpy),766,0.261982334000038
exec,CPU (Numpy),767,0.09010991700000659
vm,CPU (Numpy),767,0.2651524169999675
exec,CPU (Numpy),768,0.08824095800000009
vm,CPU (Numpy),768,0.2609785419999753
exec,CPU (Numpy),769,0.09030804200000375
vm,CPU (Numpy),769,0.2569801669999947
exec,CPU (Numpy),770,0.0883596250000096
vm,CPU (Numpy),770,0.2637693749999812
exec,CPU (Numpy),771,0.09004329200001848
vm,CPU (Numpy),771,0.2656682079999655
exec,CPU (Numpy),772,0.08998345800000607
vm,CPU (Numpy),772,0.2768643750000024
exec,CPU (Numpy),773,0.08979408299998681
vm,CPU (Numpy),773,0.2778109590000213
exec,CPU (Numpy),774,0.08887124999998264
vm,CPU (Numpy),774,0.2601439169999935
exec,CPU (Numpy),775,0.09036483299999531
vm,CPU (Numpy),775,0.2627321669999674
exec,CPU (Numpy),776,0.08844962500000975
vm,CPU (Numpy),776,0.2621484999999666
exec,CPU (Numpy),777,0.09072912499999575
vm,CPU (Numpy),777,0.25865691600000673
exec,CPU (Numpy),778,0.0902231249999943
vm,CPU (Numpy),778,0.2774852919999944
exec,CPU (Numpy),779,0.08996291700000825
vm,CPU (Numpy),779,0.2699858340000105
exec,CPU (Numpy),780,0.08836437499999761
vm,CPU (Numpy),780,0.2622204580000016
exec,CPU (Numpy),781,0.09001237499998638
vm,CPU (Numpy),781,0.26415954100002637
exec,CPU (Numpy),782,0.08826308400000471
vm,CPU (Numpy),782,0.26471566699996174
exec,CPU (Numpy),783,0.09013908299999684
vm,CPU (Numpy),783,0.2626880419999793
exec,CPU (Numpy),784,0.08997704099999737
vm,CPU (Numpy),784,0.2606007079999699
exec,CPU (Numpy),785,0.08994624999999701
vm,CPU (Numpy),785,0.25890112499996576
exec,CPU (Numpy),786,0.08813845899999251
vm,CPU (Numpy),786,0.2599740420000103
exec,CPU (Numpy),787,0.08995295899998723
vm,CPU (Numpy),787,0.26827854200001866
exec,CPU (Numpy),788,0.08798479200001452
vm,CPU (Numpy),788,0.2584078329999784
exec,CPU (Numpy),789,0.08999429200000009
vm,CPU (Numpy),789,0.27105366600000025
exec,CPU (Numpy),790,0.09019333300000199
vm,CPU (Numpy),790,0.27815120799999704
exec,CPU (Numpy),791,0.0902662499999849
vm,CPU (Numpy),791,0.2653392909999752
exec,CPU (Numpy),792,0.08833270900001366
vm,CPU (Numpy),792,0.2598258340000257
exec,CPU (Numpy),793,0.08992075000000455
vm,CPU (Numpy),793,0.2642469589999905
exec,CPU (Numpy),794,0.08816674999999918
vm,CPU (Numpy),794,0.27766362499994557
exec,CPU (Numpy),795,0.09022579200001246
vm,CPU (Numpy),795,0.2669379999999819
exec,CPU (Numpy),796,0.0901069580000069
vm,CPU (Numpy),796,0.26083795800002463
exec,CPU (Numpy),797,0.08950245799999834
vm,CPU (Numpy),797,0.2603113339999936
exec,CPU (Numpy),798,0.08815054100000452
vm,CPU (Numpy),798,0.2615385839999931
exec,CPU (Numpy),799,0.09025274999999056
vm,CPU (Numpy),799,0.2659011659999919
exec,CPU (Numpy),800,0.08833612499998367
vm,CPU (Numpy),800,0.26423466699998244
exec,CPU (Numpy),801,0.09013416700000221
vm,CPU (Numpy),801,0.26985033400001157
exec,CPU (Numpy),802,0.09011545800001386
vm,CPU (Numpy),802,0.26887841699999626
exec,CPU (Numpy),803,0.08921020799999724
vm,CPU (Numpy),803,0.2723942920000013
exec,CPU (Numpy),804,0.08843295799999851
vm,CPU (Numpy),804,0.27244000000001733
exec,CPU (Numpy),805,0.09019104200001493
vm,CPU (Numpy),805,0.2714140830000247
exec,CPU (Numpy),806,0.0881668330000025
vm,CPU (Numpy),806,0.2558471250000025
exec,CPU (Numpy),807,0.0902098340000066
vm,CPU (Numpy),807,0.26054304100000536
exec,CPU (Numpy),808,0.08965162500001611
vm,CPU (Numpy),808,0.2615512909999893
exec,CPU (Numpy),809,0.08858966700000792
vm,CPU (Numpy),809,0.2610367089999954
exec,CPU (Numpy),810,0.08709475000000566
vm,CPU (Numpy),810,0.2631059579999828
exec,CPU (Numpy),811,0.0899886249999895
vm,CPU (Numpy),811,0.2622555410000018
exec,CPU (Numpy),812,0.08849775000001614
vm,CPU (Numpy),812,0.27441020800000615
exec,CPU (Numpy),813,0.08859791699998709
vm,CPU (Numpy),813,0.2596182909999811
exec,CPU (Numpy),814,0.08994879200000128
vm,CPU (Numpy),814,0.2650324580000074
exec,CPU (Numpy),815,0.08804404200000704
vm,CPU (Numpy),815,0.26757154099999525
exec,CPU (Numpy),816,0.08883512500000279
vm,CPU (Numpy),816,0.25734845800002404
exec,CPU (Numpy),817,0.0888889159999735
vm,CPU (Numpy),817,0.2592520000000036
exec,CPU (Numpy),818,0.0890496669999834
vm,CPU (Numpy),818,0.2712377920000222
exec,CPU (Numpy),819,0.08999512500000151
vm,CPU (Numpy),819,0.26248508400004766
exec,CPU (Numpy),820,0.08976524999999924
vm,CPU (Numpy),820,0.2713886660000071
exec,CPU (Numpy),821,0.08835420799999838
vm,CPU (Numpy),821,0.2609930829999598
exec,CPU (Numpy),822,0.08976166599998692
vm,CPU (Numpy),822,0.2636170830000424
exec,CPU (Numpy),823,0.08931237499999156
vm,CPU (Numpy),823,0.26423704199999065
exec,CPU (Numpy),824,0.08989508400000545
vm,CPU (Numpy),824,0.26461054100002457
exec,CPU (Numpy),825,0.09033220899999606
vm,CPU (Numpy),825,0.26110049999999774
exec,CPU (Numpy),826,0.08986275000000887
vm,CPU (Numpy),826,0.26695670800000926
exec,CPU (Numpy),827,0.08831683299999327
vm,CPU (Numpy),827,0.265548707999983
exec,CPU (Numpy),828,0.08969662500001618
vm,CPU (Numpy),828,0.2587744169999837
exec,CPU (Numpy),829,0.08857016700000031
vm,CPU (Numpy),829,0.26274004200001855
exec,CPU (Numpy),830,0.08972725000000992
vm,CPU (Numpy),830,0.2593924999999899
exec,CPU (Numpy),831,0.0902903340000023
vm,CPU (Numpy),831,0.25857525000003534
exec,CPU (Numpy),832,0.08982887499999492
vm,CPU (Numpy),832,0.26644429200001696
exec,CPU (Numpy),833,0.088608416999989
vm,CPU (Numpy),833,0.27044991700000764
exec,CPU (Numpy),834,0.09060766700000045
vm,CPU (Numpy),834,0.26201970799996843
exec,CPU (Numpy),835,0.08850858399998174
vm,CPU (Numpy),835,0.26812275000003183
exec,CPU (Numpy),836,0.0898243329999957
vm,CPU (Numpy),836,0.26103866700003664
exec,CPU (Numpy),837,0.09002225000000408
vm,CPU (Numpy),837,0.2536872499999845
exec,CPU (Numpy),838,0.09001558399998544
vm,CPU (Numpy),838,0.26004875000000993
exec,CPU (Numpy),839,0.08792529200002264
vm,CPU (Numpy),839,0.2685381250000205
exec,CPU (Numpy),840,0.0900380840000139
vm,CPU (Numpy),840,0.25658895899999834
exec,CPU (Numpy),841,0.08839100000000144
vm,CPU (Numpy),841,0.26510658400002285
exec,CPU (Numpy),842,0.09007316599999626
vm,CPU (Numpy),842,0.2696944999999573
exec,CPU (Numpy),843,0.09016975000000116
vm,CPU (Numpy),843,0.2557982079999874
exec,CPU (Numpy),844,0.09016712499999358
vm,CPU (Numpy),844,0.2649932089999538
exec,CPU (Numpy),845,0.08811512500000163
vm,CPU (Numpy),845,0.26854412500000535
exec,CPU (Numpy),846,0.09015266700001234
vm,CPU (Numpy),846,0.2748891659999799
exec,CPU (Numpy),847,0.08808479199998942
vm,CPU (Numpy),847,0.2631095840000057
exec,CPU (Numpy),848,0.08985970899999529
vm,CPU (Numpy),848,0.26704295799999045
exec,CPU (Numpy),849,0.0902717090000067
vm,CPU (Numpy),849,0.2713867499999765
exec,CPU (Numpy),850,0.08998024999999643
vm,CPU (Numpy),850,0.27284212500001104
exec,CPU (Numpy),851,0.08790220899999213
vm,CPU (Numpy),851,0.26381658299999344
exec,CPU (Numpy),852,0.08987204100000667
vm,CPU (Numpy),852,0.27032758300003934
exec,CPU (Numpy),853,0.08910554199999865
vm,CPU (Numpy),853,0.2749445420000143
exec,CPU (Numpy),854,0.09043687499999464
vm,CPU (Numpy),854,0.26813437499998827
exec,CPU (Numpy),855,0.09019720800000641
vm,CPU (Numpy),855,0.2629276669999854
exec,CPU (Numpy),856,0.08943904099999145
vm,CPU (Numpy),856,0.2654510409999489
exec,CPU (Numpy),857,0.08830329099998835
vm,CPU (Numpy),857,0.26373991599996316
exec,CPU (Numpy),858,0.08986558399999467
vm,CPU (Numpy),858,0.2610164580000287
exec,CPU (Numpy),859,0.08781879199997888
vm,CPU (Numpy),859,0.261360916000001
exec,CPU (Numpy),860,0.08961833300000421
vm,CPU (Numpy),860,0.25886391700004197
exec,CPU (Numpy),861,0.09041054200000076
vm,CPU (Numpy),861,0.2737107910000418
exec,CPU (Numpy),862,0.08933158399997865
vm,CPU (Numpy),862,0.2618044580000287
exec,CPU (Numpy),863,0.08803799999998319
vm,CPU (Numpy),863,0.26831904199997325
exec,CPU (Numpy),864,0.08982141699999602
vm,CPU (Numpy),864,0.27917870800001765
exec,CPU (Numpy),865,0.08807508300000677
vm,CPU (Numpy),865,0.2649215840000352
exec,CPU (Numpy),866,0.08980612499999552
vm,CPU (Numpy),866,0.26110316599999805
exec,CPU (Numpy),867,0.09014516700000286
vm,CPU (Numpy),867,0.25853358299997353
exec,CPU (Numpy),868,0.08831087499999057
vm,CPU (Numpy),868,0.26735816600000817
exec,CPU (Numpy),869,0.08893683399998054
vm,CPU (Numpy),869,0.2619707910000102
exec,CPU (Numpy),870,0.08984270799999194
vm,CPU (Numpy),870,0.258476083000005
exec,CPU (Numpy),871,0.0882398749999993
vm,CPU (Numpy),871,0.2671234999999683
exec,CPU (Numpy),872,0.08960204199999566
vm,CPU (Numpy),872,0.2597569580000254
exec,CPU (Numpy),873,0.09018912499999487
vm,CPU (Numpy),873,0.26030783300001303
exec,CPU (Numpy),874,0.08850224999997636
vm,CPU (Numpy),874,0.25674637499997743
exec,CPU (Numpy),875,0.08898537499999293
vm,CPU (Numpy),875,0.265833500000042
exec,CPU (Numpy),876,0.08857283399999005
vm,CPU (Numpy),876,0.26263137499995537
exec,CPU (Numpy),877,0.08880233300001805
vm,CPU (Numpy),877,0.2539376670000024
exec,CPU (Numpy),878,0.09005725000000098
vm,CPU (Numpy),878,0.26528249999995523
exec,CPU (Numpy),879,0.09022891699999036
vm,CPU (Numpy),879,0.26824458300001197
exec,CPU (Numpy),880,0.08819891699999971
vm,CPU (Numpy),880,0.2577263750000043
exec,CPU (Numpy),881,0.089846332999997
vm,CPU (Numpy),881,0.2641892909999797
exec,CPU (Numpy),882,0.088797416999995
vm,CPU (Numpy),882,0.27116941600002065
exec,CPU (Numpy),883,0.08905162499999619
vm,CPU (Numpy),883,0.25656462500001
exec,CPU (Numpy),884,0.08965404199997806
vm,CPU (Numpy),884,0.2560589999999934
exec,CPU (Numpy),885,0.08933133299998985
vm,CPU (Numpy),885,0.2672139169999923
exec,CPU (Numpy),886,0.08793054199998096
vm,CPU (Numpy),886,0.27187208299994836
exec,CPU (Numpy),887,0.09003987500000221
vm,CPU (Numpy),887,0.2810391250000066
exec,CPU (Numpy),888,0.08854995799998733
vm,CPU (Numpy),888,0.27165070900002775
exec,CPU (Numpy),889,0.08987537499999121
vm,CPU (Numpy),889,0.26691270800000666
exec,CPU (Numpy),890,0.0902051249999829
vm,CPU (Numpy),890,0.26445883299999196
exec,CPU (Numpy),891,0.09002166599998418
vm,CPU (Numpy),891,0.26222862499997746
exec,CPU (Numpy),892,0.08791366599999151
vm,CPU (Numpy),892,0.2642662499999915
exec,CPU (Numpy),893,0.09034045900000365
vm,CPU (Numpy),893,0.2585055000000125
exec,CPU (Numpy),894,0.08845845799999097
vm,CPU (Numpy),894,0.26963191700002653
exec,CPU (Numpy),895,0.0899128749999818
vm,CPU (Numpy),895,0.26030574999998635
exec,CPU (Numpy),896,0.09003154100000188
vm,CPU (Numpy),896,0.25916354200001024
exec,CPU (Numpy),897,0.08991187500001274
vm,CPU (Numpy),897,0.26352345800000876
exec,CPU (Numpy),898,0.08813929099997608
vm,CPU (Numpy),898,0.27520866700001534
exec,CPU (Numpy),899,0.09037941700000829
vm,CPU (Numpy),899,0.2583217910000144
exec,CPU (Numpy),900,0.08803033300000607
vm,CPU (Numpy),900,0.2597991250000291
exec,CPU (Numpy),901,0.0903679999999838
vm,CPU (Numpy),901,0.26205804099998886
exec,CPU (Numpy),902,0.09007329199999958
vm,CPU (Numpy),902,0.26720466699998724
exec,CPU (Numpy),903,0.08917995900000619
vm,CPU (Numpy),903,0.2657316670000114
exec,CPU (Numpy),904,0.08850766599999815
vm,CPU (Numpy),904,0.2599446250000028
exec,CPU (Numpy),905,0.09037991700000703
vm,CPU (Numpy),905,0.2599707499999795
exec,CPU (Numpy),906,0.08937095799998929
vm,CPU (Numpy),906,0.2559248329999946
exec,CPU (Numpy),907,0.09025966699999799
vm,CPU (Numpy),907,0.25688100000002123
exec,CPU (Numpy),908,0.09014837499998407
vm,CPU (Numpy),908,0.26228766699995276
exec,CPU (Numpy),909,0.08996049999998945
vm,CPU (Numpy),909,0.26115854199997557
exec,CPU (Numpy),910,0.08827591700000426
vm,CPU (Numpy),910,0.2720284589999551
exec,CPU (Numpy),911,0.08996191699998235
vm,CPU (Numpy),911,0.25546966699999984
exec,CPU (Numpy),912,0.08811699999998268
vm,CPU (Numpy),912,0.2704741250000211
exec,CPU (Numpy),913,0.09042937500001358
vm,CPU (Numpy),913,0.2618544160000056
exec,CPU (Numpy),914,0.09024237500000254
vm,CPU (Numpy),914,0.26647429199999806
exec,CPU (Numpy),915,0.08972362500000486
vm,CPU (Numpy),915,0.2598920840000005
exec,CPU (Numpy),916,0.08807016700001213
vm,CPU (Numpy),916,0.2646704160000013
exec,CPU (Numpy),917,0.09046683299999358
vm,CPU (Numpy),917,0.2561796250000157
exec,CPU (Numpy),918,0.08847645899999179
vm,CPU (Numpy),918,0.26829512500000874
exec,CPU (Numpy),919,0.08837179099998593
vm,CPU (Numpy),919,0.2636305000000334
exec,CPU (Numpy),920,0.09009629099998051
vm,CPU (Numpy),920,0.26203229100002545
exec,CPU (Numpy),921,0.08938166699999783
vm,CPU (Numpy),921,0.2631897919999915
exec,CPU (Numpy),922,0.08836029099998655
vm,CPU (Numpy),922,0.2679126250000081
exec,CPU (Numpy),923,0.09000545799997894
vm,CPU (Numpy),923,0.25963895900002854
exec,CPU (Numpy),924,0.08795874999998432
vm,CPU (Numpy),924,0.25730229200001986
exec,CPU (Numpy),925,0.09022437499999114
vm,CPU (Numpy),925,0.2639441250000232
exec,CPU (Numpy),926,0.09015533300001266
vm,CPU (Numpy),926,0.25764329200001157
exec,CPU (Numpy),927,0.08869562499998551
vm,CPU (Numpy),927,0.2652689999999893
exec,CPU (Numpy),928,0.08864862499999049
vm,CPU (Numpy),928,0.26187495800002125
exec,CPU (Numpy),929,0.09009362499998019
vm,CPU (Numpy),929,0.26849387500004696
exec,CPU (Numpy),930,0.0882142910000141
vm,CPU (Numpy),930,0.27324149999998326
exec,CPU (Numpy),931,0.08991745800000217
vm,CPU (Numpy),931,0.26588858399998117
exec,CPU (Numpy),932,0.08955745800000159
vm,CPU (Numpy),932,0.25895420799997737
exec,CPU (Numpy),933,0.08852062500000102
vm,CPU (Numpy),933,0.262160166000001
exec,CPU (Numpy),934,0.08998408299999028
vm,CPU (Numpy),934,0.2651176249999594
exec,CPU (Numpy),935,0.08951704200001132
vm,CPU (Numpy),935,0.258095375000039
exec,CPU (Numpy),936,0.08885091599998418
vm,CPU (Numpy),936,0.26009945800001333
exec,CPU (Numpy),937,0.09015954199998077
vm,CPU (Numpy),937,0.2731322500000033
exec,CPU (Numpy),938,0.09020633299999758
vm,CPU (Numpy),938,0.2655352919999814
exec,CPU (Numpy),939,0.08804641700001525
vm,CPU (Numpy),939,0.2639958329999672
exec,CPU (Numpy),940,0.08979387499999802
vm,CPU (Numpy),940,0.273488250000014
exec,CPU (Numpy),941,0.08915870800001358
vm,CPU (Numpy),941,0.27137100000004466
exec,CPU (Numpy),942,0.08976695900000209
vm,CPU (Numpy),942,0.25739654099999143
exec,CPU (Numpy),943,0.08936583299998802
vm,CPU (Numpy),943,0.2676380419999873
exec,CPU (Numpy),944,0.08973362500000803
vm,CPU (Numpy),944,0.25948462500002734
exec,CPU (Numpy),945,0.08906362499999432
vm,CPU (Numpy),945,0.2685519579999891
exec,CPU (Numpy),946,0.08986808299999893
vm,CPU (Numpy),946,0.2606946249999851
exec,CPU (Numpy),947,0.08853445799999804
vm,CPU (Numpy),947,0.25643620799996825
exec,CPU (Numpy),948,0.08970579100000009
vm,CPU (Numpy),948,0.2808007909999901
exec,CPU (Numpy),949,0.09018245800001523
vm,CPU (Numpy),949,0.2708419169999843
exec,CPU (Numpy),950,0.0897039580000012
vm,CPU (Numpy),950,0.27072208300000966
exec,CPU (Numpy),951,0.08818408299998737
vm,CPU (Numpy),951,0.2679822079999781
exec,CPU (Numpy),952,0.09009462499997767
vm,CPU (Numpy),952,0.2604444169999738
exec,CPU (Numpy),953,0.08803562500000339
vm,CPU (Numpy),953,0.26136016700002074
exec,CPU (Numpy),954,0.08936258299999622
vm,CPU (Numpy),954,0.2634849159999817
exec,CPU (Numpy),955,0.09038704100001382
vm,CPU (Numpy),955,0.2656650000000127
exec,CPU (Numpy),956,0.08975150000000554
vm,CPU (Numpy),956,0.27259762500000306
exec,CPU (Numpy),957,0.08817220800000314
vm,CPU (Numpy),957,0.2625383749999628
exec,CPU (Numpy),958,0.09000083300000483
vm,CPU (Numpy),958,0.26514795899998944
exec,CPU (Numpy),959,0.08746624999997721
vm,CPU (Numpy),959,0.2648833750000108
exec,CPU (Numpy),960,0.09008620800000244
vm,CPU (Numpy),960,0.26163758400002735
exec,CPU (Numpy),961,0.09038737500000593
vm,CPU (Numpy),961,0.2629972500000122
exec,CPU (Numpy),962,0.09008937499999092
vm,CPU (Numpy),962,0.2672062500000152
exec,CPU (Numpy),963,0.08814900000001558
vm,CPU (Numpy),963,0.2607411670000488
exec,CPU (Numpy),964,0.0896975839999925
vm,CPU (Numpy),964,0.2612632910000343
exec,CPU (Numpy),965,0.08826949999999556
vm,CPU (Numpy),965,0.26885958399998344
exec,CPU (Numpy),966,0.08992312499998434
vm,CPU (Numpy),966,0.27075820900000735
exec,CPU (Numpy),967,0.090232541000006
vm,CPU (Numpy),967,0.2787538750000067
exec,CPU (Numpy),968,0.08973745800000188
vm,CPU (Numpy),968,0.2670475830000214
exec,CPU (Numpy),969,0.08836008299999776
vm,CPU (Numpy),969,0.26694295800001555
exec,CPU (Numpy),970,0.08968812500000922
vm,CPU (Numpy),970,0.2572552910000354
exec,CPU (Numpy),971,0.08830812499999752
vm,CPU (Numpy),971,0.27514574999997876
exec,CPU (Numpy),972,0.08986908399998583
vm,CPU (Numpy),972,0.2560085000000072
exec,CPU (Numpy),973,0.09014350000001059
vm,CPU (Numpy),973,0.2615018340000006
exec,CPU (Numpy),974,0.0892892920000179
vm,CPU (Numpy),974,0.2633281669999974
exec,CPU (Numpy),975,0.08809658300000933
vm,CPU (Numpy),975,0.2664387909999846
exec,CPU (Numpy),976,0.09019016700000293
vm,CPU (Numpy),976,0.26067062499998883
exec,CPU (Numpy),977,0.08803141699999628
vm,CPU (Numpy),977,0.2604719589999718
exec,CPU (Numpy),978,0.0898096250000151
vm,CPU (Numpy),978,0.26644349999997985
exec,CPU (Numpy),979,0.08941879200000358
vm,CPU (Numpy),979,0.2602309999999761
exec,CPU (Numpy),980,0.08871191599999406
vm,CPU (Numpy),980,0.26736449999998513
exec,CPU (Numpy),981,0.0883184159999928
vm,CPU (Numpy),981,0.29046658300001127
exec,CPU (Numpy),982,0.08978583299997922
vm,CPU (Numpy),982,0.27068308299999444
exec,CPU (Numpy),983,0.0880505410000012
vm,CPU (Numpy),983,0.26898504199999707
exec,CPU (Numpy),984,0.08985649999999623
vm,CPU (Numpy),984,0.2684950839999942
exec,CPU (Numpy),985,0.09018245800001523
vm,CPU (Numpy),985,0.27121091699996214
exec,CPU (Numpy),986,0.08848533300002259
vm,CPU (Numpy),986,0.2718444159999649
exec,CPU (Numpy),987,0.08863245799997799
vm,CPU (Numpy),987,0.27427358400001367
exec,CPU (Numpy),988,0.08997029200000384
vm,CPU (Numpy),988,0.269922667000003
exec,CPU (Numpy),989,0.08858408300000065
vm,CPU (Numpy),989,0.27141095799998993
exec,CPU (Numpy),990,0.0903297499999951
vm,CPU (Numpy),990,0.282481458999996
exec,CPU (Numpy),991,0.09008808300001192
vm,CPU (Numpy),991,0.2618918749999466
exec,CPU (Numpy),992,0.08866954100000157
vm,CPU (Numpy),992,0.2774044160000244
exec,CPU (Numpy),993,0.08972412499997517
vm,CPU (Numpy),993,0.2632150000000024
exec,CPU (Numpy),994,0.08985733299999765
vm,CPU (Numpy),994,0.2717940419999536
exec,CPU (Numpy),995,0.08914275000000771
vm,CPU (Numpy),995,0.27291174999999157
exec,CPU (Numpy),996,0.08980687500002205
vm,CPU (Numpy),996,0.27004375000001346
exec,CPU (Numpy),997,0.09011991599999192
vm,CPU (Numpy),997,0.27797625000005155
exec,CPU (Numpy),998,0.08820062499998471
vm,CPU (Numpy),998,0.2696684169999912
exec,CPU (Numpy),999,0.09020424999999932
vm,CPU (Numpy),999,0.28163420800001404
exec,CPU (Numpy),1000,0.08910774999998239
vm,CPU (Numpy),1000,0.27016816700000845
exec,CoreML (ALL),1,0.00030658400000049824
vm,CoreML (ALL),1,0.0002837919999993943
exec,CoreML (ALL),2,0.0002779580000016324
vm,CoreML (ALL),2,0.0002356250000001836
exec,CoreML (ALL),3,0.0002738329999996125
vm,CoreML (ALL),3,0.00025637499999930924
exec,CoreML (ALL),4,0.0002684169999991326
vm,CoreML (ALL),4,0.0002530830000004869
exec,CoreML (ALL),5,0.0002689169999996466
vm,CoreML (ALL),5,0.00026612499999956185
exec,CoreML (ALL),6,0.000266292000000945
vm,CoreML (ALL),6,0.00025116599999996936
exec,CoreML (ALL),7,0.0002486660000009522
vm,CoreML (ALL),7,0.00026575000000050863
exec,CoreML (ALL),8,0.0002492920000012333
vm,CoreML (ALL),8,0.00024116600000034794
exec,CoreML (ALL),9,0.0002510420000003677
vm,CoreML (ALL),9,0.000244458999999253
exec,CoreML (ALL),10,0.00024941699999914135
vm,CoreML (ALL),10,0.00025950000000030116
exec,CoreML (ALL),11,0.00024487499999992224
vm,CoreML (ALL),11,0.00025720799999895405
exec,CoreML (ALL),12,0.0002502500000005625
vm,CoreML (ALL),12,0.0002084169999996277
exec,CoreML (ALL),13,0.00024900000000016576
vm,CoreML (ALL),13,0.00018474999999895658
exec,CoreML (ALL),14,0.00024854199999957416
vm,CoreML (ALL),14,0.0001921669999997988
exec,CoreML (ALL),15,0.0002503340000004073
vm,CoreML (ALL),15,0.0001886249999998313
exec,CoreML (ALL),16,0.00024741700000063815
vm,CoreML (ALL),16,0.00019308299999920564
exec,CoreML (ALL),17,0.0002514589999993433
vm,CoreML (ALL),17,0.00021245800000002646
exec,CoreML (ALL),18,0.0002475419999985462
vm,CoreML (ALL),18,0.00022266699999917705
exec,CoreML (ALL),19,0.00024783399999961375
vm,CoreML (ALL),19,0.00024104200000074627
exec,CoreML (ALL),20,0.0002491659999996898
vm,CoreML (ALL),20,0.00023666699999935759
exec,CoreML (ALL),21,0.0002422910000010603
vm,CoreML (ALL),21,0.00020808400000049687
exec,CoreML (ALL),22,0.0002475410000002398
vm,CoreML (ALL),22,0.00019499999999972317
exec,CoreML (ALL),23,0.00024987499999973295
vm,CoreML (ALL),23,0.0002081250000003365
exec,CoreML (ALL),24,0.00024812500000059856
vm,CoreML (ALL),24,0.00021245800000002646
exec,CoreML (ALL),25,0.0002497499999982722
vm,CoreML (ALL),25,0.00019416599999999562
exec,CoreML (ALL),26,0.0002442909999995635
vm,CoreML (ALL),26,0.00018900000000066086
exec,CoreML (ALL),27,0.0002502920000004849
vm,CoreML (ALL),27,0.00023949999999928195
exec,CoreML (ALL),28,0.000248874999998705
vm,CoreML (ALL),28,0.00019012499999959687
exec,CoreML (ALL),29,0.0002487499999990206
vm,CoreML (ALL),29,0.00018412500000053456
exec,CoreML (ALL),30,0.0002477079999998466
vm,CoreML (ALL),30,0.00021887499999984072
exec,CoreML (ALL),31,0.00024391700000059302
vm,CoreML (ALL),31,0.00019187499999873125
exec,CoreML (ALL),32,0.0002482080000003606
vm,CoreML (ALL),32,0.00024924999999953457
exec,CoreML (ALL),33,0.00024879199999894297
vm,CoreML (ALL),33,0.0002464169999996102
exec,CoreML (ALL),34,0.0002492079999996122
vm,CoreML (ALL),34,0.00020354200000127776
exec,CoreML (ALL),35,0.0002496670000002865
vm,CoreML (ALL),35,0.00017899999999926308
exec,CoreML (ALL),36,0.0002435829999996031
vm,CoreML (ALL),36,0.00019112499999884847
exec,CoreML (ALL),37,0.0002504170000001693
vm,CoreML (ALL),37,0.00018541699999907735
exec,CoreML (ALL),38,0.00024912499999985016
vm,CoreML (ALL),38,0.00018783300000002612
exec,CoreML (ALL),39,0.00024875000000079694
vm,CoreML (ALL),39,0.0001918750000005076
exec,CoreML (ALL),40,0.00025399999999997647
vm,CoreML (ALL),40,0.00018925000000002967
exec,CoreML (ALL),41,0.0002670000000009054
vm,CoreML (ALL),41,0.0001980830000007927
exec,CoreML (ALL),42,0.00026554199999928585
vm,CoreML (ALL),42,0.00019145799999975566
exec,CoreML (ALL),43,0.00026624999999924626
vm,CoreML (ALL),43,0.00018766699999872571
exec,CoreML (ALL),44,0.0002627500000009775
vm,CoreML (ALL),44,0.0002054579999999362
exec,CoreML (ALL),45,0.00026554199999928585
vm,CoreML (ALL),45,0.0002297089999991897
exec,CoreML (ALL),46,0.00026287499999888553
vm,CoreML (ALL),46,0.00021549999999948
exec,CoreML (ALL),47,0.0002675830000011814
vm,CoreML (ALL),47,0.0002185000000007875
exec,CoreML (ALL),48,0.0002590409999996268
vm,CoreML (ALL),48,0.0002208330000001979
exec,CoreML (ALL),49,0.0002632919999996375
vm,CoreML (ALL),49,0.0002185000000007875
exec,CoreML (ALL),50,0.0002634999999990839
vm,CoreML (ALL),50,0.00021379100000018525
exec,CoreML (ALL),51,0.00038037499999887814
vm,CoreML (ALL),51,0.000289957999999757
exec,CoreML (ALL),52,0.0002793749999998596
vm,CoreML (ALL),52,0.0002632499999997151
exec,CoreML (ALL),53,0.00026475000000125704
vm,CoreML (ALL),53,0.0002533749999997781
exec,CoreML (ALL),54,0.0002606250000010135
vm,CoreML (ALL),54,0.00024729200000095375
exec,CoreML (ALL),55,0.0002607500000006979
vm,CoreML (ALL),55,0.000247832999999531
exec,CoreML (ALL),56,0.00026508300000038787
vm,CoreML (ALL),56,0.00025966699999990794
exec,CoreML (ALL),57,0.00026658300000015345
vm,CoreML (ALL),57,0.0002524580000002885
exec,CoreML (ALL),58,0.00026087500000038233
vm,CoreML (ALL),58,0.00023608400000085794
exec,CoreML (ALL),59,0.00026145800000065833
vm,CoreML (ALL),59,0.000223083999999929
exec,CoreML (ALL),60,0.0002617919999998719
vm,CoreML (ALL),60,0.00024941699999914135
exec,CoreML (ALL),61,0.0002631250000000307
vm,CoreML (ALL),61,0.00023091699999966409
exec,CoreML (ALL),62,0.00026316599999987034
vm,CoreML (ALL),62,0.00022233299999996348
exec,CoreML (ALL),63,0.00026654199999853745
vm,CoreML (ALL),63,0.0002525000000002109
exec,CoreML (ALL),64,0.00026558399999920823
vm,CoreML (ALL),64,0.00023383299999935048
exec,CoreML (ALL),65,0.0002631669999999531
vm,CoreML (ALL),65,0.00024574999999948943
exec,CoreML (ALL),66,0.00026037499999986835
vm,CoreML (ALL),66,0.00023979199999857315
exec,CoreML (ALL),67,0.0002639579999996755
vm,CoreML (ALL),67,0.00023612500000069758
exec,CoreML (ALL),68,0.00026400000000137425
vm,CoreML (ALL),68,0.00026166600000010476
exec,CoreML (ALL),69,0.00026504199999877187
vm,CoreML (ALL),69,0.0002616670000001875
exec,CoreML (ALL),70,0.0002621669999989251
vm,CoreML (ALL),70,0.00022079100000027552
exec,CoreML (ALL),71,0.0002677080000008658
vm,CoreML (ALL),71,0.0002307500000000573
exec,CoreML (ALL),72,0.00026370900000038944
vm,CoreML (ALL),72,0.000236791999999042
exec,CoreML (ALL),73,0.00026687499999944464
vm,CoreML (ALL),73,0.00024795899999929816
exec,CoreML (ALL),74,0.00026083300000045995
vm,CoreML (ALL),74,0.00024175000000070668
exec,CoreML (ALL),75,0.00026350000000086027
vm,CoreML (ALL),75,0.0002514169999994209
exec,CoreML (ALL),76,0.0002615000000005807
vm,CoreML (ALL),76,0.00023645799999982842
exec,CoreML (ALL),77,0.0002664170000006294
vm,CoreML (ALL),77,0.00024737500000071577
exec,CoreML (ALL),78,0.00025791700000077356
vm,CoreML (ALL),78,0.0002634590000010206
exec,CoreML (ALL),79,0.00026245799999990993
vm,CoreML (ALL),79,0.00025962499999998556
exec,CoreML (ALL),80,0.00026037499999986835
vm,CoreML (ALL),80,0.0002479999999991378
exec,CoreML (ALL),81,0.0002636250000005447
vm,CoreML (ALL),81,0.00023529100000097003
exec,CoreML (ALL),82,0.00026370900000038944
vm,CoreML (ALL),82,0.00026295799999864755
exec,CoreML (ALL),83,0.0002649170000008638
vm,CoreML (ALL),83,0.00023933299999967517
exec,CoreML (ALL),84,0.00026166600000010476
vm,CoreML (ALL),84,0.0002379159999996716
exec,CoreML (ALL),85,0.0002632919999996375
vm,CoreML (ALL),85,0.0002372499999996336
exec,CoreML (ALL),86,0.00025216700000108005
vm,CoreML (ALL),86,0.00026037499999986835
exec,CoreML (ALL),87,0.00026512500000031025
vm,CoreML (ALL),87,0.00023491600000014046
exec,CoreML (ALL),88,0.0002622500000004635
vm,CoreML (ALL),88,0.00023429099999994207
exec,CoreML (ALL),89,0.00026216600000061874
vm,CoreML (ALL),89,0.00024970800000012616
exec,CoreML (ALL),90,0.0002585829999990352
vm,CoreML (ALL),90,0.00024800000000091416
exec,CoreML (ALL),91,0.0002659170000001154
vm,CoreML (ALL),91,0.00025070799999937776
exec,CoreML (ALL),92,0.0002642079999990443
vm,CoreML (ALL),92,0.00030899999999967065
exec,CoreML (ALL),93,0.0002672500000002742
vm,CoreML (ALL),93,0.00024529100000059145
exec,CoreML (ALL),94,0.00026554100000097947
vm,CoreML (ALL),94,0.0002467500000005174
exec,CoreML (ALL),95,0.00026504200000054823
vm,CoreML (ALL),95,0.00023616700000061996
exec,CoreML (ALL),96,0.0002647079999995583
vm,CoreML (ALL),96,0.00024937499999921897
exec,CoreML (ALL),97,0.0002680420000000794
vm,CoreML (ALL),97,0.0002463749999996878
exec,CoreML (ALL),98,0.00026333399999955986
vm,CoreML (ALL),98,0.0002341670000003404
exec,CoreML (ALL),99,0.00026345799999916153
vm,CoreML (ALL),99,0.0002517500000003281
exec,CoreML (ALL),100,0.00026391699999983587
vm,CoreML (ALL),100,0.00024083299999944074
exec,CoreML (ALL),101,0.002274375000000717
vm,CoreML (ALL),101,0.00029699999999976967
exec,CoreML (ALL),102,0.0010641249999991942
vm,CoreML (ALL),102,0.00024683299999850306
exec,CoreML (ALL),103,0.000844417000001485
vm,CoreML (ALL),103,0.0002450409999994463
exec,CoreML (ALL),104,0.0007977090000004239
vm,CoreML (ALL),104,0.00022566600000040182
exec,CoreML (ALL),105,0.0007874169999997349
vm,CoreML (ALL),105,0.00023712499999994918
exec,CoreML (ALL),106,0.0007860419999996537
vm,CoreML (ALL),106,0.00025095800000052293
exec,CoreML (ALL),107,0.0007780000000003895
vm,CoreML (ALL),107,0.0002617090000001099
exec,CoreML (ALL),108,0.000785291999999771
vm,CoreML (ALL),108,0.00023599999999923682
exec,CoreML (ALL),109,0.0007840829999992138
vm,CoreML (ALL),109,0.0002417919999988527
exec,CoreML (ALL),110,0.0007798750000009846
vm,CoreML (ALL),110,0.00021587500000030957
exec,CoreML (ALL),111,0.0007773340000003515
vm,CoreML (ALL),111,0.00025520800000045085
exec,CoreML (ALL),112,0.000781542000000357
vm,CoreML (ALL),112,0.00023354200000014202
exec,CoreML (ALL),113,0.0007824159999998415
vm,CoreML (ALL),113,0.0002563750000010856
exec,CoreML (ALL),114,0.000781124999999605
vm,CoreML (ALL),114,0.00021870900000031668
exec,CoreML (ALL),115,0.0007832089999997294
vm,CoreML (ALL),115,0.0002549579999993057
exec,CoreML (ALL),116,0.0007834160000008694
vm,CoreML (ALL),116,0.00023408399999880203
exec,CoreML (ALL),117,0.0007864170000004833
vm,CoreML (ALL),117,0.00022020799999999952
exec,CoreML (ALL),118,0.000782083999999017
vm,CoreML (ALL),118,0.00026379200000015146
exec,CoreML (ALL),119,0.0007782909999995979
vm,CoreML (ALL),119,0.0002422910000010603
exec,CoreML (ALL),120,0.0007817909999996431
vm,CoreML (ALL),120,0.00024120800000027032
exec,CoreML (ALL),121,0.0007815830000001966
vm,CoreML (ALL),121,0.00021516700000034916
exec,CoreML (ALL),122,0.0007833749999992534
vm,CoreML (ALL),122,0.00024258400000043423
exec,CoreML (ALL),123,0.0007810839999997654
vm,CoreML (ALL),123,0.00022808399999973972
exec,CoreML (ALL),124,0.0007767080000000703
vm,CoreML (ALL),124,0.0002308749999997417
exec,CoreML (ALL),125,0.0007691249999997041
vm,CoreML (ALL),125,0.00028508399999971346
exec,CoreML (ALL),126,0.0007981249999993167
vm,CoreML (ALL),126,0.00024733400000087613
exec,CoreML (ALL),127,0.000780000000000669
vm,CoreML (ALL),127,0.00023237499999950728
exec,CoreML (ALL),128,0.0007929999999998216
vm,CoreML (ALL),128,0.0002474169999988618
exec,CoreML (ALL),129,0.0007824999999996862
vm,CoreML (ALL),129,0.00025220900000100244
exec,CoreML (ALL),130,0.0007879170000002489
vm,CoreML (ALL),130,0.00023779200000006995
exec,CoreML (ALL),131,0.000771750000000182
vm,CoreML (ALL),131,0.00021975000000118428
exec,CoreML (ALL),132,0.0007887499999998937
vm,CoreML (ALL),132,0.00025658400000061476
exec,CoreML (ALL),133,0.0007826249999993706
vm,CoreML (ALL),133,0.00024983299999981057
exec,CoreML (ALL),134,0.0007779159999987684
vm,CoreML (ALL),134,0.0002365410000013668
exec,CoreML (ALL),135,0.000783249999999569
vm,CoreML (ALL),135,0.00022954099999950017
exec,CoreML (ALL),136,0.000784874999999019
vm,CoreML (ALL),136,0.00022437500000016541
exec,CoreML (ALL),137,0.0007819999999991722
vm,CoreML (ALL),137,0.0002725420000011525
exec,CoreML (ALL),138,0.0007874999999994969
vm,CoreML (ALL),138,0.00024337500000015666
exec,CoreML (ALL),139,0.0007951249999997856
vm,CoreML (ALL),139,0.00022850000000040893
exec,CoreML (ALL),140,0.0007880829999997729
vm,CoreML (ALL),140,0.00024012499999948034
exec,CoreML (ALL),141,0.0007936669999999424
vm,CoreML (ALL),141,0.00023866699999963714
exec,CoreML (ALL),142,0.0007861669999993381
vm,CoreML (ALL),142,0.00023108400000104723
exec,CoreML (ALL),143,0.0007854589999993777
vm,CoreML (ALL),143,0.00024287500000141904
exec,CoreML (ALL),144,0.0007888750000013545
vm,CoreML (ALL),144,0.000257541999999944
exec,CoreML (ALL),145,0.0013257499999994593
vm,CoreML (ALL),145,0.00022633299999874623
exec,CoreML (ALL),146,0.0009370410000002494
vm,CoreML (ALL),146,0.00026487500000094144
exec,CoreML (ALL),147,0.0007834159999990931
vm,CoreML (ALL),147,0.0002477079999998466
exec,CoreML (ALL),148,0.0007746250000000288
vm,CoreML (ALL),148,0.0002412500000001927
exec,CoreML (ALL),149,0.0007692909999992281
vm,CoreML (ALL),149,0.0002525829999999729
exec,CoreML (ALL),150,0.0007674170000004921
vm,CoreML (ALL),150,0.00024283300000149666
exec,CoreML (ALL),151,0.0010767079999993712
vm,CoreML (ALL),151,0.000298542000001234
exec,CoreML (ALL),152,0.0008372500000000116
vm,CoreML (ALL),152,0.00024495799999968426
exec,CoreML (ALL),153,0.0007937089999998648
vm,CoreML (ALL),153,0.00021966599999956316
exec,CoreML (ALL),154,0.0007787080000003499
vm,CoreML (ALL),154,0.00026224999999868714
exec,CoreML (ALL),155,0.0007740419999997528
vm,CoreML (ALL),155,0.0002282920000009625
exec,CoreML (ALL),156,0.0007801250000003535
vm,CoreML (ALL),156,0.0002579580000006132
exec,CoreML (ALL),157,0.000772833000000972
vm,CoreML (ALL),157,0.00023245899999935205
exec,CoreML (ALL),158,0.0007808330000003139
vm,CoreML (ALL),158,0.0002446670000004758
exec,CoreML (ALL),159,0.0007792500000007863
vm,CoreML (ALL),159,0.00024904200000008814
exec,CoreML (ALL),160,0.0008832919999992583
vm,CoreML (ALL),160,0.0002343750000015632
exec,CoreML (ALL),161,0.0009285419999986999
vm,CoreML (ALL),161,0.00024079200000137746
exec,CoreML (ALL),162,0.0007803749999997223
vm,CoreML (ALL),162,0.00024545800000019824
exec,CoreML (ALL),163,0.000773540999999156
vm,CoreML (ALL),163,0.00023658400000137192
exec,CoreML (ALL),164,0.000774416999998806
vm,CoreML (ALL),164,0.00022891700000116089
exec,CoreML (ALL),165,0.0007677920000013216
vm,CoreML (ALL),165,0.0002420829999998375
exec,CoreML (ALL),166,0.0007818329999995655
vm,CoreML (ALL),166,0.0002472919999991774
exec,CoreML (ALL),167,0.0007809999999999206
vm,CoreML (ALL),167,0.00023845800000010797
exec,CoreML (ALL),168,0.000772791999999356
vm,CoreML (ALL),168,0.00022666699999973616
exec,CoreML (ALL),169,0.0007722920000006184
vm,CoreML (ALL),169,0.00024804099999897744
exec,CoreML (ALL),170,0.0007739170000000684
vm,CoreML (ALL),170,0.000244334000001345
exec,CoreML (ALL),171,0.0007751249999987664
vm,CoreML (ALL),171,0.0002777500000004096
exec,CoreML (ALL),172,0.0007825830000012246
vm,CoreML (ALL),172,0.00024825000000028297
exec,CoreML (ALL),173,0.0007859999999997314
vm,CoreML (ALL),173,0.00024412500000003945
exec,CoreML (ALL),174,0.000771750000000182
vm,CoreML (ALL),174,0.000259915999999194
exec,CoreML (ALL),175,0.0007770409999992012
vm,CoreML (ALL),175,0.000236333000000144
exec,CoreML (ALL),176,0.0007878330000004041
vm,CoreML (ALL),176,0.00022808399999973972
exec,CoreML (ALL),177,0.0007866659999997694
vm,CoreML (ALL),177,0.00023924999999991314
exec,CoreML (ALL),178,0.0007858340000002073
vm,CoreML (ALL),178,0.00023845800000010797
exec,CoreML (ALL),179,0.000792624999998992
vm,CoreML (ALL),179,0.00023641699999998878
exec,CoreML (ALL),180,0.0007861250000011921
vm,CoreML (ALL),180,0.00023029200000124206
exec,CoreML (ALL),181,0.0007734169999995544
vm,CoreML (ALL),181,0.00026562499999904787
exec,CoreML (ALL),182,0.0007870419999989053
vm,CoreML (ALL),182,0.0002484579999997294
exec,CoreML (ALL),183,0.0007772089999988907
vm,CoreML (ALL),183,0.00021599999999999397
exec,CoreML (ALL),184,0.0008008750000012554
vm,CoreML (ALL),184,0.0002790830000005684
exec,CoreML (ALL),185,0.0007811250000013814
vm,CoreML (ALL),185,0.0002215410000001583
exec,CoreML (ALL),186,0.0007762910000010947
vm,CoreML (ALL),186,0.00024404200000027743
exec,CoreML (ALL),187,0.0007804169999996446
vm,CoreML (ALL),187,0.0002458750000009502
exec,CoreML (ALL),188,0.0007735000000010928
vm,CoreML (ALL),188,0.00023937499999959755
exec,CoreML (ALL),189,0.0008016659999992015
vm,CoreML (ALL),189,0.0002463339999998482
exec,CoreML (ALL),190,0.0007727079999995112
vm,CoreML (ALL),190,0.00024395800000043266
exec,CoreML (ALL),191,0.0007792910000006259
vm,CoreML (ALL),191,0.00024620900000016377
exec,CoreML (ALL),192,0.0007756249999992804
vm,CoreML (ALL),192,0.00023995900000173265
exec,CoreML (ALL),193,0.0007717080000002596
vm,CoreML (ALL),193,0.00023299999999970566
exec,CoreML (ALL),194,0.0007852499999998486
vm,CoreML (ALL),194,0.00021300000000046282
exec,CoreML (ALL),195,0.0007759170000003479
vm,CoreML (ALL),195,0.0002353750000008148
exec,CoreML (ALL),196,0.0007859589999998917
vm,CoreML (ALL),196,0.00024629099999984305
exec,CoreML (ALL),197,0.000786999999998983
vm,CoreML (ALL),197,0.0002572089999990368
exec,CoreML (ALL),198,0.0007875000000012733
vm,CoreML (ALL),198,0.00023929199999983553
exec,CoreML (ALL),199,0.0007963340000003427
vm,CoreML (ALL),199,0.0002447920000001602
exec,CoreML (ALL),200,0.0007914580000001337
vm,CoreML (ALL),200,0.00023441699999970922
exec,CoreML (ALL),201,0.000978209000001229
vm,CoreML (ALL),201,0.00027824999999914724
exec,CoreML (ALL),202,0.0008157089999993872
vm,CoreML (ALL),202,0.0002469579999999638
exec,CoreML (ALL),203,0.0008270830000007834
vm,CoreML (ALL),203,0.00024287499999964268
exec,CoreML (ALL),204,0.0007728329999991956
vm,CoreML (ALL),204,0.00025037500000024693
exec,CoreML (ALL),205,0.0007745840000001891
vm,CoreML (ALL),205,0.0002372079999997112
exec,CoreML (ALL),206,0.0007739159999999856
vm,CoreML (ALL),206,0.00025416699999958325
exec,CoreML (ALL),207,0.0007878330000004041
vm,CoreML (ALL),207,0.00024141699999979949
exec,CoreML (ALL),208,0.0007690829999997817
vm,CoreML (ALL),208,0.00022849999999863257
exec,CoreML (ALL),209,0.0007901249999999749
vm,CoreML (ALL),209,0.0002341670000003404
exec,CoreML (ALL),210,0.0007742499999991992
vm,CoreML (ALL),210,0.0002433749999983803
exec,CoreML (ALL),211,0.0007827920000007538
vm,CoreML (ALL),211,0.00023358299999998167
exec,CoreML (ALL),212,0.0007768749999996771
vm,CoreML (ALL),212,0.00023179199999923128
exec,CoreML (ALL),213,0.0007756670000009791
vm,CoreML (ALL),213,0.00026695900000106576
exec,CoreML (ALL),214,0.0007765000000006239
vm,CoreML (ALL),214,0.00023662500000121156
exec,CoreML (ALL),215,0.000773792000000384
vm,CoreML (ALL),215,0.00022104099999964433
exec,CoreML (ALL),216,0.0007783749999994427
vm,CoreML (ALL),216,0.0002752499999996161
exec,CoreML (ALL),217,0.000779917000000907
vm,CoreML (ALL),217,0.00025987499999935437
exec,CoreML (ALL),218,0.0007790419999995635
vm,CoreML (ALL),218,0.00023995799999987355
exec,CoreML (ALL),219,0.0007732080000000252
vm,CoreML (ALL),219,0.00026020800000026156
exec,CoreML (ALL),220,0.0007794580000002327
vm,CoreML (ALL),220,0.0002227079999990167
exec,CoreML (ALL),221,0.0007677500000013993
vm,CoreML (ALL),221,0.0002353330000008924
exec,CoreML (ALL),222,0.0007800830000004311
vm,CoreML (ALL),222,0.00021366700000058358
exec,CoreML (ALL),223,0.0007623330000008366
vm,CoreML (ALL),223,0.0002473339999990998
exec,CoreML (ALL),224,0.0007831249999998846
vm,CoreML (ALL),224,0.0002386659999995544
exec,CoreML (ALL),225,0.000767332999998871
vm,CoreML (ALL),225,0.00021500000000074238
exec,CoreML (ALL),226,0.0007752089999986111
vm,CoreML (ALL),226,0.00021658300000026998
exec,CoreML (ALL),227,0.0007802500000000379
vm,CoreML (ALL),227,0.0002404170000005479
exec,CoreML (ALL),228,0.0007891670000006457
vm,CoreML (ALL),228,0.0002640829999993599
exec,CoreML (ALL),229,0.0007852499999998486
vm,CoreML (ALL),229,0.00023345900000038
exec,CoreML (ALL),230,0.0007840829999992138
vm,CoreML (ALL),230,0.0002525829999999729
exec,CoreML (ALL),231,0.0007861249999994158
vm,CoreML (ALL),231,0.00024099999999904753
exec,CoreML (ALL),232,0.0008032089999989722
vm,CoreML (ALL),232,0.00023362499999990405
exec,CoreML (ALL),233,0.0007691660000013201
vm,CoreML (ALL),233,0.0002261249999992998
exec,CoreML (ALL),234,0.0007844999999999658
vm,CoreML (ALL),234,0.0002334579999985209
exec,CoreML (ALL),235,0.0007745000000003444
vm,CoreML (ALL),235,0.00025387500000029206
exec,CoreML (ALL),236,0.0007814579999987359
vm,CoreML (ALL),236,0.0002505419999998537
exec,CoreML (ALL),237,0.0007862499999991002
vm,CoreML (ALL),237,0.0002543329999991073
exec,CoreML (ALL),238,0.0007884170000007629
vm,CoreML (ALL),238,0.000237957999999594
exec,CoreML (ALL),239,0.0007745000000003444
vm,CoreML (ALL),239,0.0002675419999995654
exec,CoreML (ALL),240,0.0007760420000000323
vm,CoreML (ALL),240,0.0002419580000001531
exec,CoreML (ALL),241,0.0007833750000010298
vm,CoreML (ALL),241,0.0002390840000003891
exec,CoreML (ALL),242,0.0007857499999985862
vm,CoreML (ALL),242,0.00022979199999895172
exec,CoreML (ALL),243,0.0007836250000003986
vm,CoreML (ALL),243,0.00023933299999967517
exec,CoreML (ALL),244,0.0007828750000005158
vm,CoreML (ALL),244,0.0002796669999991508
exec,CoreML (ALL),245,0.0007857080000004402
vm,CoreML (ALL),245,0.00022920800000036934
exec,CoreML (ALL),246,0.0007166670000007258
vm,CoreML (ALL),246,0.00027908400000065114
exec,CoreML (ALL),247,0.0006979590000000258
vm,CoreML (ALL),247,0.00023116599999895016
exec,CoreML (ALL),248,0.0006570410000001914
vm,CoreML (ALL),248,0.00024449999999909267
exec,CoreML (ALL),249,0.0006563750000001534
vm,CoreML (ALL),249,0.00024475000000023783
exec,CoreML (ALL),250,0.0006602909999990914
vm,CoreML (ALL),250,0.00025420899999950564
exec,CoreML (ALL),251,0.0008395830000011983
vm,CoreML (ALL),251,0.0002621670000007015
exec,CoreML (ALL),252,0.0006742919999993546
vm,CoreML (ALL),252,0.00024104199999896991
exec,CoreML (ALL),253,0.0006653340000006835
vm,CoreML (ALL),253,0.00024012499999948034
exec,CoreML (ALL),254,0.000654083999998889
vm,CoreML (ALL),254,0.00024337500000015666
exec,CoreML (ALL),255,0.0006456250000006492
vm,CoreML (ALL),255,0.00024358399999968583
exec,CoreML (ALL),256,0.0006550409999999118
vm,CoreML (ALL),256,0.00023729199999955597
exec,CoreML (ALL),257,0.0006550000000000722
vm,CoreML (ALL),257,0.0002347500000006164
exec,CoreML (ALL),258,0.0006561669999989306
vm,CoreML (ALL),258,0.0002515830000007213
exec,CoreML (ALL),259,0.0006469159999991092
vm,CoreML (ALL),259,0.00024975000000004854
exec,CoreML (ALL),260,0.0006556250000002706
vm,CoreML (ALL),260,0.00022775000000052614
exec,CoreML (ALL),261,0.0006590000000006313
vm,CoreML (ALL),261,0.00023737500000109435
exec,CoreML (ALL),262,0.0007322499999986576
vm,CoreML (ALL),262,0.00022837499999894817
exec,CoreML (ALL),263,0.0007648749999997762
vm,CoreML (ALL),263,0.000236833000000658
exec,CoreML (ALL),264,0.0007691249999997041
vm,CoreML (ALL),264,0.00022908300000068493
exec,CoreML (ALL),265,0.0007726659999995888
vm,CoreML (ALL),265,0.00024020800000101872
exec,CoreML (ALL),266,0.0007789999999996411
vm,CoreML (ALL),266,0.00024433300000126223
exec,CoreML (ALL),267,0.000792083000000332
vm,CoreML (ALL),267,0.00022920800000036934
exec,CoreML (ALL),268,0.0007703750000001008
vm,CoreML (ALL),268,0.00022225000000020145
exec,CoreML (ALL),269,0.0007671669999993469
vm,CoreML (ALL),269,0.0002774159999994197
exec,CoreML (ALL),270,0.0007786250000005879
vm,CoreML (ALL),270,0.00020595800000045017
exec,CoreML (ALL),271,0.0007788749999999567
vm,CoreML (ALL),271,0.0002642910000005827
exec,CoreML (ALL),272,0.0007625419999985894
vm,CoreML (ALL),272,0.00021929100000050994
exec,CoreML (ALL),273,0.0007653340000004505
vm,CoreML (ALL),273,0.00024087499999936313
exec,CoreML (ALL),274,0.0007722920000006184
vm,CoreML (ALL),274,0.00026670799999983785
exec,CoreML (ALL),275,0.0007751249999987664
vm,CoreML (ALL),275,0.00023166700000132323
exec,CoreML (ALL),276,0.0007749160000010136
vm,CoreML (ALL),276,0.00024166600000086191
exec,CoreML (ALL),277,0.0007667909999984346
vm,CoreML (ALL),277,0.00024354199999976345
exec,CoreML (ALL),278,0.0007887919999998161
vm,CoreML (ALL),278,0.0002389590000007047
exec,CoreML (ALL),279,0.000783166999999807
vm,CoreML (ALL),279,0.00023566699999832963
exec,CoreML (ALL),280,0.0007809999999999206
vm,CoreML (ALL),280,0.00022783300000028817
exec,CoreML (ALL),281,0.0007743330000007376
vm,CoreML (ALL),281,0.0002297500000008057
exec,CoreML (ALL),282,0.0007803329999997999
vm,CoreML (ALL),282,0.00025399999999997647
exec,CoreML (ALL),283,0.0007722079999989973
vm,CoreML (ALL),283,0.0002390840000003891
exec,CoreML (ALL),284,0.0007255420000014112
vm,CoreML (ALL),284,0.0002092080000011265
exec,CoreML (ALL),285,0.0006345420000002377
vm,CoreML (ALL),285,0.00027566700000036803
exec,CoreML (ALL),286,0.0006308750000005858
vm,CoreML (ALL),286,0.0002445420000007914
exec,CoreML (ALL),287,0.0006371669999989393
vm,CoreML (ALL),287,0.00025624999999962483
exec,CoreML (ALL),288,0.0006176249999985117
vm,CoreML (ALL),288,0.0002466660000006726
exec,CoreML (ALL),289,0.0006407500000005228
vm,CoreML (ALL),289,0.00022858300000017095
exec,CoreML (ALL),290,0.0006272079999991576
vm,CoreML (ALL),290,0.000225874999999931
exec,CoreML (ALL),291,0.0006410840000015128
vm,CoreML (ALL),291,0.00027195800000079373
exec,CoreML (ALL),292,0.0006257499999993144
vm,CoreML (ALL),292,0.0002490829999999278
exec,CoreML (ALL),293,0.0006418329999995365
vm,CoreML (ALL),293,0.00023045799999898975
exec,CoreML (ALL),294,0.0006321659999990459
vm,CoreML (ALL),294,0.00025245799999851215
exec,CoreML (ALL),295,0.0006304589999999166
vm,CoreML (ALL),295,0.00024483299999999986
exec,CoreML (ALL),296,0.0006254170000001835
vm,CoreML (ALL),296,0.00023483400000046117
exec,CoreML (ALL),297,0.0006139170000007965
vm,CoreML (ALL),297,0.00024462500000055343
exec,CoreML (ALL),298,0.0006449999999986744
vm,CoreML (ALL),298,0.0002427080000000359
exec,CoreML (ALL),299,0.0006330000000005498
vm,CoreML (ALL),299,0.0002487090000009573
exec,CoreML (ALL),300,0.0006345830000000774
vm,CoreML (ALL),300,0.00024883300000055897
exec,CoreML (ALL),301,0.0007632920000002485
vm,CoreML (ALL),301,0.00025833399999974915
exec,CoreML (ALL),302,0.0006618749999987017
vm,CoreML (ALL),302,0.00022104199999972707
exec,CoreML (ALL),303,0.0006959169999998238
vm,CoreML (ALL),303,0.00024020900000110146
exec,CoreML (ALL),304,0.0007595410000007519
vm,CoreML (ALL),304,0.00023804200000121511
exec,CoreML (ALL),305,0.0006909170000000131
vm,CoreML (ALL),305,0.0002245419999997722
exec,CoreML (ALL),306,0.0005321249999994393
vm,CoreML (ALL),306,0.0002436659999993651
exec,CoreML (ALL),307,0.000538708000000554
vm,CoreML (ALL),307,0.00024262500000027387
exec,CoreML (ALL),308,0.0005311670000001101
vm,CoreML (ALL),308,0.00024033400000078586
exec,CoreML (ALL),309,0.0006451670000000576
vm,CoreML (ALL),309,0.0002547909999996989
exec,CoreML (ALL),310,0.0006477919999987591
vm,CoreML (ALL),310,0.00023820800000073916
exec,CoreML (ALL),311,0.0006511250000009738
vm,CoreML (ALL),311,0.00025162499999886734
exec,CoreML (ALL),312,0.0006522079999999875
vm,CoreML (ALL),312,0.0002453340000005966
exec,CoreML (ALL),313,0.0006456249999988728
vm,CoreML (ALL),313,0.00023708400000010954
exec,CoreML (ALL),314,0.0006432089999997004
vm,CoreML (ALL),314,0.00025570800000096483
exec,CoreML (ALL),315,0.0006482080000012047
vm,CoreML (ALL),315,0.00023737500000109435
exec,CoreML (ALL),316,0.0006401250000003245
vm,CoreML (ALL),316,0.0002497919999999709
exec,CoreML (ALL),317,0.000644833000000844
vm,CoreML (ALL),317,0.00024262500000027387
exec,CoreML (ALL),318,0.0006482499999993507
vm,CoreML (ALL),318,0.00023312499999939007
exec,CoreML (ALL),319,0.0006424589999998176
vm,CoreML (ALL),319,0.0002407080000015327
exec,CoreML (ALL),320,0.0006498750000005771
vm,CoreML (ALL),320,0.00024037499999884915
exec,CoreML (ALL),321,0.0006497080000009703
vm,CoreML (ALL),321,0.00023920799999999076
exec,CoreML (ALL),322,0.0006377089999993757
vm,CoreML (ALL),322,0.00024237500000090506
exec,CoreML (ALL),323,0.0006391249999992965
vm,CoreML (ALL),323,0.0002136250000006612
exec,CoreML (ALL),324,0.0006412080000011144
vm,CoreML (ALL),324,0.0002574580000000992
exec,CoreML (ALL),325,0.0006544999999995582
vm,CoreML (ALL),325,0.0002425419999987355
exec,CoreML (ALL),326,0.0007051249999996401
vm,CoreML (ALL),326,0.0002317910000009249
exec,CoreML (ALL),327,0.0007770000000011379
vm,CoreML (ALL),327,0.0002537499999988313
exec,CoreML (ALL),328,0.000688000000000244
vm,CoreML (ALL),328,0.0002580410000003752
exec,CoreML (ALL),329,0.000668333000000132
vm,CoreML (ALL),329,0.00023558300000026122
exec,CoreML (ALL),330,0.0006527500000004238
vm,CoreML (ALL),330,0.00023999999999979593
exec,CoreML (ALL),331,0.0005188749999991416
vm,CoreML (ALL),331,0.0002387920000010979
exec,CoreML (ALL),332,0.000528833000000617
vm,CoreML (ALL),332,0.00027162499999988654
exec,CoreML (ALL),333,0.0005192919999998935
vm,CoreML (ALL),333,0.00027091699999992613
exec,CoreML (ALL),334,0.0006407080000006005
vm,CoreML (ALL),334,0.0002482080000003606
exec,CoreML (ALL),335,0.000644791999999228
vm,CoreML (ALL),335,0.000234042000000656
exec,CoreML (ALL),336,0.0006596660000006693
vm,CoreML (ALL),336,0.00025454199999863647
exec,CoreML (ALL),337,0.0006333340000015397
vm,CoreML (ALL),337,0.00022120899999933386
exec,CoreML (ALL),338,0.0006499590000004218
vm,CoreML (ALL),338,0.0002842080000000635
exec,CoreML (ALL),339,0.0006592500000000001
vm,CoreML (ALL),339,0.00023612500000069758
exec,CoreML (ALL),340,0.0006450000000004508
vm,CoreML (ALL),340,0.0002595830000000632
exec,CoreML (ALL),341,0.0006352500000001982
vm,CoreML (ALL),341,0.0002490829999999278
exec,CoreML (ALL),342,0.0006474159999996232
vm,CoreML (ALL),342,0.00024349999999984107
exec,CoreML (ALL),343,0.0006318749999998374
vm,CoreML (ALL),343,0.00023916699999837476
exec,CoreML (ALL),344,0.0006476250000009287
vm,CoreML (ALL),344,0.00023870899999955952
exec,CoreML (ALL),345,0.0006428330000005644
vm,CoreML (ALL),345,0.0002564580000008476
exec,CoreML (ALL),346,0.0006352920000001205
vm,CoreML (ALL),346,0.00024041600000046515
exec,CoreML (ALL),347,0.0006472089999984831
vm,CoreML (ALL),347,0.0002465000000011486
exec,CoreML (ALL),348,0.0006498330000006547
vm,CoreML (ALL),348,0.00024679200000043977
exec,CoreML (ALL),349,0.0006385839999989429
vm,CoreML (ALL),349,0.0002384590000001907
exec,CoreML (ALL),350,0.0006456249999988728
vm,CoreML (ALL),350,0.0002436670000012242
exec,CoreML (ALL),351,0.0007588750000007138
vm,CoreML (ALL),351,0.0002874159999990411
exec,CoreML (ALL),352,0.0006587079999995638
vm,CoreML (ALL),352,0.00025200000000147327
exec,CoreML (ALL),353,0.0006553749999991254
vm,CoreML (ALL),353,0.00024812500000059856
exec,CoreML (ALL),354,0.000645040999998514
vm,CoreML (ALL),354,0.00023470799999891767
exec,CoreML (ALL),355,0.0006512919999988043
vm,CoreML (ALL),355,0.00023241700000120602
exec,CoreML (ALL),356,0.0006499589999986455
vm,CoreML (ALL),356,0.0002147499999995972
exec,CoreML (ALL),357,0.0006522079999999875
vm,CoreML (ALL),357,0.00026187499999963393
exec,CoreML (ALL),358,0.0006610409999989741
vm,CoreML (ALL),358,0.00024983299999981057
exec,CoreML (ALL),359,0.0006479999999999819
vm,CoreML (ALL),359,0.0002464169999996102
exec,CoreML (ALL),360,0.0006461660000010028
vm,CoreML (ALL),360,0.0002472919999991774
exec,CoreML (ALL),361,0.0006467090000015219
vm,CoreML (ALL),361,0.0002367910000007356
exec,CoreML (ALL),362,0.0006490830000007719
vm,CoreML (ALL),362,0.00022654200000005176
exec,CoreML (ALL),363,0.0006518330000009342
vm,CoreML (ALL),363,0.0002616250000002651
exec,CoreML (ALL),364,0.0006488329999996267
vm,CoreML (ALL),364,0.0002537499999988313
exec,CoreML (ALL),365,0.0006560419999992462
vm,CoreML (ALL),365,0.00025987500000113073
exec,CoreML (ALL),366,0.0006512910000004979
vm,CoreML (ALL),366,0.0002455839999999654
exec,CoreML (ALL),367,0.0006471670000003371
vm,CoreML (ALL),367,0.000255917000000494
exec,CoreML (ALL),368,0.0007254999999997125
vm,CoreML (ALL),368,0.0002374999999990024
exec,CoreML (ALL),369,0.0006768329999999878
vm,CoreML (ALL),369,0.00023116700000080925
exec,CoreML (ALL),370,0.0006091250000004322
vm,CoreML (ALL),370,0.0002795419999994664
exec,CoreML (ALL),371,0.0005905000000012706
vm,CoreML (ALL),371,0.00023666599999927485
exec,CoreML (ALL),372,0.000599582999999626
vm,CoreML (ALL),372,0.00023141700000017806
exec,CoreML (ALL),373,0.0006050840000000335
vm,CoreML (ALL),373,0.0002300420000000969
exec,CoreML (ALL),374,0.0006057500000000715
vm,CoreML (ALL),374,0.00025095900000060567
exec,CoreML (ALL),375,0.0005988749999996656
vm,CoreML (ALL),375,0.00022691599999902223
exec,CoreML (ALL),376,0.000590583999999339
vm,CoreML (ALL),376,0.0002259999999996154
exec,CoreML (ALL),377,0.0005974169999998225
vm,CoreML (ALL),377,0.0002190419999994475
exec,CoreML (ALL),378,0.0005925419999996961
vm,CoreML (ALL),378,0.00022304200000000662
exec,CoreML (ALL),379,0.000591083999999853
vm,CoreML (ALL),379,0.0002507919999992225
exec,CoreML (ALL),380,0.0005922080000004826
vm,CoreML (ALL),380,0.0002422499999994443
exec,CoreML (ALL),381,0.0005926249999994582
vm,CoreML (ALL),381,0.00027695800000060444
exec,CoreML (ALL),382,0.0005915420000004445
vm,CoreML (ALL),382,0.00021045899999982964
exec,CoreML (ALL),383,0.0005942079999989858
vm,CoreML (ALL),383,0.00026604199999979983
exec,CoreML (ALL),384,0.0005997920000009316
vm,CoreML (ALL),384,0.00022470799999929625
exec,CoreML (ALL),385,0.0005847089999999611
vm,CoreML (ALL),385,0.000278375000000608
exec,CoreML (ALL),386,0.0005937090000003309
vm,CoreML (ALL),386,0.0002465830000009106
exec,CoreML (ALL),387,0.0005954159999994602
vm,CoreML (ALL),387,0.00023612499999892123
exec,CoreML (ALL),388,0.0005908750000003238
vm,CoreML (ALL),388,0.0002493340000011557
exec,CoreML (ALL),389,0.0006045829999994368
vm,CoreML (ALL),389,0.0002447090000003982
exec,CoreML (ALL),390,0.0005902920000000478
vm,CoreML (ALL),390,0.00025004100000103335
exec,CoreML (ALL),391,0.0005964160000004881
vm,CoreML (ALL),391,0.0003334999999999866
exec,CoreML (ALL),392,0.0005868749999997647
vm,CoreML (ALL),392,0.00025004199999933974
exec,CoreML (ALL),393,0.0005904999999994942
vm,CoreML (ALL),393,0.00023808300000105476
exec,CoreML (ALL),394,0.0005950830000003293
vm,CoreML (ALL),394,0.00023449999999947124
exec,CoreML (ALL),395,0.000635499999999567
vm,CoreML (ALL),395,0.0002536249999991469
exec,CoreML (ALL),396,0.0006300830000007807
vm,CoreML (ALL),396,0.00022562499999878582
exec,CoreML (ALL),397,0.00044179200000016294
vm,CoreML (ALL),397,0.00023104099999926575
exec,CoreML (ALL),398,0.0003885409999995204
vm,CoreML (ALL),398,0.00024583299999925146
exec,CoreML (ALL),399,0.0003892089999997239
vm,CoreML (ALL),399,0.00024950000000067973
exec,CoreML (ALL),400,0.00038933300000110194
vm,CoreML (ALL),400,0.00022595799999969302
exec,CoreML (ALL),401,0.0007184589999997826
vm,CoreML (ALL),401,0.00027812499999946283
exec,CoreML (ALL),402,0.0006039999999991608
vm,CoreML (ALL),402,0.0002352089999995144
exec,CoreML (ALL),403,0.0003879579999992444
vm,CoreML (ALL),403,0.0002705829999989362
exec,CoreML (ALL),404,0.0003847500000002668
vm,CoreML (ALL),404,0.0002540829999997385
exec,CoreML (ALL),405,0.0003777080000002542
vm,CoreML (ALL),405,0.00023987499999833517
exec,CoreML (ALL),406,0.00038083299999946973
vm,CoreML (ALL),406,0.00025133299999957615
exec,CoreML (ALL),407,0.0003853750000004652
vm,CoreML (ALL),407,0.00025937500000061675
exec,CoreML (ALL),408,0.00038166599999911455
vm,CoreML (ALL),408,0.0002571250000009684
exec,CoreML (ALL),409,0.000385083000001174
vm,CoreML (ALL),409,0.00023874999999939917
exec,CoreML (ALL),410,0.00038449999999912166
vm,CoreML (ALL),410,0.00022408300000087422
exec,CoreML (ALL),411,0.0003835829999996321
vm,CoreML (ALL),411,0.00024325000000047226
exec,CoreML (ALL),412,0.0003805830000001009
vm,CoreML (ALL),412,0.00022708300000040538
exec,CoreML (ALL),413,0.0003847920000001892
vm,CoreML (ALL),413,0.00022841699999887055
exec,CoreML (ALL),414,0.0003787079999995058
vm,CoreML (ALL),414,0.0002560420000001784
exec,CoreML (ALL),415,0.00038012499999950933
vm,CoreML (ALL),415,0.00023508299999974724
exec,CoreML (ALL),416,0.0003785419999999817
vm,CoreML (ALL),416,0.00022708300000040538
exec,CoreML (ALL),417,0.0003808750000011685
vm,CoreML (ALL),417,0.0002333340000006956
exec,CoreML (ALL),418,0.00038054100000017854
vm,CoreML (ALL),418,0.00026029200000010633
exec,CoreML (ALL),419,0.0003818330000004977
vm,CoreML (ALL),419,0.0002507920000009989
exec,CoreML (ALL),420,0.00037641700000001777
vm,CoreML (ALL),420,0.0002525829999999729
exec,CoreML (ALL),421,0.00037895800000065094
vm,CoreML (ALL),421,0.00021754199999968193
exec,CoreML (ALL),422,0.0003755000000005282
vm,CoreML (ALL),422,0.00024308399999917185
exec,CoreML (ALL),423,0.0003823749999991577
vm,CoreML (ALL),423,0.00023512499999966963
exec,CoreML (ALL),424,0.00038741700000066714
vm,CoreML (ALL),424,0.0002492079999996122
exec,CoreML (ALL),425,0.00038225000000124965
vm,CoreML (ALL),425,0.00022920900000045208
exec,CoreML (ALL),426,0.00038145899999975086
vm,CoreML (ALL),426,0.00021870800000023394
exec,CoreML (ALL),427,0.0003716249999996535
vm,CoreML (ALL),427,0.00025095800000052293
exec,CoreML (ALL),428,0.00038162500000105126
vm,CoreML (ALL),428,0.00024587499999917384
exec,CoreML (ALL),429,0.000378040999999385
vm,CoreML (ALL),429,0.00023979199999857315
exec,CoreML (ALL),430,0.0003836250000013308
vm,CoreML (ALL),430,0.0002369580000003424
exec,CoreML (ALL),431,0.00037887499999911256
vm,CoreML (ALL),431,0.000234042000000656
exec,CoreML (ALL),432,0.00038354199999979244
vm,CoreML (ALL),432,0.0002178329999988904
exec,CoreML (ALL),433,0.00038216699999971127
vm,CoreML (ALL),433,0.0002314999999999401
exec,CoreML (ALL),434,0.00037662500000124055
vm,CoreML (ALL),434,0.0002202499999999219
exec,CoreML (ALL),435,0.000377457999999109
vm,CoreML (ALL),435,0.0002518750000000125
exec,CoreML (ALL),436,0.0003787079999995058
vm,CoreML (ALL),436,0.00027058300000071256
exec,CoreML (ALL),437,0.00037995799999990254
vm,CoreML (ALL),437,0.0002655420000010622
exec,CoreML (ALL),438,0.00037908300000033535
vm,CoreML (ALL),438,0.0002497909999998882
exec,CoreML (ALL),439,0.00038129100000006133
vm,CoreML (ALL),439,0.00026649999999861507
exec,CoreML (ALL),440,0.0003841669999999908
vm,CoreML (ALL),440,0.0002782500000009236
exec,CoreML (ALL),441,0.0003779159999997006
vm,CoreML (ALL),441,0.00024316699999893387
exec,CoreML (ALL),442,0.0003781670000009285
vm,CoreML (ALL),442,0.0002294169999998985
exec,CoreML (ALL),443,0.00038141599999974574
vm,CoreML (ALL),443,0.0002332079999991521
exec,CoreML (ALL),444,0.0003812500000002217
vm,CoreML (ALL),444,0.0002297089999991897
exec,CoreML (ALL),445,0.0003782090000008509
vm,CoreML (ALL),445,0.00023904199999869036
exec,CoreML (ALL),446,0.00038583299999928045
vm,CoreML (ALL),446,0.000248916000000321
exec,CoreML (ALL),447,0.00038720899999944436
vm,CoreML (ALL),447,0.00023716599999978882
exec,CoreML (ALL),448,0.0003769580000003714
vm,CoreML (ALL),448,0.00023237500000128364
exec,CoreML (ALL),449,0.00037916600000009737
vm,CoreML (ALL),449,0.00020987500000124726
exec,CoreML (ALL),450,0.00038091700000109086
vm,CoreML (ALL),450,0.0002762920000005664
exec,CoreML (ALL),451,0.0007369579999991771
vm,CoreML (ALL),451,0.0002886250000013746
exec,CoreML (ALL),452,0.0006037919999997143
vm,CoreML (ALL),452,0.0002372079999997112
exec,CoreML (ALL),453,0.0003836250000013308
vm,CoreML (ALL),453,0.00025533300000013526
exec,CoreML (ALL),454,0.00038495799999971325
vm,CoreML (ALL),454,0.00026495800000070346
exec,CoreML (ALL),455,0.0003861670000002704
vm,CoreML (ALL),455,0.00024524999999897545
exec,CoreML (ALL),456,0.0003846250000005824
vm,CoreML (ALL),456,0.00023200000000045407
exec,CoreML (ALL),457,0.0003818330000004977
vm,CoreML (ALL),457,0.0002637499999984527
exec,CoreML (ALL),458,0.0003827080000000649
vm,CoreML (ALL),458,0.00026533300000153304
exec,CoreML (ALL),459,0.000377457999999109
vm,CoreML (ALL),459,0.00024408300000011707
exec,CoreML (ALL),460,0.0003802500000009701
vm,CoreML (ALL),460,0.0002639999999995979
exec,CoreML (ALL),461,0.0003785839999999041
vm,CoreML (ALL),461,0.00025533300000013526
exec,CoreML (ALL),462,0.0003819580000001821
vm,CoreML (ALL),462,0.00021966599999956316
exec,CoreML (ALL),463,0.00037866699999966613
vm,CoreML (ALL),463,0.0002486249999993362
exec,CoreML (ALL),464,0.0003824160000007737
vm,CoreML (ALL),464,0.00024320800000054987
exec,CoreML (ALL),465,0.00038512499999932004
vm,CoreML (ALL),465,0.0002272909999998518
exec,CoreML (ALL),466,0.00038145899999975086
vm,CoreML (ALL),466,0.0002510000000004453
exec,CoreML (ALL),467,0.00038233399999931805
vm,CoreML (ALL),467,0.0002527499999995797
exec,CoreML (ALL),468,0.0003842080000016068
vm,CoreML (ALL),468,0.00023987500000011153
exec,CoreML (ALL),469,0.0003774999999990314
vm,CoreML (ALL),469,0.0002635419999990063
exec,CoreML (ALL),470,0.0003793750000014029
vm,CoreML (ALL),470,0.0002312919999987173
exec,CoreML (ALL),471,0.00037583399999974176
vm,CoreML (ALL),471,0.00023400000000073362
exec,CoreML (ALL),472,0.00038333300000026327
vm,CoreML (ALL),472,0.00022354199999874425
exec,CoreML (ALL),473,0.0003779159999997006
vm,CoreML (ALL),473,0.00022741699999961895
exec,CoreML (ALL),474,0.0003847500000002668
vm,CoreML (ALL),474,0.00024304199999924947
exec,CoreML (ALL),475,0.00038262500000030286
vm,CoreML (ALL),475,0.00024225000000122066
exec,CoreML (ALL),476,0.00038012499999950933
vm,CoreML (ALL),476,0.0002494999999989034
exec,CoreML (ALL),477,0.00038095799999915414
vm,CoreML (ALL),477,0.0002374999999990024
exec,CoreML (ALL),478,0.00038604100000050323
vm,CoreML (ALL),478,0.0002287089999999381
exec,CoreML (ALL),479,0.00037912500000025773
vm,CoreML (ALL),479,0.00026020899999856795
exec,CoreML (ALL),480,0.0003804159999987178
vm,CoreML (ALL),480,0.0002235420000005206
exec,CoreML (ALL),481,0.0003788750000008889
vm,CoreML (ALL),481,0.00023212500000013847
exec,CoreML (ALL),482,0.00037912500000025773
vm,CoreML (ALL),482,0.0002891250000001122
exec,CoreML (ALL),483,0.0003872079999993616
vm,CoreML (ALL),483,0.00023183400000093002
exec,CoreML (ALL),484,0.00038374999999923887
vm,CoreML (ALL),484,0.00025545799999981966
exec,CoreML (ALL),485,0.00038024999999919373
vm,CoreML (ALL),485,0.000235749999999868
exec,CoreML (ALL),486,0.0003866660000007016
vm,CoreML (ALL),486,0.00024620800000008103
exec,CoreML (ALL),487,0.0003871249999995996
vm,CoreML (ALL),487,0.00024145799999963913
exec,CoreML (ALL),488,0.0003777910000000162
vm,CoreML (ALL),488,0.00022654200000005176
exec,CoreML (ALL),489,0.0003858330000010568
vm,CoreML (ALL),489,0.0002395000000010583
exec,CoreML (ALL),490,0.00037945799999938856
vm,CoreML (ALL),490,0.00024716599999941025
exec,CoreML (ALL),491,0.00037912500000025773
vm,CoreML (ALL),491,0.0002530410000005645
exec,CoreML (ALL),492,0.00037337500000056423
vm,CoreML (ALL),492,0.00024929199999945695
exec,CoreML (ALL),493,0.0003698330000005967
vm,CoreML (ALL),493,0.00025099999999866895
exec,CoreML (ALL),494,0.00036966599999921357
vm,CoreML (ALL),494,0.00023758300000054078
exec,CoreML (ALL),495,0.0003656660000004308
vm,CoreML (ALL),495,0.0002505419999998537
exec,CoreML (ALL),496,0.0003646249999995632
vm,CoreML (ALL),496,0.0002221660000003567
exec,CoreML (ALL),497,0.0003692920000002431
vm,CoreML (ALL),497,0.00025362500000092325
exec,CoreML (ALL),498,0.00037037500000103307
vm,CoreML (ALL),498,0.00022641700000036735
exec,CoreML (ALL),499,0.0003665829999999204
vm,CoreML (ALL),499,0.0002555409999995817
exec,CoreML (ALL),500,0.00036737499999972556
vm,CoreML (ALL),500,0.00022637500000044497
exec,CoreML (ALL),501,0.0007112090000003235
vm,CoreML (ALL),501,0.0002782080000010012
exec,CoreML (ALL),502,0.00037233399999969663
vm,CoreML (ALL),502,0.0002594160000004564
exec,CoreML (ALL),503,0.0003622920000001528
vm,CoreML (ALL),503,0.00023870899999955952
exec,CoreML (ALL),504,0.0003700420000001259
vm,CoreML (ALL),504,0.00021804100000011317
exec,CoreML (ALL),505,0.00036591699999988236
vm,CoreML (ALL),505,0.00027087500000000375
exec,CoreML (ALL),506,0.0003704589999991015
vm,CoreML (ALL),506,0.0002851249999995531
exec,CoreML (ALL),507,0.0003689170000011899
vm,CoreML (ALL),507,0.00023125000000057128
exec,CoreML (ALL),508,0.00036579200000019796
vm,CoreML (ALL),508,0.00024574999999948943
exec,CoreML (ALL),509,0.0003657499999984992
vm,CoreML (ALL),509,0.0002574580000000992
exec,CoreML (ALL),510,0.00036783399999862354
vm,CoreML (ALL),510,0.00025445800000056806
exec,CoreML (ALL),511,0.00036991600000035874
vm,CoreML (ALL),511,0.00023399999999895726
exec,CoreML (ALL),512,0.0003653329999995236
vm,CoreML (ALL),512,0.00024462500000055343
exec,CoreML (ALL),513,0.0003680830000014623
vm,CoreML (ALL),513,0.00023966600000058236
exec,CoreML (ALL),514,0.00036412499999904924
vm,CoreML (ALL),514,0.00026516700000023263
exec,CoreML (ALL),515,0.00036587499999996
vm,CoreML (ALL),515,0.00024179099999876996
exec,CoreML (ALL),516,0.0003679170000001619
vm,CoreML (ALL),516,0.00023712499999994918
exec,CoreML (ALL),517,0.00036675000000130353
vm,CoreML (ALL),517,0.00024441699999933064
exec,CoreML (ALL),518,0.00036999999999842714
vm,CoreML (ALL),518,0.00024012499999948034
exec,CoreML (ALL),519,0.00036616700000102753
vm,CoreML (ALL),519,0.00025566699999934883
exec,CoreML (ALL),520,0.00036845800000051554
vm,CoreML (ALL),520,0.00022333300000099143
exec,CoreML (ALL),521,0.00036441600000003405
vm,CoreML (ALL),521,0.00028154199999974594
exec,CoreML (ALL),522,0.00036658300000169675
vm,CoreML (ALL),522,0.000245624999999805
exec,CoreML (ALL),523,0.00037016599999972755
vm,CoreML (ALL),523,0.00025779200000108915
exec,CoreML (ALL),524,0.00036029199999987327
vm,CoreML (ALL),524,0.0002470419999998086
exec,CoreML (ALL),525,0.0003653329999995236
vm,CoreML (ALL),525,0.0002577499999993904
exec,CoreML (ALL),526,0.0003633330000010204
vm,CoreML (ALL),526,0.00023987500000011153
exec,CoreML (ALL),527,0.00036370800000007364
vm,CoreML (ALL),527,0.0002670830000006674
exec,CoreML (ALL),528,0.0003688330000013451
vm,CoreML (ALL),528,0.00025362500000092325
exec,CoreML (ALL),529,0.0003644999999998788
vm,CoreML (ALL),529,0.00023654199999967318
exec,CoreML (ALL),530,0.00036808299999968597
vm,CoreML (ALL),530,0.00020508299999910662
exec,CoreML (ALL),531,0.0003589999999995541
vm,CoreML (ALL),531,0.0002495420000006021
exec,CoreML (ALL),532,0.00036262500000106
vm,CoreML (ALL),532,0.00023995799999987355
exec,CoreML (ALL),533,0.0003640419999992872
vm,CoreML (ALL),533,0.0002304580000007661
exec,CoreML (ALL),534,0.00037374999999961744
vm,CoreML (ALL),534,0.0002663329999990083
exec,CoreML (ALL),535,0.00037054200000063986
vm,CoreML (ALL),535,0.0002357919999997904
exec,CoreML (ALL),536,0.0003694589999998499
vm,CoreML (ALL),536,0.000247832999999531
exec,CoreML (ALL),537,0.0003724999999992207
vm,CoreML (ALL),537,0.00024150000000133787
exec,CoreML (ALL),538,0.0003642080000005876
vm,CoreML (ALL),538,0.00024945899999906374
exec,CoreML (ALL),539,0.00036366600000015126
vm,CoreML (ALL),539,0.00025595800000033364
exec,CoreML (ALL),540,0.00036920900000048107
vm,CoreML (ALL),540,0.0002522910000006817
exec,CoreML (ALL),541,0.0003685000000004379
vm,CoreML (ALL),541,0.00021412499999939882
exec,CoreML (ALL),542,0.0003723329999996139
vm,CoreML (ALL),542,0.0002728750000002833
exec,CoreML (ALL),543,0.0003688339999996515
vm,CoreML (ALL),543,0.0002617919999998719
exec,CoreML (ALL),544,0.00036495799999869405
vm,CoreML (ALL),544,0.00023633400000022675
exec,CoreML (ALL),545,0.00036745800000126394
vm,CoreML (ALL),545,0.00023512499999966963
exec,CoreML (ALL),546,0.00036841699999889954
vm,CoreML (ALL),546,0.0002157499999988488
exec,CoreML (ALL),547,0.00036245800000145323
vm,CoreML (ALL),547,0.0002421249999997599
exec,CoreML (ALL),548,0.00036858300000019995
vm,CoreML (ALL),548,0.0002657079999988099
exec,CoreML (ALL),549,0.00036345800000070483
vm,CoreML (ALL),549,0.0002804999999987956
exec,CoreML (ALL),550,0.00035904099999939376
vm,CoreML (ALL),550,0.00023841700000026833
exec,CoreML (ALL),551,0.0006938749999996219
vm,CoreML (ALL),551,0.0002687080000001174
exec,CoreML (ALL),552,0.0003640419999992872
vm,CoreML (ALL),552,0.00024691600000004144
exec,CoreML (ALL),553,0.00037008400000004826
vm,CoreML (ALL),553,0.0002460409999986979
exec,CoreML (ALL),554,0.0003627500000007444
vm,CoreML (ALL),554,0.00023512499999966963
exec,CoreML (ALL),555,0.0003622910000000701
vm,CoreML (ALL),555,0.00025137499999949853
exec,CoreML (ALL),556,0.00036208300000062366
vm,CoreML (ALL),556,0.00021454100000006804
exec,CoreML (ALL),557,0.00036179199999963885
vm,CoreML (ALL),557,0.000234625000000932
exec,CoreML (ALL),558,0.00035354100000084543
vm,CoreML (ALL),558,0.00024887500000048135
exec,CoreML (ALL),559,0.0003627920000006668
vm,CoreML (ALL),559,0.0002193750000003547
exec,CoreML (ALL),560,0.000353875000000059
vm,CoreML (ALL),560,0.0002729999999999677
exec,CoreML (ALL),561,0.0003596669999996749
vm,CoreML (ALL),561,0.00023037500000100408
exec,CoreML (ALL),562,0.0003617079999997941
vm,CoreML (ALL),562,0.0002528749999992641
exec,CoreML (ALL),563,0.0003603749999996353
vm,CoreML (ALL),563,0.00023079099999989694
exec,CoreML (ALL),564,0.0003534169999994674
vm,CoreML (ALL),564,0.00029312499999889496
exec,CoreML (ALL),565,0.0003630420000000356
vm,CoreML (ALL),565,0.0002450409999994463
exec,CoreML (ALL),566,0.00035816599999982657
vm,CoreML (ALL),566,0.00023508299999974724
exec,CoreML (ALL),567,0.00036237499999991485
vm,CoreML (ALL),567,0.0002840000000006171
exec,CoreML (ALL),568,0.0003587500000001853
vm,CoreML (ALL),568,0.00024250000000058947
exec,CoreML (ALL),569,0.00035704100000089056
vm,CoreML (ALL),569,0.0002464589999995326
exec,CoreML (ALL),570,0.0003604590000012564
vm,CoreML (ALL),570,0.0002442909999995635
exec,CoreML (ALL),571,0.0003606669999989265
vm,CoreML (ALL),571,0.00026408300000113627
exec,CoreML (ALL),572,0.0003545000000002574
vm,CoreML (ALL),572,0.00023595899999939718
exec,CoreML (ALL),573,0.0003644999999998788
vm,CoreML (ALL),573,0.00024104099999888717
exec,CoreML (ALL),574,0.0003593330000004613
vm,CoreML (ALL),574,0.00022495900000052416
exec,CoreML (ALL),575,0.0003659159999997996
vm,CoreML (ALL),575,0.0002284579999987102
exec,CoreML (ALL),576,0.0003628750000004288
vm,CoreML (ALL),576,0.00021204199999935724
exec,CoreML (ALL),577,0.0003609159999999889
vm,CoreML (ALL),577,0.00024029200000086348
exec,CoreML (ALL),578,0.0003530840000003366
vm,CoreML (ALL),578,0.00023395799999903488
exec,CoreML (ALL),579,0.00036650000000015837
vm,CoreML (ALL),579,0.00029629199999980926
exec,CoreML (ALL),580,0.0003592080000007769
vm,CoreML (ALL),580,0.00023941699999951993
exec,CoreML (ALL),581,0.00036300000000011323
vm,CoreML (ALL),581,0.0002507919999992225
exec,CoreML (ALL),582,0.0003612910000008185
vm,CoreML (ALL),582,0.0002426660000001135
exec,CoreML (ALL),583,0.0003568339999997505
vm,CoreML (ALL),583,0.0002399589999999563
exec,CoreML (ALL),584,0.00036191600000101687
vm,CoreML (ALL),584,0.00023483300000037843
exec,CoreML (ALL),585,0.00035762499999947295
vm,CoreML (ALL),585,0.00023545800000057682
exec,CoreML (ALL),586,0.0003525830000015162
vm,CoreML (ALL),586,0.00024116700000043068
exec,CoreML (ALL),587,0.00035979099999927655
vm,CoreML (ALL),587,0.00024483299999999986
exec,CoreML (ALL),588,0.0003555840000011301
vm,CoreML (ALL),588,0.0002356250000001836
exec,CoreML (ALL),589,0.0003593750000003837
vm,CoreML (ALL),589,0.00023554200000042158
exec,CoreML (ALL),590,0.00036095899999999403
vm,CoreML (ALL),590,0.00023870799999947678
exec,CoreML (ALL),591,0.0003547499999996262
vm,CoreML (ALL),591,0.00024345799999991868
exec,CoreML (ALL),592,0.00036337499999916645
vm,CoreML (ALL),592,0.00023033400000116444
exec,CoreML (ALL),593,0.0003590419999994765
vm,CoreML (ALL),593,0.000254292000001044
exec,CoreML (ALL),594,0.00036050000000109605
vm,CoreML (ALL),594,0.00024416699999996183
exec,CoreML (ALL),595,0.00035608399999986773
vm,CoreML (ALL),595,0.00023979100000026676
exec,CoreML (ALL),596,0.00034600000000040154
vm,CoreML (ALL),596,0.00023554200000042158
exec,CoreML (ALL),597,0.000353875000000059
vm,CoreML (ALL),597,0.00022812499999957936
exec,CoreML (ALL),598,0.0003486249999991031
vm,CoreML (ALL),598,0.00025270899999974006
exec,CoreML (ALL),599,0.0003516660000002503
vm,CoreML (ALL),599,0.00022537499999941701
exec,CoreML (ALL),600,0.0003559580000001006
vm,CoreML (ALL),600,0.00023599999999923682
exec,CoreML (ALL),601,0.0006717500000004151
vm,CoreML (ALL),601,0.0002631250000000307
exec,CoreML (ALL),602,0.0003538330000001366
vm,CoreML (ALL),602,0.0002534160000013941
exec,CoreML (ALL),603,0.00035708300000081294
vm,CoreML (ALL),603,0.00024204099999991513
exec,CoreML (ALL),604,0.00035150000000072623
vm,CoreML (ALL),604,0.00022050000000106706
exec,CoreML (ALL),605,0.0003532499999998606
vm,CoreML (ALL),605,0.00025791700000077356
exec,CoreML (ALL),606,0.00034858299999918074
vm,CoreML (ALL),606,0.00022658399999997414
exec,CoreML (ALL),607,0.00035650000000053694
vm,CoreML (ALL),607,0.00025770799999946803
exec,CoreML (ALL),608,0.00035629199999931416
vm,CoreML (ALL),608,0.00025904199999970956
exec,CoreML (ALL),609,0.0003530000000004918
vm,CoreML (ALL),609,0.00022629200000068295
exec,CoreML (ALL),610,0.0003562909999992314
vm,CoreML (ALL),610,0.0002331659999992297
exec,CoreML (ALL),611,0.00035316600000001586
vm,CoreML (ALL),611,0.0002376660000003028
exec,CoreML (ALL),612,0.00034770799999961355
vm,CoreML (ALL),612,0.00024620799999830467
exec,CoreML (ALL),613,0.0003532499999998606
vm,CoreML (ALL),613,0.00022679099999933783
exec,CoreML (ALL),614,0.0003517920000000174
vm,CoreML (ALL),614,0.0002420000000000755
exec,CoreML (ALL),615,0.00035150000000072623
vm,CoreML (ALL),615,0.00025499999999922807
exec,CoreML (ALL),616,0.0003548749999993106
vm,CoreML (ALL),616,0.00021724999999861438
exec,CoreML (ALL),617,0.0003585000000008165
vm,CoreML (ALL),617,0.00025233400000068684
exec,CoreML (ALL),618,0.0003502910000001691
vm,CoreML (ALL),618,0.00022395799999941346
exec,CoreML (ALL),619,0.0003525419999999002
vm,CoreML (ALL),619,0.00022654200000005176
exec,CoreML (ALL),620,0.0003491249999996171
vm,CoreML (ALL),620,0.0002469999999998862
exec,CoreML (ALL),621,0.0003531250000001762
vm,CoreML (ALL),621,0.00022608299999937742
exec,CoreML (ALL),622,0.0003483749999997343
vm,CoreML (ALL),622,0.0002289159999993018
exec,CoreML (ALL),623,0.0003531670000000986
vm,CoreML (ALL),623,0.0002512500000015905
exec,CoreML (ALL),624,0.00035066699999930506
vm,CoreML (ALL),624,0.00025379200000053004
exec,CoreML (ALL),625,0.0003432500000002392
vm,CoreML (ALL),625,0.00026820799999960343
exec,CoreML (ALL),626,0.00035720800000049735
vm,CoreML (ALL),626,0.00024258299999857513
exec,CoreML (ALL),627,0.0003569579999993522
vm,CoreML (ALL),627,0.00022458299999961184
exec,CoreML (ALL),628,0.0003547079999997038
vm,CoreML (ALL),628,0.00024795899999929816
exec,CoreML (ALL),629,0.00035304100000033145
vm,CoreML (ALL),629,0.00022995800000025213
exec,CoreML (ALL),630,0.00035041699999993625
vm,CoreML (ALL),630,0.00025429199999926766
exec,CoreML (ALL),631,0.00035112499999989666
vm,CoreML (ALL),631,0.00023600000000101318
exec,CoreML (ALL),632,0.00035000000000096065
vm,CoreML (ALL),632,0.00025304200000064725
exec,CoreML (ALL),633,0.00035429200000081096
vm,CoreML (ALL),633,0.00025479199999978164
exec,CoreML (ALL),634,0.0003485000000011951
vm,CoreML (ALL),634,0.00023449999999947124
exec,CoreML (ALL),635,0.0003538330000001366
vm,CoreML (ALL),635,0.00023770900000030792
exec,CoreML (ALL),636,0.00035116699999981904
vm,CoreML (ALL),636,0.00023499999999998522
exec,CoreML (ALL),637,0.00035829200000137007
vm,CoreML (ALL),637,0.00023608400000085794
exec,CoreML (ALL),638,0.000360334000001572
vm,CoreML (ALL),638,0.00030787500000073464
exec,CoreML (ALL),639,0.0003557079999989554
vm,CoreML (ALL),639,0.00025437500000080604
exec,CoreML (ALL),640,0.0003605840000009408
vm,CoreML (ALL),640,0.00026037499999986835
exec,CoreML (ALL),641,0.0003618329999994785
vm,CoreML (ALL),641,0.00022004100000039273
exec,CoreML (ALL),642,0.0003559580000001006
vm,CoreML (ALL),642,0.0002761249999991833
exec,CoreML (ALL),643,0.0003595000000000681
vm,CoreML (ALL),643,0.0002630830000001083
exec,CoreML (ALL),644,0.00035674999999990575
vm,CoreML (ALL),644,0.0002308749999997417
exec,CoreML (ALL),645,0.00035995799999888334
vm,CoreML (ALL),645,0.00022183300000122586
exec,CoreML (ALL),646,0.00035766699999939533
vm,CoreML (ALL),646,0.00023412500000041803
exec,CoreML (ALL),647,0.0003608330000002269
vm,CoreML (ALL),647,0.000245624999999805
exec,CoreML (ALL),648,0.0003600830000003441
vm,CoreML (ALL),648,0.00021087500000049886
exec,CoreML (ALL),649,0.00035749999999978854
vm,CoreML (ALL),649,0.00028683300000054146
exec,CoreML (ALL),650,0.0003549579999990726
vm,CoreML (ALL),650,0.00023854199999995274
exec,CoreML (ALL),651,0.0007567920000006723
vm,CoreML (ALL),651,0.0002661670000012606
exec,CoreML (ALL),652,0.0005762499999999449
vm,CoreML (ALL),652,0.0002444579999991703
exec,CoreML (ALL),653,0.0003615830000001097
vm,CoreML (ALL),653,0.0002462500000000034
exec,CoreML (ALL),654,0.00040129100000108053
vm,CoreML (ALL),654,0.00021820800000149632
exec,CoreML (ALL),655,0.0003905839999998051
vm,CoreML (ALL),655,0.0002374999999990024
exec,CoreML (ALL),656,0.00038250000000061846
vm,CoreML (ALL),656,0.0002542079999994229
exec,CoreML (ALL),657,0.0003873340000009051
vm,CoreML (ALL),657,0.0002465000000011486
exec,CoreML (ALL),658,0.00038229199999939567
vm,CoreML (ALL),658,0.0002552910000002129
exec,CoreML (ALL),659,0.0003894589999990927
vm,CoreML (ALL),659,0.00023608399999908158
exec,CoreML (ALL),660,0.00038641599999955645
vm,CoreML (ALL),660,0.0002300000000001745
exec,CoreML (ALL),661,0.0003827080000000649
vm,CoreML (ALL),661,0.0002199169999990147
exec,CoreML (ALL),662,0.0003824580000006961
vm,CoreML (ALL),662,0.00024533300000051383
exec,CoreML (ALL),663,0.0003864580000012552
vm,CoreML (ALL),663,0.0002490840000000105
exec,CoreML (ALL),664,0.00038508299999939766
vm,CoreML (ALL),664,0.0002444590000010294
exec,CoreML (ALL),665,0.00038620900000019276
vm,CoreML (ALL),665,0.0002510840000002901
exec,CoreML (ALL),666,0.0003827909999998269
vm,CoreML (ALL),666,0.00022708299999862902
exec,CoreML (ALL),667,0.00038895800000027236
vm,CoreML (ALL),667,0.0002090419999998261
exec,CoreML (ALL),668,0.00038570900000145514
vm,CoreML (ALL),668,0.00023383300000112683
exec,CoreML (ALL),669,0.0003835409999997097
vm,CoreML (ALL),669,0.00025474999999985926
exec,CoreML (ALL),670,0.00038445800000097563
vm,CoreML (ALL),670,0.00024045900000047027
exec,CoreML (ALL),671,0.0003877909999996376
vm,CoreML (ALL),671,0.00023695900000042514
exec,CoreML (ALL),672,0.00037937499999962654
vm,CoreML (ALL),672,0.00024179200000062906
exec,CoreML (ALL),673,0.0003752089999995434
vm,CoreML (ALL),673,0.00024462499999877707
exec,CoreML (ALL),674,0.00038437499999943725
vm,CoreML (ALL),674,0.0002331670000010888
exec,CoreML (ALL),675,0.00038650000000117757
vm,CoreML (ALL),675,0.0002283329999990258
exec,CoreML (ALL),676,0.00038975000000007753
vm,CoreML (ALL),676,0.0002474160000005554
exec,CoreML (ALL),677,0.00038720899999944436
vm,CoreML (ALL),677,0.00025016699999902414
exec,CoreML (ALL),678,0.00037533299999914504
vm,CoreML (ALL),678,0.0002258330000000086
exec,CoreML (ALL),679,0.00038812500000062755
vm,CoreML (ALL),679,0.0002490840000000105
exec,CoreML (ALL),680,0.00037866699999966613
vm,CoreML (ALL),680,0.00024366699999944785
exec,CoreML (ALL),681,0.0003824999999988421
vm,CoreML (ALL),681,0.0002463749999996878
exec,CoreML (ALL),682,0.00038354199999979244
vm,CoreML (ALL),682,0.00025770799999946803
exec,CoreML (ALL),683,0.00038779199999972036
vm,CoreML (ALL),683,0.0002492079999996122
exec,CoreML (ALL),684,0.0003860830000004256
vm,CoreML (ALL),684,0.00023329200000077321
exec,CoreML (ALL),685,0.0003853750000004652
vm,CoreML (ALL),685,0.00023716699999987156
exec,CoreML (ALL),686,0.00038354199999979244
vm,CoreML (ALL),686,0.0002793749999998596
exec,CoreML (ALL),687,0.00038604200000058597
vm,CoreML (ALL),687,0.00024312500000078785
exec,CoreML (ALL),688,0.0003832090000006616
vm,CoreML (ALL),688,0.0002081250000003365
exec,CoreML (ALL),689,0.00039133299999960514
vm,CoreML (ALL),689,0.00026441700000034984
exec,CoreML (ALL),690,0.00038337500000018565
vm,CoreML (ALL),690,0.0002265829999998914
exec,CoreML (ALL),691,0.00038266700000022524
vm,CoreML (ALL),691,0.00021908299999928715
exec,CoreML (ALL),692,0.000388415999999836
vm,CoreML (ALL),692,0.0002619580000011723
exec,CoreML (ALL),693,0.00038916699999980153
vm,CoreML (ALL),693,0.00027320799999941414
exec,CoreML (ALL),694,0.00038291600000128767
vm,CoreML (ALL),694,0.00023916700000015112
exec,CoreML (ALL),695,0.0003861670000002704
vm,CoreML (ALL),695,0.00022133299999893552
exec,CoreML (ALL),696,0.00037766700000041453
vm,CoreML (ALL),696,0.0002752079999996937
exec,CoreML (ALL),697,0.00035983299999919893
vm,CoreML (ALL),697,0.0002282920000009625
exec,CoreML (ALL),698,0.00035991599999896096
vm,CoreML (ALL),698,0.00028170800000104634
exec,CoreML (ALL),699,0.0003597910000010529
vm,CoreML (ALL),699,0.0002402500000009411
exec,CoreML (ALL),700,0.00035841600000097174
vm,CoreML (ALL),700,0.0002314580000000177
exec,CoreML (ALL),701,0.0007503749999990816
vm,CoreML (ALL),701,0.0002750830000000093
exec,CoreML (ALL),702,0.0003604580000011737
vm,CoreML (ALL),702,0.00025891700000002515
exec,CoreML (ALL),703,0.0003632919999994044
vm,CoreML (ALL),703,0.00023108299999918813
exec,CoreML (ALL),704,0.00036395799999944245
vm,CoreML (ALL),704,0.00024266700000019625
exec,CoreML (ALL),705,0.00036237499999991485
vm,CoreML (ALL),705,0.0002578330000009288
exec,CoreML (ALL),706,0.0003609999999998337
vm,CoreML (ALL),706,0.00022304200000000662
exec,CoreML (ALL),707,0.0003651250000000772
vm,CoreML (ALL),707,0.0002815409999996632
exec,CoreML (ALL),708,0.0003662499999990132
vm,CoreML (ALL),708,0.00025279099999941934
exec,CoreML (ALL),709,0.00036108300000137206
vm,CoreML (ALL),709,0.00023179099999914854
exec,CoreML (ALL),710,0.0003611249999995181
vm,CoreML (ALL),710,0.00021145800000077486
exec,CoreML (ALL),711,0.0003548749999993106
vm,CoreML (ALL),711,0.00028854099999975347
exec,CoreML (ALL),712,0.00036404200000106357
vm,CoreML (ALL),712,0.00023333300000061286
exec,CoreML (ALL),713,0.0003651669999999996
vm,CoreML (ALL),713,0.00022866599999993298
exec,CoreML (ALL),714,0.0003545000000002574
vm,CoreML (ALL),714,0.0002508330000008385
exec,CoreML (ALL),715,0.0003610409999996733
vm,CoreML (ALL),715,0.00023645799999982842
exec,CoreML (ALL),716,0.0003615830000001097
vm,CoreML (ALL),716,0.00022833300000080214
exec,CoreML (ALL),717,0.0003662080000008672
vm,CoreML (ALL),717,0.00022749999999938098
exec,CoreML (ALL),718,0.00036004200000050446
vm,CoreML (ALL),718,0.000246125000000319
exec,CoreML (ALL),719,0.0003615830000001097
vm,CoreML (ALL),719,0.00024104199999896991
exec,CoreML (ALL),720,0.00036125000000097884
vm,CoreML (ALL),720,0.00023341700000045762
exec,CoreML (ALL),721,0.00035837499999935574
vm,CoreML (ALL),721,0.00021183399999991082
exec,CoreML (ALL),722,0.00036358300000038923
vm,CoreML (ALL),722,0.00024683400000036215
exec,CoreML (ALL),723,0.00035829099999951097
vm,CoreML (ALL),723,0.0002429579999994047
exec,CoreML (ALL),724,0.00035529200000006256
vm,CoreML (ALL),724,0.0002300000000001745
exec,CoreML (ALL),725,0.00036320799999955966
vm,CoreML (ALL),725,0.00024304100000094309
exec,CoreML (ALL),726,0.0003606669999989265
vm,CoreML (ALL),726,0.00023216700000006085
exec,CoreML (ALL),727,0.00036200000000086163
vm,CoreML (ALL),727,0.00023033399999938808
exec,CoreML (ALL),728,0.00036225000000023044
vm,CoreML (ALL),728,0.0002453340000005966
exec,CoreML (ALL),729,0.0003577089999993177
vm,CoreML (ALL),729,0.00025425000000112163
exec,CoreML (ALL),730,0.00036162500000003206
vm,CoreML (ALL),730,0.00020979099999962614
exec,CoreML (ALL),731,0.00036300000000011323
vm,CoreML (ALL),731,0.00025366700000084563
exec,CoreML (ALL),732,0.00036095899999999403
vm,CoreML (ALL),732,0.00024929100000115056
exec,CoreML (ALL),733,0.0003612910000008185
vm,CoreML (ALL),733,0.00023733399999947835
exec,CoreML (ALL),734,0.0003614169999988093
vm,CoreML (ALL),734,0.00024083299999944074
exec,CoreML (ALL),735,0.00035258299999973985
vm,CoreML (ALL),735,0.00023012499999985891
exec,CoreML (ALL),736,0.00035916700000093726
vm,CoreML (ALL),736,0.00021920800000074792
exec,CoreML (ALL),737,0.00036137500000066325
vm,CoreML (ALL),737,0.00024875000000079694
exec,CoreML (ALL),738,0.0003516249999986343
vm,CoreML (ALL),738,0.00025183400000017286
exec,CoreML (ALL),739,0.00036029199999987327
vm,CoreML (ALL),739,0.00025612499999994043
exec,CoreML (ALL),740,0.00036445799999995643
vm,CoreML (ALL),740,0.0002566659999985177
exec,CoreML (ALL),741,0.000354958000000849
vm,CoreML (ALL),741,0.0002370830000000268
exec,CoreML (ALL),742,0.000365291999999684
vm,CoreML (ALL),742,0.00023408300000049564
exec,CoreML (ALL),743,0.0003622920000001528
vm,CoreML (ALL),743,0.00023808300000105476
exec,CoreML (ALL),744,0.0003622090000003908
vm,CoreML (ALL),744,0.00023700000000026478
exec,CoreML (ALL),745,0.00036087500000014927
vm,CoreML (ALL),745,0.0002268749999991826
exec,CoreML (ALL),746,0.00035924999999892293
vm,CoreML (ALL),746,0.00024329199999861828
exec,CoreML (ALL),747,0.00036166699999995444
vm,CoreML (ALL),747,0.00024174999999893032
exec,CoreML (ALL),748,0.00035379100000021424
vm,CoreML (ALL),748,0.00025758399999986636
exec,CoreML (ALL),749,0.00036075000000046487
vm,CoreML (ALL),749,0.00022654200000005176
exec,CoreML (ALL),750,0.00036249999999959925
vm,CoreML (ALL),750,0.00020733400000061408
exec,CoreML (ALL),751,0.0007404999999991446
vm,CoreML (ALL),751,0.0002693330000003158
exec,CoreML (ALL),752,0.0006209580000007264
vm,CoreML (ALL),752,0.0002347500000006164
exec,CoreML (ALL),753,0.000385624999999834
vm,CoreML (ALL),753,0.00025487500000132
exec,CoreML (ALL),754,0.0003887090000009863
vm,CoreML (ALL),754,0.0002475830000001622
exec,CoreML (ALL),755,0.00038912499999987915
vm,CoreML (ALL),755,0.00024220899999960466
exec,CoreML (ALL),756,0.0003852920000007032
vm,CoreML (ALL),756,0.00024754200000032256
exec,CoreML (ALL),757,0.0003830420000010548
vm,CoreML (ALL),757,0.00022679199999942057
exec,CoreML (ALL),758,0.00038479100000010646
vm,CoreML (ALL),758,0.0002648329999992427
exec,CoreML (ALL),759,0.0003887090000009863
vm,CoreML (ALL),759,0.00024087500000113948
exec,CoreML (ALL),760,0.0003811250000005373
vm,CoreML (ALL),760,0.0002512499999998141
exec,CoreML (ALL),761,0.0003855839999999944
vm,CoreML (ALL),761,0.00023337500000053524
exec,CoreML (ALL),762,0.0003812080000002993
vm,CoreML (ALL),762,0.00026954199999984496
exec,CoreML (ALL),763,0.00037995799999990254
vm,CoreML (ALL),763,0.0002446670000004758
exec,CoreML (ALL),764,0.00038458300000066004
vm,CoreML (ALL),764,0.0002523749999987501
exec,CoreML (ALL),765,0.000386625000000862
vm,CoreML (ALL),765,0.00026304200000026867
exec,CoreML (ALL),766,0.00037891600000072856
vm,CoreML (ALL),766,0.00022295800000016186
exec,CoreML (ALL),767,0.0003886659999992048
vm,CoreML (ALL),767,0.00023704100000010442
exec,CoreML (ALL),768,0.0003851250000010964
vm,CoreML (ALL),768,0.00024429100000133985
exec,CoreML (ALL),769,0.00037520900000131974
vm,CoreML (ALL),769,0.0002505839999997761
exec,CoreML (ALL),770,0.00038862499999936517
vm,CoreML (ALL),770,0.00021991600000070832
exec,CoreML (ALL),771,0.00037275000000036584
vm,CoreML (ALL),771,0.00023066700000029527
exec,CoreML (ALL),772,0.0003795830000008493
vm,CoreML (ALL),772,0.00029262500000015734
exec,CoreML (ALL),773,0.0003850409999994753
vm,CoreML (ALL),773,0.0002524580000002885
exec,CoreML (ALL),774,0.00038187500000042007
vm,CoreML (ALL),774,0.0002384590000001907
exec,CoreML (ALL),775,0.00038349999999987006
vm,CoreML (ALL),775,0.00025345800000131646
exec,CoreML (ALL),776,0.0003868750000002308
vm,CoreML (ALL),776,0.0002516669999987897
exec,CoreML (ALL),777,0.00038437499999943725
vm,CoreML (ALL),777,0.0002246669999994566
exec,CoreML (ALL),778,0.0003813329999999837
vm,CoreML (ALL),778,0.00029320800000043334
exec,CoreML (ALL),779,0.0003852920000007032
vm,CoreML (ALL),779,0.00023116700000080925
exec,CoreML (ALL),780,0.00038466699999872844
vm,CoreML (ALL),780,0.0002475000000004002
exec,CoreML (ALL),781,0.00038274999999998727
vm,CoreML (ALL),781,0.00023970799999872838
exec,CoreML (ALL),782,0.00038400000000038403
vm,CoreML (ALL),782,0.00021575000000062516
exec,CoreML (ALL),783,0.0003887079999991272
vm,CoreML (ALL),783,0.00026779100000062783
exec,CoreML (ALL),784,0.0003799999999998249
vm,CoreML (ALL),784,0.0002526669999998177
exec,CoreML (ALL),785,0.0003893329999993256
vm,CoreML (ALL),785,0.00024508299999936867
exec,CoreML (ALL),786,0.0003709579999995327
vm,CoreML (ALL),786,0.00022295800000016186
exec,CoreML (ALL),787,0.00036958299999945154
vm,CoreML (ALL),787,0.0002414999999995615
exec,CoreML (ALL),788,0.0003647499999992476
vm,CoreML (ALL),788,0.00024024999999916474
exec,CoreML (ALL),789,0.0003648339999990924
vm,CoreML (ALL),789,0.00034104199999873686
exec,CoreML (ALL),790,0.00036625000000078956
vm,CoreML (ALL),790,0.00024912499999985016
exec,CoreML (ALL),791,0.0003645419999998012
vm,CoreML (ALL),791,0.0002372499999996336
exec,CoreML (ALL),792,0.00036658400000000313
vm,CoreML (ALL),792,0.00024024999999916474
exec,CoreML (ALL),793,0.00036579200000019796
vm,CoreML (ALL),793,0.00022754100000099697
exec,CoreML (ALL),794,0.00036650000000015837
vm,CoreML (ALL),794,0.0002447920000001602
exec,CoreML (ALL),795,0.00036179199999963885
vm,CoreML (ALL),795,0.0002292920000002141
exec,CoreML (ALL),796,0.00036591699999988236
vm,CoreML (ALL),796,0.00023066600000021253
exec,CoreML (ALL),797,0.00037104099999929474
vm,CoreML (ALL),797,0.0002422499999994443
exec,CoreML (ALL),798,0.0003641250000008256
vm,CoreML (ALL),798,0.0002420829999998375
exec,CoreML (ALL),799,0.000365374999999446
vm,CoreML (ALL),799,0.0002433749999983803
exec,CoreML (ALL),800,0.0003652910000013776
vm,CoreML (ALL),800,0.00021308300000022484
exec,CoreML (ALL),801,0.0007169999999998566
vm,CoreML (ALL),801,0.00025258400000005565
exec,CoreML (ALL),802,0.0005833329999997972
vm,CoreML (ALL),802,0.0002474999999986238
exec,CoreML (ALL),803,0.0003545000000002574
vm,CoreML (ALL),803,0.0002607090000008583
exec,CoreML (ALL),804,0.00037383299999937947
vm,CoreML (ALL),804,0.00024141599999971675
exec,CoreML (ALL),805,0.00037175000000111424
vm,CoreML (ALL),805,0.00023300000000148202
exec,CoreML (ALL),806,0.0003705830000004795
vm,CoreML (ALL),806,0.0002607500000006979
exec,CoreML (ALL),807,0.00036787500000023954
vm,CoreML (ALL),807,0.00022495900000052416
exec,CoreML (ALL),808,0.0003680419999998463
vm,CoreML (ALL),808,0.00024174999999893032
exec,CoreML (ALL),809,0.00036799999999992394
vm,CoreML (ALL),809,0.0002450409999994463
exec,CoreML (ALL),810,0.00037299999999973465
vm,CoreML (ALL),810,0.00023129099999863456
exec,CoreML (ALL),811,0.0003709579999995327
vm,CoreML (ALL),811,0.0002198330000009463
exec,CoreML (ALL),812,0.0003714160000001243
vm,CoreML (ALL),812,0.0002737079999999281
exec,CoreML (ALL),813,0.0003610409999996733
vm,CoreML (ALL),813,0.00024558299999988265
exec,CoreML (ALL),814,0.000372958999999895
vm,CoreML (ALL),814,0.00023166699999954687
exec,CoreML (ALL),815,0.00036070899999884887
vm,CoreML (ALL),815,0.000250040999999257
exec,CoreML (ALL),816,0.0003700000000002035
vm,CoreML (ALL),816,0.00023083299999981932
exec,CoreML (ALL),817,0.0003679170000001619
vm,CoreML (ALL),817,0.0002383749999985696
exec,CoreML (ALL),818,0.00036770800000063275
vm,CoreML (ALL),818,0.00022399999999933584
exec,CoreML (ALL),819,0.00036812499999960835
vm,CoreML (ALL),819,0.00024187500000039108
exec,CoreML (ALL),820,0.0003697500000008347
vm,CoreML (ALL),820,0.0002103330000000625
exec,CoreML (ALL),821,0.00036316699999972
vm,CoreML (ALL),821,0.00026879099999987943
exec,CoreML (ALL),822,0.00037216700000008984
vm,CoreML (ALL),822,0.00022908300000068493
exec,CoreML (ALL),823,0.00036812499999960835
vm,CoreML (ALL),823,0.000256583000000532
exec,CoreML (ALL),824,0.00037191700000072103
vm,CoreML (ALL),824,0.00023466699999907803
exec,CoreML (ALL),825,0.0003698750000005191
vm,CoreML (ALL),825,0.00025387500000029206
exec,CoreML (ALL),826,0.0003693750000000051
vm,CoreML (ALL),826,0.00023816599999904042
exec,CoreML (ALL),827,0.00037508299999977623
vm,CoreML (ALL),827,0.0002269590000008037
exec,CoreML (ALL),828,0.00036591699999988236
vm,CoreML (ALL),828,0.00021716699999885236
exec,CoreML (ALL),829,0.0003687919999997291
vm,CoreML (ALL),829,0.0002523330000006041
exec,CoreML (ALL),830,0.00036829100000090875
vm,CoreML (ALL),830,0.00022474999999921863
exec,CoreML (ALL),831,0.0003717499999993379
vm,CoreML (ALL),831,0.00026195799999939595
exec,CoreML (ALL),832,0.00037087500000154705
vm,CoreML (ALL),832,0.0002727500000005989
exec,CoreML (ALL),833,0.0003690419999990979
vm,CoreML (ALL),833,0.0002484170000016661
exec,CoreML (ALL),834,0.00036174999999971647
vm,CoreML (ALL),834,0.0002283329999990258
exec,CoreML (ALL),835,0.00036566700000051355
vm,CoreML (ALL),835,0.00023787499999983197
exec,CoreML (ALL),836,0.0003696249999993739
vm,CoreML (ALL),836,0.0002393339999997579
exec,CoreML (ALL),837,0.0003675000000011863
vm,CoreML (ALL),837,0.00021800000000027353
exec,CoreML (ALL),838,0.00037070799999838755
vm,CoreML (ALL),838,0.00028820800000062263
exec,CoreML (ALL),839,0.00037091700000146943
vm,CoreML (ALL),839,0.00021987499999909232
exec,CoreML (ALL),840,0.0003654999999991304
vm,CoreML (ALL),840,0.0002574170000002596
exec,CoreML (ALL),841,0.0003686670000000447
vm,CoreML (ALL),841,0.0002451670000009898
exec,CoreML (ALL),842,0.00036241699999983723
vm,CoreML (ALL),842,0.0002212499999991735
exec,CoreML (ALL),843,0.00037474999999886904
vm,CoreML (ALL),843,0.0002495840000005245
exec,CoreML (ALL),844,0.00037125000000060027
vm,CoreML (ALL),844,0.0002257089999986306
exec,CoreML (ALL),845,0.00036654200000008075
vm,CoreML (ALL),845,0.0002601249999987232
exec,CoreML (ALL),846,0.0003710829999992171
vm,CoreML (ALL),846,0.00023441699999970922
exec,CoreML (ALL),847,0.00036408299999912686
vm,CoreML (ALL),847,0.00023341700000045762
exec,CoreML (ALL),848,0.0003652499999997616
vm,CoreML (ALL),848,0.00024141599999971675
exec,CoreML (ALL),849,0.0003702080000014263
vm,CoreML (ALL),849,0.00029358299999948656
exec,CoreML (ALL),850,0.0003712919999987463
vm,CoreML (ALL),850,0.0003206670000004408
exec,CoreML (ALL),851,0.0007989999999988839
vm,CoreML (ALL),851,0.00027137500000051773
exec,CoreML (ALL),852,0.0006533749999988459
vm,CoreML (ALL),852,0.0002404170000005479
exec,CoreML (ALL),853,0.0006594160000013005
vm,CoreML (ALL),853,0.00024679100000035703
exec,CoreML (ALL),854,0.0006517080000012498
vm,CoreML (ALL),854,0.00022616699999922218
exec,CoreML (ALL),855,0.0006577500000002345
vm,CoreML (ALL),855,0.00025379200000053004
exec,CoreML (ALL),856,0.0006520840000003858
vm,CoreML (ALL),856,0.00024262500000027387
exec,CoreML (ALL),857,0.000650333999999475
vm,CoreML (ALL),857,0.0002543329999991073
exec,CoreML (ALL),858,0.0006546249999992426
vm,CoreML (ALL),858,0.0002715410000000418
exec,CoreML (ALL),859,0.0006299999999992423
vm,CoreML (ALL),859,0.00023570799999994563
exec,CoreML (ALL),860,0.0006535000000003066
vm,CoreML (ALL),860,0.00023299999999970566
exec,CoreML (ALL),861,0.0006636659999994521
vm,CoreML (ALL),861,0.00023212500000013847
exec,CoreML (ALL),862,0.0006479580000000595
vm,CoreML (ALL),862,0.00022204200000075502
exec,CoreML (ALL),863,0.0006553750000009018
vm,CoreML (ALL),863,0.0002683750000009866
exec,CoreML (ALL),864,0.0006702500000006495
vm,CoreML (ALL),864,0.00022312499999976865
exec,CoreML (ALL),865,0.0006602499999992517
vm,CoreML (ALL),865,0.0002673749999999586
exec,CoreML (ALL),866,0.0006582079999990498
vm,CoreML (ALL),866,0.00023645899999991116
exec,CoreML (ALL),867,0.0006512079999989595
vm,CoreML (ALL),867,0.0002463339999998482
exec,CoreML (ALL),868,0.0006311249999999546
vm,CoreML (ALL),868,0.00025258400000005565
exec,CoreML (ALL),869,0.0006495419999996699
vm,CoreML (ALL),869,0.00025416699999958325
exec,CoreML (ALL),870,0.0006567079999992842
vm,CoreML (ALL),870,0.00024524999999897545
exec,CoreML (ALL),871,0.0006542090000003498
vm,CoreML (ALL),871,0.0002459580000007122
exec,CoreML (ALL),872,0.0006547500000007034
vm,CoreML (ALL),872,0.00023554200000042158
exec,CoreML (ALL),873,0.0006507500000001443
vm,CoreML (ALL),873,0.00021650000000050795
exec,CoreML (ALL),874,0.0006495839999995923
vm,CoreML (ALL),874,0.0002542499999993453
exec,CoreML (ALL),875,0.0006322079999989683
vm,CoreML (ALL),875,0.00024654200000107096
exec,CoreML (ALL),876,0.0006584170000003553
vm,CoreML (ALL),876,0.00024404099999841833
exec,CoreML (ALL),877,0.0006643749999994952
vm,CoreML (ALL),877,0.000270207999999883
exec,CoreML (ALL),878,0.0006667089999989884
vm,CoreML (ALL),878,0.00025770899999955077
exec,CoreML (ALL),879,0.0006527500000004238
vm,CoreML (ALL),879,0.00021341599999935568
exec,CoreML (ALL),880,0.0006627090000002056
vm,CoreML (ALL),880,0.0002520830000012353
exec,CoreML (ALL),881,0.0006643330000013492
vm,CoreML (ALL),881,0.00023395800000081124
exec,CoreML (ALL),882,0.0006690830000000147
vm,CoreML (ALL),882,0.00023970799999872838
exec,CoreML (ALL),883,0.0006580000000013797
vm,CoreML (ALL),883,0.0002628330000007395
exec,CoreML (ALL),884,0.0006641670000000488
vm,CoreML (ALL),884,0.00023766700000038554
exec,CoreML (ALL),885,0.0006607079999998433
vm,CoreML (ALL),885,0.00022662499999981378
exec,CoreML (ALL),886,0.000663499999999928
vm,CoreML (ALL),886,0.00024195900000023585
exec,CoreML (ALL),887,0.0006642079999998884
vm,CoreML (ALL),887,0.00021258299999971086
exec,CoreML (ALL),888,0.0006507500000001443
vm,CoreML (ALL),888,0.000278292000000846
exec,CoreML (ALL),889,0.000664000000000442
vm,CoreML (ALL),889,0.00020404200000001538
exec,CoreML (ALL),890,0.0006611660000004349
vm,CoreML (ALL),890,0.00024191700000031346
exec,CoreML (ALL),891,0.0006676670000000939
vm,CoreML (ALL),891,0.00023699999999848842
exec,CoreML (ALL),892,0.0006637499999992968
vm,CoreML (ALL),892,0.0002460000000006346
exec,CoreML (ALL),893,0.0006720410000013999
vm,CoreML (ALL),893,0.00022791700000013293
exec,CoreML (ALL),894,0.000661709000000954
vm,CoreML (ALL),894,0.0002617919999998719
exec,CoreML (ALL),895,0.0006672079999994196
vm,CoreML (ALL),895,0.0002527079999996573
exec,CoreML (ALL),896,0.0006383749999994137
vm,CoreML (ALL),896,0.0002567920000000612
exec,CoreML (ALL),897,0.0006485830000002579
vm,CoreML (ALL),897,0.00020512500000080536
exec,CoreML (ALL),898,0.000663499999999928
vm,CoreML (ALL),898,0.00026404099999943753
exec,CoreML (ALL),899,0.0006710420000004547
vm,CoreML (ALL),899,0.0002418330000004687
exec,CoreML (ALL),900,0.0006552920000011397
vm,CoreML (ALL),900,0.0002294169999998985
exec,CoreML (ALL),901,0.0007387500000000102
vm,CoreML (ALL),901,0.0002771670000001336
exec,CoreML (ALL),902,0.00037887499999911256
vm,CoreML (ALL),902,0.00027479200000080084
exec,CoreML (ALL),903,0.00037387499999930185
vm,CoreML (ALL),903,0.000237957999999594
exec,CoreML (ALL),904,0.0003669590000008327
vm,CoreML (ALL),904,0.0002471249999995706
exec,CoreML (ALL),905,0.00036904100000079154
vm,CoreML (ALL),905,0.0002350419999999076
exec,CoreML (ALL),906,0.0003707500000000863
vm,CoreML (ALL),906,0.00025645799999907126
exec,CoreML (ALL),907,0.00036783300000031716
vm,CoreML (ALL),907,0.0002517919999984741
exec,CoreML (ALL),908,0.0003664590000003187
vm,CoreML (ALL),908,0.00023391699999919524
exec,CoreML (ALL),909,0.00037470799999894666
vm,CoreML (ALL),909,0.00024741599999877906
exec,CoreML (ALL),910,0.00037116700000083824
vm,CoreML (ALL),910,0.0002448340000000826
exec,CoreML (ALL),911,0.0003698330000005967
vm,CoreML (ALL),911,0.0002260410000012314
exec,CoreML (ALL),912,0.0003717079999994155
vm,CoreML (ALL),912,0.00025070799999937776
exec,CoreML (ALL),913,0.00036466599999940286
vm,CoreML (ALL),913,0.0002544160000006457
exec,CoreML (ALL),914,0.0003783340000005353
vm,CoreML (ALL),914,0.00023449999999947124
exec,CoreML (ALL),915,0.0003712090000007606
vm,CoreML (ALL),915,0.00026179099999978916
exec,CoreML (ALL),916,0.000374083999998831
vm,CoreML (ALL),916,0.00023283399999840526
exec,CoreML (ALL),917,0.0003704169999991791
vm,CoreML (ALL),917,0.0002363750000000664
exec,CoreML (ALL),918,0.0003708749999997707
vm,CoreML (ALL),918,0.0002429590000012638
exec,CoreML (ALL),919,0.0003738339999994622
vm,CoreML (ALL),919,0.000222542000001269
exec,CoreML (ALL),920,0.0003697080000009123
vm,CoreML (ALL),920,0.0002468330000002794
exec,CoreML (ALL),921,0.00036762499999909437
vm,CoreML (ALL),921,0.00021787499999881277
exec,CoreML (ALL),922,0.00036712500000035675
vm,CoreML (ALL),922,0.0002601659999985628
exec,CoreML (ALL),923,0.0003644999999998788
vm,CoreML (ALL),923,0.00024912499999985016
exec,CoreML (ALL),924,0.00036958400000131064
vm,CoreML (ALL),924,0.00022770800000060376
exec,CoreML (ALL),925,0.0003711669999990619
vm,CoreML (ALL),925,0.0002615000000005807
exec,CoreML (ALL),926,0.0003707500000000863
vm,CoreML (ALL),926,0.00024229200000114304
exec,CoreML (ALL),927,0.00037162500000142984
vm,CoreML (ALL),927,0.0002567500000001388
exec,CoreML (ALL),928,0.0003696669999992963
vm,CoreML (ALL),928,0.0002478749999994534
exec,CoreML (ALL),929,0.00037187500000079865
vm,CoreML (ALL),929,0.0002098749999994709
exec,CoreML (ALL),930,0.00037033299999933433
vm,CoreML (ALL),930,0.00024970800000012616
exec,CoreML (ALL),931,0.00036758300000094835
vm,CoreML (ALL),931,0.0002987920000006028
exec,CoreML (ALL),932,0.00036837499999897716
vm,CoreML (ALL),932,0.00023366699999982643
exec,CoreML (ALL),933,0.000372958999999895
vm,CoreML (ALL),933,0.0002432499999986959
exec,CoreML (ALL),934,0.00036845800000051554
vm,CoreML (ALL),934,0.00024016699999940272
exec,CoreML (ALL),935,0.0003716249999996535
vm,CoreML (ALL),935,0.0002612920000011343
exec,CoreML (ALL),936,0.0003690409999990152
vm,CoreML (ALL),936,0.0002384590000001907
exec,CoreML (ALL),937,0.00036762500000087073
vm,CoreML (ALL),937,0.00024574999999948943
exec,CoreML (ALL),938,0.00036912499999885995
vm,CoreML (ALL),938,0.0002395000000010583
exec,CoreML (ALL),939,0.00035979200000113565
vm,CoreML (ALL),939,0.0002513750000012749
exec,CoreML (ALL),940,0.0003674159999995652
vm,CoreML (ALL),940,0.00022120799999925111
exec,CoreML (ALL),941,0.000372417000001235
vm,CoreML (ALL),941,0.0002671250000005898
exec,CoreML (ALL),942,0.0003705419999988635
vm,CoreML (ALL),942,0.000256417000001008
exec,CoreML (ALL),943,0.00036629200000071194
vm,CoreML (ALL),943,0.0002790830000005684
exec,CoreML (ALL),944,0.00036683300000106556
vm,CoreML (ALL),944,0.00024412500000003945
exec,CoreML (ALL),945,0.00036662499999984277
vm,CoreML (ALL),945,0.00022333399999929782
exec,CoreML (ALL),946,0.00036808299999968597
vm,CoreML (ALL),946,0.0002394159999994372
exec,CoreML (ALL),947,0.00036383299999975804
vm,CoreML (ALL),947,0.00023762500000046316
exec,CoreML (ALL),948,0.00037170800000119186
vm,CoreML (ALL),948,0.00023454200000116998
exec,CoreML (ALL),949,0.00036483299999900964
vm,CoreML (ALL),949,0.00023966600000058236
exec,CoreML (ALL),950,0.00037012500000166426
vm,CoreML (ALL),950,0.00024595799999893586
exec,CoreML (ALL),951,0.000741041999999581
vm,CoreML (ALL),951,0.0002565839999988384
exec,CoreML (ALL),952,0.0005856669999992903
vm,CoreML (ALL),952,0.0002492909999993742
exec,CoreML (ALL),953,0.0005558329999999501
vm,CoreML (ALL),953,0.00023283300000009888
exec,CoreML (ALL),954,0.0006504999999989991
vm,CoreML (ALL),954,0.00023066700000029527
exec,CoreML (ALL),955,0.0006428750000004868
vm,CoreML (ALL),955,0.000212750000001094
exec,CoreML (ALL),956,0.0006703750000003339
vm,CoreML (ALL),956,0.00026191599999947357
exec,CoreML (ALL),957,0.0006504999999989991
vm,CoreML (ALL),957,0.00020770799999958456
exec,CoreML (ALL),958,0.0006443340000004127
vm,CoreML (ALL),958,0.00028583399999959624
exec,CoreML (ALL),959,0.0006482919999992731
vm,CoreML (ALL),959,0.00022233299999996348
exec,CoreML (ALL),960,0.0006275420000001475
vm,CoreML (ALL),960,0.0002736250000001661
exec,CoreML (ALL),961,0.0005219580000002111
vm,CoreML (ALL),961,0.0002492079999996122
exec,CoreML (ALL),962,0.0005220830000016718
vm,CoreML (ALL),962,0.00024133400000003746
exec,CoreML (ALL),963,0.0004344169999992431
vm,CoreML (ALL),963,0.0002520839999995417
exec,CoreML (ALL),964,0.0005527079999989581
vm,CoreML (ALL),964,0.0002538749999985157
exec,CoreML (ALL),965,0.0006360839999999257
vm,CoreML (ALL),965,0.00023741699999924037
exec,CoreML (ALL),966,0.0006470420000006527
vm,CoreML (ALL),966,0.00025154100000079893
exec,CoreML (ALL),967,0.0006424579999997349
vm,CoreML (ALL),967,0.00024141699999979949
exec,CoreML (ALL),968,0.0006407500000005228
vm,CoreML (ALL),968,0.0002459170000008726
exec,CoreML (ALL),969,0.0006432079999996176
vm,CoreML (ALL),969,0.00024358300000137945
exec,CoreML (ALL),970,0.0006409579999999693
vm,CoreML (ALL),970,0.00024183400000055144
exec,CoreML (ALL),971,0.0006428339999988708
vm,CoreML (ALL),971,0.00023729200000133233
exec,CoreML (ALL),972,0.0006438749999997384
vm,CoreML (ALL),972,0.00023524999999935403
exec,CoreML (ALL),973,0.0006378330000007537
vm,CoreML (ALL),973,0.00022979100000064534
exec,CoreML (ALL),974,0.0006430410000000109
vm,CoreML (ALL),974,0.00023904100000038397
exec,CoreML (ALL),975,0.0006570420000002741
vm,CoreML (ALL),975,0.00022404099999917548
exec,CoreML (ALL),976,0.0006495840000013686
vm,CoreML (ALL),976,0.00023266700000057483
exec,CoreML (ALL),977,0.0006468750000010459
vm,CoreML (ALL),977,0.00022333400000107417
exec,CoreML (ALL),978,0.0006289999999999907
vm,CoreML (ALL),978,0.00022720800000008978
exec,CoreML (ALL),979,0.0004712080000004448
vm,CoreML (ALL),979,0.0002717089999997313
exec,CoreML (ALL),980,0.0003657500000002756
vm,CoreML (ALL),980,0.000237957999999594
exec,CoreML (ALL),981,0.00036604199999956677
vm,CoreML (ALL),981,0.00021300000000046282
exec,CoreML (ALL),982,0.0003704580000007951
vm,CoreML (ALL),982,0.0002799999999982816
exec,CoreML (ALL),983,0.00036887499999949114
vm,CoreML (ALL),983,0.0002269160000007986
exec,CoreML (ALL),984,0.00036595899999980475
vm,CoreML (ALL),984,0.00026199999999931833
exec,CoreML (ALL),985,0.0003659159999997996
vm,CoreML (ALL),985,0.0002729170000002057
exec,CoreML (ALL),986,0.0003696250000011503
vm,CoreML (ALL),986,0.00025416699999958325
exec,CoreML (ALL),987,0.00036808299999968597
vm,CoreML (ALL),987,0.0002288750000012385
exec,CoreML (ALL),988,0.00036874999999980673
vm,CoreML (ALL),988,0.0002403750000006255
exec,CoreML (ALL),989,0.0003622910000000701
vm,CoreML (ALL),989,0.00025733299999863846
exec,CoreML (ALL),990,0.0003635420000005496
vm,CoreML (ALL),990,0.00025541699999998
exec,CoreML (ALL),991,0.00036383299999975804
vm,CoreML (ALL),991,0.00023145799999824135
exec,CoreML (ALL),992,0.0003653330000013
vm,CoreML (ALL),992,0.0002413749999998771
exec,CoreML (ALL),993,0.00036312499999979764
vm,CoreML (ALL),993,0.000239665999998806
exec,CoreML (ALL),994,0.00036554200000082915
vm,CoreML (ALL),994,0.00023195900000061442
exec,CoreML (ALL),995,0.00035633399999923654
vm,CoreML (ALL),995,0.00027116699999929494
exec,CoreML (ALL),996,0.00036358300000038923
vm,CoreML (ALL),996,0.00025633299999938686
exec,CoreML (ALL),997,0.00035758299999955057
vm,CoreML (ALL),997,0.00024912499999985016
exec,CoreML (ALL),998,0.00036283399999881283
vm,CoreML (ALL),998,0.00022650000000012938
exec,CoreML (ALL),999,0.0003632500000012584
vm,CoreML (ALL),999,0.00026495899999900985
exec,CoreML (ALL),1000,0.0003595000000000681
vm,CoreML (ALL),1000,0.000245083000001145
exec,CoreML (CPU_AND_GPU),1,0.00022395799999941346
vm,CoreML (CPU_AND_GPU),1,0.00027099999999968816
exec,CoreML (CPU_AND_GPU),2,0.00015970799999998064
vm,CoreML (CPU_AND_GPU),2,0.0002850419999997911
exec,CoreML (CPU_AND_GPU),3,0.00015316600000048197
vm,CoreML (CPU_AND_GPU),3,0.0002074170000003761
exec,CoreML (CPU_AND_GPU),4,0.00016841699999936566
vm,CoreML (CPU_AND_GPU),4,0.0002543329999991073
exec,CoreML (CPU_AND_GPU),5,0.0001610000000002998
vm,CoreML (CPU_AND_GPU),5,0.00022604199999953778
exec,CoreML (CPU_AND_GPU),6,0.00016800000000039006
vm,CoreML (CPU_AND_GPU),6,0.0002077089999996673
exec,CoreML (CPU_AND_GPU),7,0.00014562500000003809
vm,CoreML (CPU_AND_GPU),7,0.00018791599999978814
exec,CoreML (CPU_AND_GPU),8,0.00015458400000056827
vm,CoreML (CPU_AND_GPU),8,0.00022995900000033487
exec,CoreML (CPU_AND_GPU),9,0.00014420800000003453
vm,CoreML (CPU_AND_GPU),9,0.00026287499999888553
exec,CoreML (CPU_AND_GPU),10,0.0001300830000001696
vm,CoreML (CPU_AND_GPU),10,0.0002142919999990056
exec,CoreML (CPU_AND_GPU),11,0.00014550000000035368
vm,CoreML (CPU_AND_GPU),11,0.000213208999999992
exec,CoreML (CPU_AND_GPU),12,0.0001441250000002725
vm,CoreML (CPU_AND_GPU),12,0.00019941599999917514
exec,CoreML (CPU_AND_GPU),13,0.00013604099999930952
vm,CoreML (CPU_AND_GPU),13,0.00019220899999972119
exec,CoreML (CPU_AND_GPU),14,0.00012870900000017116
vm,CoreML (CPU_AND_GPU),14,0.00018020799999973747
exec,CoreML (CPU_AND_GPU),15,0.00013345800000053032
vm,CoreML (CPU_AND_GPU),15,0.00019112499999884847
exec,CoreML (CPU_AND_GPU),16,0.0001326250000008855
vm,CoreML (CPU_AND_GPU),16,0.0001915839999995228
exec,CoreML (CPU_AND_GPU),17,0.00012779099999882249
vm,CoreML (CPU_AND_GPU),17,0.0001848329999987186
exec,CoreML (CPU_AND_GPU),18,0.00013079200000021274
vm,CoreML (CPU_AND_GPU),18,0.00018512499999978616
exec,CoreML (CPU_AND_GPU),19,0.00014191700000054652
vm,CoreML (CPU_AND_GPU),19,0.0002339159999991125
exec,CoreML (CPU_AND_GPU),20,0.000129083000000918
vm,CoreML (CPU_AND_GPU),20,0.0002510420000003677
exec,CoreML (CPU_AND_GPU),21,0.00012462499999976728
vm,CoreML (CPU_AND_GPU),21,0.0001881249999993173
exec,CoreML (CPU_AND_GPU),22,0.0001375000000010118
vm,CoreML (CPU_AND_GPU),22,0.00019554200000015953
exec,CoreML (CPU_AND_GPU),23,0.00013116699999926595
vm,CoreML (CPU_AND_GPU),23,0.00020645800000096415
exec,CoreML (CPU_AND_GPU),24,0.00012629199999913965
vm,CoreML (CPU_AND_GPU),24,0.00019733299999913356
exec,CoreML (CPU_AND_GPU),25,0.0001241249999992533
vm,CoreML (CPU_AND_GPU),25,0.00019562499999992156
exec,CoreML (CPU_AND_GPU),26,0.0001244580000001605
vm,CoreML (CPU_AND_GPU),26,0.00020004199999945627
exec,CoreML (CPU_AND_GPU),27,0.00012249999999980332
vm,CoreML (CPU_AND_GPU),27,0.00019687500000031832
exec,CoreML (CPU_AND_GPU),28,0.00012570900000064
vm,CoreML (CPU_AND_GPU),28,0.00020041700000028584
exec,CoreML (CPU_AND_GPU),29,0.00012187499999960494
vm,CoreML (CPU_AND_GPU),29,0.00022170899999984783
exec,CoreML (CPU_AND_GPU),30,0.00012362500000051568
vm,CoreML (CPU_AND_GPU),30,0.000202375000000643
exec,CoreML (CPU_AND_GPU),31,0.00012270900000110885
vm,CoreML (CPU_AND_GPU),31,0.00018033299999942187
exec,CoreML (CPU_AND_GPU),32,0.00012529199999988805
vm,CoreML (CPU_AND_GPU),32,0.0001972500000011479
exec,CoreML (CPU_AND_GPU),33,0.00012145800000062934
vm,CoreML (CPU_AND_GPU),33,0.00018766600000041933
exec,CoreML (CPU_AND_GPU),34,0.00012433400000055883
vm,CoreML (CPU_AND_GPU),34,0.0001859589999995137
exec,CoreML (CPU_AND_GPU),35,0.0001232499999996861
vm,CoreML (CPU_AND_GPU),35,0.00020220799999925987
exec,CoreML (CPU_AND_GPU),36,0.00011412499999963188
vm,CoreML (CPU_AND_GPU),36,0.00019237499999924523
exec,CoreML (CPU_AND_GPU),37,0.0002687080000001174
vm,CoreML (CPU_AND_GPU),37,0.00020575000000100374
exec,CoreML (CPU_AND_GPU),38,0.00027870799999973883
vm,CoreML (CPU_AND_GPU),38,0.00022700000000064335
exec,CoreML (CPU_AND_GPU),39,0.0001452499999992085
vm,CoreML (CPU_AND_GPU),39,0.0001996669999986267
exec,CoreML (CPU_AND_GPU),40,0.00014179100000077938
vm,CoreML (CPU_AND_GPU),40,0.00023795800000137035
exec,CoreML (CPU_AND_GPU),41,0.00013262499999910915
vm,CoreML (CPU_AND_GPU),41,0.00021316599999998687
exec,CoreML (CPU_AND_GPU),42,0.0001347499999990731
vm,CoreML (CPU_AND_GPU),42,0.0002257500000002466
exec,CoreML (CPU_AND_GPU),43,0.00012133399999925132
vm,CoreML (CPU_AND_GPU),43,0.0002261249999992998
exec,CoreML (CPU_AND_GPU),44,0.00012304100000015694
vm,CoreML (CPU_AND_GPU),44,0.00020787499999919135
exec,CoreML (CPU_AND_GPU),45,0.00012016699999861657
vm,CoreML (CPU_AND_GPU),45,0.00024983299999981057
exec,CoreML (CPU_AND_GPU),46,0.00012233399999850292
vm,CoreML (CPU_AND_GPU),46,0.0002552920000002956
exec,CoreML (CPU_AND_GPU),47,0.00012824999999949682
vm,CoreML (CPU_AND_GPU),47,0.00022954100000127653
exec,CoreML (CPU_AND_GPU),48,0.00012308300000007932
vm,CoreML (CPU_AND_GPU),48,0.00022820799999934138
exec,CoreML (CPU_AND_GPU),49,0.00012533399999981043
vm,CoreML (CPU_AND_GPU),49,0.0002694160000000778
exec,CoreML (CPU_AND_GPU),50,0.00012079100000050857
vm,CoreML (CPU_AND_GPU),50,0.00023733300000117197
exec,CoreML (CPU_AND_GPU),51,0.00023037499999922773
vm,CoreML (CPU_AND_GPU),51,0.00023820800000073916
exec,CoreML (CPU_AND_GPU),52,0.0001564999999992267
vm,CoreML (CPU_AND_GPU),52,0.00026395800000145186
exec,CoreML (CPU_AND_GPU),53,0.00014308300000109853
vm,CoreML (CPU_AND_GPU),53,0.0002790830000005684
exec,CoreML (CPU_AND_GPU),54,0.00013770900000054098
vm,CoreML (CPU_AND_GPU),54,0.00023887499999908357
exec,CoreML (CPU_AND_GPU),55,0.00013741699999947343
vm,CoreML (CPU_AND_GPU),55,0.00025254200000013327
exec,CoreML (CPU_AND_GPU),56,0.00014041700000078094
vm,CoreML (CPU_AND_GPU),56,0.0002588750000001028
exec,CoreML (CPU_AND_GPU),57,0.00014620899999862047
vm,CoreML (CPU_AND_GPU),57,0.0002310419999993485
exec,CoreML (CPU_AND_GPU),58,0.00014112500000074135
vm,CoreML (CPU_AND_GPU),58,0.0002248750000006794
exec,CoreML (CPU_AND_GPU),59,0.000128458999999026
vm,CoreML (CPU_AND_GPU),59,0.00028712499999983265
exec,CoreML (CPU_AND_GPU),60,0.00014720899999964843
vm,CoreML (CPU_AND_GPU),60,0.00025487499999954366
exec,CoreML (CPU_AND_GPU),61,0.00014104200000097933
vm,CoreML (CPU_AND_GPU),61,0.00023141700000017806
exec,CoreML (CPU_AND_GPU),62,0.00013929200000006858
vm,CoreML (CPU_AND_GPU),62,0.00023775000000014757
exec,CoreML (CPU_AND_GPU),63,0.00014191600000046378
vm,CoreML (CPU_AND_GPU),63,0.0002529580000008025
exec,CoreML (CPU_AND_GPU),64,0.00014666699999921207
vm,CoreML (CPU_AND_GPU),64,0.00025541699999998
exec,CoreML (CPU_AND_GPU),65,0.00014299999999956015
vm,CoreML (CPU_AND_GPU),65,0.00025091600000060055
exec,CoreML (CPU_AND_GPU),66,0.00013845900000042377
vm,CoreML (CPU_AND_GPU),66,0.00024412500000003945
exec,CoreML (CPU_AND_GPU),67,0.00013629200000053743
vm,CoreML (CPU_AND_GPU),67,0.00023158300000147847
exec,CoreML (CPU_AND_GPU),68,0.00013529199999950947
vm,CoreML (CPU_AND_GPU),68,0.0002529160000008801
exec,CoreML (CPU_AND_GPU),69,0.00014016700000141213
vm,CoreML (CPU_AND_GPU),69,0.00021779100000074436
exec,CoreML (CPU_AND_GPU),70,0.00013724999999986665
vm,CoreML (CPU_AND_GPU),70,0.0002842499999999859
exec,CoreML (CPU_AND_GPU),71,0.00013479200000077185
vm,CoreML (CPU_AND_GPU),71,0.0002580000000005356
exec,CoreML (CPU_AND_GPU),72,0.00013329099999914718
vm,CoreML (CPU_AND_GPU),72,0.00025533300000013526
exec,CoreML (CPU_AND_GPU),73,0.00013808299999951146
vm,CoreML (CPU_AND_GPU),73,0.0002420829999998375
exec,CoreML (CPU_AND_GPU),74,0.00013491600000037351
vm,CoreML (CPU_AND_GPU),74,0.00025116599999996936
exec,CoreML (CPU_AND_GPU),75,0.00013575000000010107
vm,CoreML (CPU_AND_GPU),75,0.0002169579999993232
exec,CoreML (CPU_AND_GPU),76,0.00014320800000078293
vm,CoreML (CPU_AND_GPU),76,0.00024304099999916673
exec,CoreML (CPU_AND_GPU),77,0.00013458399999954906
vm,CoreML (CPU_AND_GPU),77,0.00022675000000127454
exec,CoreML (CPU_AND_GPU),78,0.00014316600000086055
vm,CoreML (CPU_AND_GPU),78,0.00022504200000028618
exec,CoreML (CPU_AND_GPU),79,0.00013441599999985954
vm,CoreML (CPU_AND_GPU),79,0.0002474589999987842
exec,CoreML (CPU_AND_GPU),80,0.00013420900000049585
vm,CoreML (CPU_AND_GPU),80,0.0002577080000012444
exec,CoreML (CPU_AND_GPU),81,0.00014229100000129336
vm,CoreML (CPU_AND_GPU),81,0.00023679200000081835
exec,CoreML (CPU_AND_GPU),82,0.00014545900000051404
vm,CoreML (CPU_AND_GPU),82,0.0002412500000001927
exec,CoreML (CPU_AND_GPU),83,0.00013841600000041865
vm,CoreML (CPU_AND_GPU),83,0.00024437499999940826
exec,CoreML (CPU_AND_GPU),84,0.00013358300000021472
vm,CoreML (CPU_AND_GPU),84,0.00026037499999986835
exec,CoreML (CPU_AND_GPU),85,0.000139416999999753
vm,CoreML (CPU_AND_GPU),85,0.00025233400000068684
exec,CoreML (CPU_AND_GPU),86,0.00013691699999895945
vm,CoreML (CPU_AND_GPU),86,0.0002531249999986329
exec,CoreML (CPU_AND_GPU),87,0.00013754199999915784
vm,CoreML (CPU_AND_GPU),87,0.0002419580000001531
exec,CoreML (CPU_AND_GPU),88,0.00014829199999866205
vm,CoreML (CPU_AND_GPU),88,0.00023112500000088687
exec,CoreML (CPU_AND_GPU),89,0.00029637500000134764
vm,CoreML (CPU_AND_GPU),89,0.0002583749999995888
exec,CoreML (CPU_AND_GPU),90,0.00025804200000045796
vm,CoreML (CPU_AND_GPU),90,0.0002658340000003534
exec,CoreML (CPU_AND_GPU),91,0.00017704200000068226
vm,CoreML (CPU_AND_GPU),91,0.0003384999999997973
exec,CoreML (CPU_AND_GPU),92,0.00015325000000032674
vm,CoreML (CPU_AND_GPU),92,0.0002750830000000093
exec,CoreML (CPU_AND_GPU),93,0.00014645800000145925
vm,CoreML (CPU_AND_GPU),93,0.00023662500000121156
exec,CoreML (CPU_AND_GPU),94,0.00014662500000106604
vm,CoreML (CPU_AND_GPU),94,0.00023362499999990405
exec,CoreML (CPU_AND_GPU),95,0.00014404200000051048
vm,CoreML (CPU_AND_GPU),95,0.00022945799999973815
exec,CoreML (CPU_AND_GPU),96,0.00013541599999911114
vm,CoreML (CPU_AND_GPU),96,0.00023012499999985891
exec,CoreML (CPU_AND_GPU),97,0.00014245800000090014
vm,CoreML (CPU_AND_GPU),97,0.00021424999999908323
exec,CoreML (CPU_AND_GPU),98,0.0001381250000012102
vm,CoreML (CPU_AND_GPU),98,0.00023100000000120247
exec,CoreML (CPU_AND_GPU),99,0.00014016700000141213
vm,CoreML (CPU_AND_GPU),99,0.00021425000000085959
exec,CoreML (CPU_AND_GPU),100,0.00014162499999947897
vm,CoreML (CPU_AND_GPU),100,0.00023095799999950373
exec,CoreML (CPU_AND_GPU),101,0.0002049999999993446
vm,CoreML (CPU_AND_GPU),101,0.00023812499999920078
exec,CoreML (CPU_AND_GPU),102,0.0001604170000000238
vm,CoreML (CPU_AND_GPU),102,0.0002450839999994514
exec,CoreML (CPU_AND_GPU),103,0.0001440839999986565
vm,CoreML (CPU_AND_GPU),103,0.0002507919999992225
exec,CoreML (CPU_AND_GPU),104,0.00014004099999986863
vm,CoreML (CPU_AND_GPU),104,0.00025137499999949853
exec,CoreML (CPU_AND_GPU),105,0.00013141599999855202
vm,CoreML (CPU_AND_GPU),105,0.00024595799999893586
exec,CoreML (CPU_AND_GPU),106,0.00013029199999969876
vm,CoreML (CPU_AND_GPU),106,0.0002306250000003729
exec,CoreML (CPU_AND_GPU),107,0.00013412499999887473
vm,CoreML (CPU_AND_GPU),107,0.000224833000000757
exec,CoreML (CPU_AND_GPU),108,0.00013216600000021117
vm,CoreML (CPU_AND_GPU),108,0.00023137500000025568
exec,CoreML (CPU_AND_GPU),109,0.00013037499999946078
vm,CoreML (CPU_AND_GPU),109,0.00025154100000079893
exec,CoreML (CPU_AND_GPU),110,0.00013258299999918677
vm,CoreML (CPU_AND_GPU),110,0.00024666700000075537
exec,CoreML (CPU_AND_GPU),111,0.00013200000000068712
vm,CoreML (CPU_AND_GPU),111,0.00024945800000075735
exec,CoreML (CPU_AND_GPU),112,0.0001299169999988692
vm,CoreML (CPU_AND_GPU),112,0.0002406669999999167
exec,CoreML (CPU_AND_GPU),113,0.00013320799999938515
vm,CoreML (CPU_AND_GPU),113,0.00022854100000024857
exec,CoreML (CPU_AND_GPU),114,0.0001597919999998254
vm,CoreML (CPU_AND_GPU),114,0.00027116600000098856
exec,CoreML (CPU_AND_GPU),115,0.0001540420000001319
vm,CoreML (CPU_AND_GPU),115,0.0002373329999993956
exec,CoreML (CPU_AND_GPU),116,0.00015629199999978027
vm,CoreML (CPU_AND_GPU),116,0.000259832999999432
exec,CoreML (CPU_AND_GPU),117,0.00015612500000017349
vm,CoreML (CPU_AND_GPU),117,0.00023795899999967673
exec,CoreML (CPU_AND_GPU),118,0.00015054100000000403
vm,CoreML (CPU_AND_GPU),118,0.0002220840000006774
exec,CoreML (CPU_AND_GPU),119,0.0001495000000009128
vm,CoreML (CPU_AND_GPU),119,0.000288791999999205
exec,CoreML (CPU_AND_GPU),120,0.0001497500000002816
vm,CoreML (CPU_AND_GPU),120,0.00022133299999893552
exec,CoreML (CPU_AND_GPU),121,0.00015687500000005627
vm,CoreML (CPU_AND_GPU),121,0.0002621250000007791
exec,CoreML (CPU_AND_GPU),122,0.00014970799999858286
vm,CoreML (CPU_AND_GPU),122,0.0002344589999996316
exec,CoreML (CPU_AND_GPU),123,0.00015650000000100306
vm,CoreML (CPU_AND_GPU),123,0.0002550409999990677
exec,CoreML (CPU_AND_GPU),124,0.0001484590000000452
vm,CoreML (CPU_AND_GPU),124,0.00024533300000051383
exec,CoreML (CPU_AND_GPU),125,0.00015158300000095437
vm,CoreML (CPU_AND_GPU),125,0.00024116600000034794
exec,CoreML (CPU_AND_GPU),126,0.0001527909999996524
vm,CoreML (CPU_AND_GPU),126,0.0002273329999997742
exec,CoreML (CPU_AND_GPU),127,0.000151041000000518
vm,CoreML (CPU_AND_GPU),127,0.0002636250000005447
exec,CoreML (CPU_AND_GPU),128,0.000152082999999692
vm,CoreML (CPU_AND_GPU),128,0.0002394170000012963
exec,CoreML (CPU_AND_GPU),129,0.0001523329999990608
vm,CoreML (CPU_AND_GPU),129,0.00023679200000081835
exec,CoreML (CPU_AND_GPU),130,0.000147584000000478
vm,CoreML (CPU_AND_GPU),130,0.0002566250000004544
exec,CoreML (CPU_AND_GPU),131,0.00015212499999961437
vm,CoreML (CPU_AND_GPU),131,0.00021933300000043232
exec,CoreML (CPU_AND_GPU),132,0.00014600000000086766
vm,CoreML (CPU_AND_GPU),132,0.0002907919999994846
exec,CoreML (CPU_AND_GPU),133,0.0001481659999988949
vm,CoreML (CPU_AND_GPU),133,0.00023362499999990405
exec,CoreML (CPU_AND_GPU),134,0.00015325000000032674
vm,CoreML (CPU_AND_GPU),134,0.00022345800000067584
exec,CoreML (CPU_AND_GPU),135,0.00015250000000044395
vm,CoreML (CPU_AND_GPU),135,0.00021941600000019434
exec,CoreML (CPU_AND_GPU),136,0.0001471659999996433
vm,CoreML (CPU_AND_GPU),136,0.0002496249999985878
exec,CoreML (CPU_AND_GPU),137,0.00015000000000142677
vm,CoreML (CPU_AND_GPU),137,0.00025925000000093235
exec,CoreML (CPU_AND_GPU),138,0.00014912499999830686
vm,CoreML (CPU_AND_GPU),138,0.0002602910000000236
exec,CoreML (CPU_AND_GPU),139,0.00014837500000020043
vm,CoreML (CPU_AND_GPU),139,0.00024395899999873905
exec,CoreML (CPU_AND_GPU),140,0.00015066599999968844
vm,CoreML (CPU_AND_GPU),140,0.0003197500000009512
exec,CoreML (CPU_AND_GPU),141,0.0001505000000001644
vm,CoreML (CPU_AND_GPU),141,0.0002599590000009755
exec,CoreML (CPU_AND_GPU),142,0.00015170900000072152
vm,CoreML (CPU_AND_GPU),142,0.0002424999999988131
exec,CoreML (CPU_AND_GPU),143,0.0001547910000017083
vm,CoreML (CPU_AND_GPU),143,0.00021370800000042323
exec,CoreML (CPU_AND_GPU),144,0.00014795899999953122
vm,CoreML (CPU_AND_GPU),144,0.0002622080000005411
exec,CoreML (CPU_AND_GPU),145,0.00014799999999937086
vm,CoreML (CPU_AND_GPU),145,0.00025045800000000895
exec,CoreML (CPU_AND_GPU),146,0.00015470800000016993
vm,CoreML (CPU_AND_GPU),146,0.00024308300000086547
exec,CoreML (CPU_AND_GPU),147,0.0001550839999993059
vm,CoreML (CPU_AND_GPU),147,0.00024883300000055897
exec,CoreML (CPU_AND_GPU),148,0.0001542500000013547
vm,CoreML (CPU_AND_GPU),148,0.0002492089999996949
exec,CoreML (CPU_AND_GPU),149,0.00015420799999965595
vm,CoreML (CPU_AND_GPU),149,0.00023808399999936114
exec,CoreML (CPU_AND_GPU),150,0.00016316700000018614
vm,CoreML (CPU_AND_GPU),150,0.00023266700000057483
exec,CoreML (CPU_AND_GPU),151,0.0002142080000009372
vm,CoreML (CPU_AND_GPU),151,0.0002923329999990898
exec,CoreML (CPU_AND_GPU),152,0.00014879199999917603
vm,CoreML (CPU_AND_GPU),152,0.0002449169999998446
exec,CoreML (CPU_AND_GPU),153,0.0001600839999991166
vm,CoreML (CPU_AND_GPU),153,0.00024445800000094664
exec,CoreML (CPU_AND_GPU),154,0.00015220899999945914
vm,CoreML (CPU_AND_GPU),154,0.00024454199999901505
exec,CoreML (CPU_AND_GPU),155,0.00015012499999933482
vm,CoreML (CPU_AND_GPU),155,0.00023412500000041803
exec,CoreML (CPU_AND_GPU),156,0.00014333300000046734
vm,CoreML (CPU_AND_GPU),156,0.00022133299999893552
exec,CoreML (CPU_AND_GPU),157,0.0001474579999989345
vm,CoreML (CPU_AND_GPU),157,0.0002445840000007138
exec,CoreML (CPU_AND_GPU),158,0.00015454200000064588
vm,CoreML (CPU_AND_GPU),158,0.0002445420000007914
exec,CoreML (CPU_AND_GPU),159,0.00015366699999930233
vm,CoreML (CPU_AND_GPU),159,0.00021595900000015433
exec,CoreML (CPU_AND_GPU),160,0.000149874999999966
vm,CoreML (CPU_AND_GPU),160,0.00027283400000044367
exec,CoreML (CPU_AND_GPU),161,0.00015258300000020597
vm,CoreML (CPU_AND_GPU),161,0.0002527910000011957
exec,CoreML (CPU_AND_GPU),162,0.0001442499999999569
vm,CoreML (CPU_AND_GPU),162,0.0002502090000007229
exec,CoreML (CPU_AND_GPU),163,0.0001552500000006063
vm,CoreML (CPU_AND_GPU),163,0.00024866699999925856
exec,CoreML (CPU_AND_GPU),164,0.00014566699999996047
vm,CoreML (CPU_AND_GPU),164,0.00023320800000092845
exec,CoreML (CPU_AND_GPU),165,0.00011749999999999261
vm,CoreML (CPU_AND_GPU),165,0.00025354199999938487
exec,CoreML (CPU_AND_GPU),166,0.0001449999999998397
vm,CoreML (CPU_AND_GPU),166,0.00022470799999929625
exec,CoreML (CPU_AND_GPU),167,0.0001549169999996991
vm,CoreML (CPU_AND_GPU),167,0.000280666000000096
exec,CoreML (CPU_AND_GPU),168,0.00015116700000028516
vm,CoreML (CPU_AND_GPU),168,0.0002449169999998446
exec,CoreML (CPU_AND_GPU),169,0.00014979200000020398
vm,CoreML (CPU_AND_GPU),169,0.00026549999999936347
exec,CoreML (CPU_AND_GPU),170,0.00015266700000005073
vm,CoreML (CPU_AND_GPU),170,0.0002315829999997021
exec,CoreML (CPU_AND_GPU),171,0.0001523340000009199
vm,CoreML (CPU_AND_GPU),171,0.00023058400000053325
exec,CoreML (CPU_AND_GPU),172,0.00013120899999918834
vm,CoreML (CPU_AND_GPU),172,0.00024320899999885626
exec,CoreML (CPU_AND_GPU),173,0.00015025000000079558
vm,CoreML (CPU_AND_GPU),173,0.00021570899999900917
exec,CoreML (CPU_AND_GPU),174,0.00015670899999875587
vm,CoreML (CPU_AND_GPU),174,0.0002508750000007609
exec,CoreML (CPU_AND_GPU),175,0.00014779199999992443
vm,CoreML (CPU_AND_GPU),175,0.0002452920000006742
exec,CoreML (CPU_AND_GPU),176,0.00014825000000051602
vm,CoreML (CPU_AND_GPU),176,0.0002447499999984615
exec,CoreML (CPU_AND_GPU),177,0.00015116700000028516
vm,CoreML (CPU_AND_GPU),177,0.0002550000000010044
exec,CoreML (CPU_AND_GPU),178,0.00016520800000030533
vm,CoreML (CPU_AND_GPU),178,0.0002631669999999531
exec,CoreML (CPU_AND_GPU),179,0.0001607080000010086
vm,CoreML (CPU_AND_GPU),179,0.00023279200000025924
exec,CoreML (CPU_AND_GPU),180,0.0001480420000010696
vm,CoreML (CPU_AND_GPU),180,0.00026316599999987034
exec,CoreML (CPU_AND_GPU),181,0.00015020799999909684
vm,CoreML (CPU_AND_GPU),181,0.00024900000000016576
exec,CoreML (CPU_AND_GPU),182,0.00014862499999956924
vm,CoreML (CPU_AND_GPU),182,0.00022012499999846113
exec,CoreML (CPU_AND_GPU),183,0.00014858400000150596
vm,CoreML (CPU_AND_GPU),183,0.0002571250000009684
exec,CoreML (CPU_AND_GPU),184,0.0001484590000000452
vm,CoreML (CPU_AND_GPU),184,0.0002327910000001765
exec,CoreML (CPU_AND_GPU),185,0.00014983300000004363
vm,CoreML (CPU_AND_GPU),185,0.00025854200000097194
exec,CoreML (CPU_AND_GPU),186,0.000148167000000754
vm,CoreML (CPU_AND_GPU),186,0.00023900000000054433
exec,CoreML (CPU_AND_GPU),187,0.00015308300000071995
vm,CoreML (CPU_AND_GPU),187,0.00023845800000010797
exec,CoreML (CPU_AND_GPU),188,0.00015325000000032674
vm,CoreML (CPU_AND_GPU),188,0.0002575000000000216
exec,CoreML (CPU_AND_GPU),189,0.0001490420000003212
vm,CoreML (CPU_AND_GPU),189,0.00022625000000076056
exec,CoreML (CPU_AND_GPU),190,0.00015258300000020597
vm,CoreML (CPU_AND_GPU),190,0.00029958300000032523
exec,CoreML (CPU_AND_GPU),191,0.00014670899999913445
vm,CoreML (CPU_AND_GPU),191,0.00021958399999988387
exec,CoreML (CPU_AND_GPU),192,0.00014920799999984524
vm,CoreML (CPU_AND_GPU),192,0.00024374999999920988
exec,CoreML (CPU_AND_GPU),193,0.0001506249999998488
vm,CoreML (CPU_AND_GPU),193,0.00024804200000083654
exec,CoreML (CPU_AND_GPU),194,0.0001611249999999842
vm,CoreML (CPU_AND_GPU),194,0.00025291700000096284
exec,CoreML (CPU_AND_GPU),195,0.00014879100000086964
vm,CoreML (CPU_AND_GPU),195,0.0002189169999997631
exec,CoreML (CPU_AND_GPU),196,0.00014979200000020398
vm,CoreML (CPU_AND_GPU),196,0.0002616250000002651
exec,CoreML (CPU_AND_GPU),197,0.00015516600000076153
vm,CoreML (CPU_AND_GPU),197,0.00022129199999909588
exec,CoreML (CPU_AND_GPU),198,0.00015358299999945757
vm,CoreML (CPU_AND_GPU),198,0.00023970799999872838
exec,CoreML (CPU_AND_GPU),199,0.00014912500000008322
vm,CoreML (CPU_AND_GPU),199,0.0002145000000002284
exec,CoreML (CPU_AND_GPU),200,0.00014758300000039526
vm,CoreML (CPU_AND_GPU),200,0.00025883299999840403
exec,CoreML (CPU_AND_GPU),201,0.00021283300000085603
vm,CoreML (CPU_AND_GPU),201,0.0002857090000016882
exec,CoreML (CPU_AND_GPU),202,0.0001774160000014291
vm,CoreML (CPU_AND_GPU),202,0.00028237499999939075
exec,CoreML (CPU_AND_GPU),203,0.00017687499999929912
vm,CoreML (CPU_AND_GPU),203,0.00025650000000077
exec,CoreML (CPU_AND_GPU),204,0.00016220800000077418
vm,CoreML (CPU_AND_GPU),204,0.0002566250000004544
exec,CoreML (CPU_AND_GPU),205,0.00015433300000111672
vm,CoreML (CPU_AND_GPU),205,0.00024183400000055144
exec,CoreML (CPU_AND_GPU),206,0.00015429199999950072
vm,CoreML (CPU_AND_GPU),206,0.0002526249999998953
exec,CoreML (CPU_AND_GPU),207,0.0001546250000004079
vm,CoreML (CPU_AND_GPU),207,0.0002584999999992732
exec,CoreML (CPU_AND_GPU),208,0.00015595799999879034
vm,CoreML (CPU_AND_GPU),208,0.00023937499999959755
exec,CoreML (CPU_AND_GPU),209,0.00015024999999901922
vm,CoreML (CPU_AND_GPU),209,0.00025641600000092524
exec,CoreML (CPU_AND_GPU),210,0.00014870799999933126
vm,CoreML (CPU_AND_GPU),210,0.00024875000000079694
exec,CoreML (CPU_AND_GPU),211,0.0001499169999998884
vm,CoreML (CPU_AND_GPU),211,0.00026066699999915954
exec,CoreML (CPU_AND_GPU),212,0.00015895800000009785
vm,CoreML (CPU_AND_GPU),212,0.00024529199999889784
exec,CoreML (CPU_AND_GPU),213,0.00016241700000030335
vm,CoreML (CPU_AND_GPU),213,0.0002473339999990998
exec,CoreML (CPU_AND_GPU),214,0.00015208399999977473
vm,CoreML (CPU_AND_GPU),214,0.0002335840000000644
exec,CoreML (CPU_AND_GPU),215,0.00013458399999954906
vm,CoreML (CPU_AND_GPU),215,0.00023412500000041803
exec,CoreML (CPU_AND_GPU),216,0.00015362499999937995
vm,CoreML (CPU_AND_GPU),216,0.0002635830000006223
exec,CoreML (CPU_AND_GPU),217,0.00016220800000077418
vm,CoreML (CPU_AND_GPU),217,0.00024362500000130183
exec,CoreML (CPU_AND_GPU),218,0.00015729200000080823
vm,CoreML (CPU_AND_GPU),218,0.0002284590000005693
exec,CoreML (CPU_AND_GPU),219,0.00013079100000013
vm,CoreML (CPU_AND_GPU),219,0.00023999999999979593
exec,CoreML (CPU_AND_GPU),220,0.00015158300000095437
vm,CoreML (CPU_AND_GPU),220,0.00023658299999951282
exec,CoreML (CPU_AND_GPU),221,0.00015737500000057025
vm,CoreML (CPU_AND_GPU),221,0.00024983299999981057
exec,CoreML (CPU_AND_GPU),222,0.00015295800000103554
vm,CoreML (CPU_AND_GPU),222,0.00023541699999896082
exec,CoreML (CPU_AND_GPU),223,0.00015512499999914553
vm,CoreML (CPU_AND_GPU),223,0.00024666599999889627
exec,CoreML (CPU_AND_GPU),224,0.0001560830000002511
vm,CoreML (CPU_AND_GPU),224,0.0002543329999991073
exec,CoreML (CPU_AND_GPU),225,0.0001516660000007164
vm,CoreML (CPU_AND_GPU),225,0.0002497090000002089
exec,CoreML (CPU_AND_GPU),226,0.00015604100000032872
vm,CoreML (CPU_AND_GPU),226,0.0002447920000001602
exec,CoreML (CPU_AND_GPU),227,0.000126875000001192
vm,CoreML (CPU_AND_GPU),227,0.00024950000000067973
exec,CoreML (CPU_AND_GPU),228,0.00015299999999918157
vm,CoreML (CPU_AND_GPU),228,0.00022737499999969657
exec,CoreML (CPU_AND_GPU),229,0.00015666700000060985
vm,CoreML (CPU_AND_GPU),229,0.0002475000000004002
exec,CoreML (CPU_AND_GPU),230,0.0001294999999998936
vm,CoreML (CPU_AND_GPU),230,0.0002580000000005356
exec,CoreML (CPU_AND_GPU),231,0.00014954099999897608
vm,CoreML (CPU_AND_GPU),231,0.0002533329999998557
exec,CoreML (CPU_AND_GPU),232,0.00015187500000024556
vm,CoreML (CPU_AND_GPU),232,0.0002442089999998842
exec,CoreML (CPU_AND_GPU),233,0.00016416699999943773
vm,CoreML (CPU_AND_GPU),233,0.00022350000000059822
exec,CoreML (CPU_AND_GPU),234,0.00027820799999922485
vm,CoreML (CPU_AND_GPU),234,0.0003327080000001814
exec,CoreML (CPU_AND_GPU),235,0.00027608300000103725
vm,CoreML (CPU_AND_GPU),235,0.0002597920000013687
exec,CoreML (CPU_AND_GPU),236,0.00015670900000053223
vm,CoreML (CPU_AND_GPU),236,0.00025574999999911086
exec,CoreML (CPU_AND_GPU),237,0.00014775000000000205
vm,CoreML (CPU_AND_GPU),237,0.0002319160000006093
exec,CoreML (CPU_AND_GPU),238,0.00014279100000003098
vm,CoreML (CPU_AND_GPU),238,0.0002588330000001804
exec,CoreML (CPU_AND_GPU),239,0.00015712499999942509
vm,CoreML (CPU_AND_GPU),239,0.00025233299999882775
exec,CoreML (CPU_AND_GPU),240,0.00015366699999930233
vm,CoreML (CPU_AND_GPU),240,0.000266375000000707
exec,CoreML (CPU_AND_GPU),241,0.00015241600000059918
vm,CoreML (CPU_AND_GPU),241,0.00025745900000018196
exec,CoreML (CPU_AND_GPU),242,0.00014924999999976762
vm,CoreML (CPU_AND_GPU),242,0.0002443339999995686
exec,CoreML (CPU_AND_GPU),243,0.00015950000000053421
vm,CoreML (CPU_AND_GPU),243,0.00023816699999912316
exec,CoreML (CPU_AND_GPU),244,0.00014554099999841696
vm,CoreML (CPU_AND_GPU),244,0.0002647920000011794
exec,CoreML (CPU_AND_GPU),245,0.00015691700000175501
vm,CoreML (CPU_AND_GPU),245,0.00024950000000067973
exec,CoreML (CPU_AND_GPU),246,0.000149333000001306
vm,CoreML (CPU_AND_GPU),246,0.00023116700000080925
exec,CoreML (CPU_AND_GPU),247,0.00014933299999952965
vm,CoreML (CPU_AND_GPU),247,0.00026095800000014435
exec,CoreML (CPU_AND_GPU),248,0.00013595899999963024
vm,CoreML (CPU_AND_GPU),248,0.0002520419999996193
exec,CoreML (CPU_AND_GPU),249,0.00014741599999901212
vm,CoreML (CPU_AND_GPU),249,0.00024162500000102227
exec,CoreML (CPU_AND_GPU),250,0.0001713330000008284
vm,CoreML (CPU_AND_GPU),250,0.00022679199999942057
exec,CoreML (CPU_AND_GPU),251,0.0002187920000000787
vm,CoreML (CPU_AND_GPU),251,0.00028758300000042425
exec,CoreML (CPU_AND_GPU),252,0.00015750000000025466
vm,CoreML (CPU_AND_GPU),252,0.00024387500000067064
exec,CoreML (CPU_AND_GPU),253,0.00016225000000069656
vm,CoreML (CPU_AND_GPU),253,0.00023487500000030082
exec,CoreML (CPU_AND_GPU),254,0.00015408399999827793
vm,CoreML (CPU_AND_GPU),254,0.00025354199999938487
exec,CoreML (CPU_AND_GPU),255,0.00015325000000032674
vm,CoreML (CPU_AND_GPU),255,0.0002242920000004034
exec,CoreML (CPU_AND_GPU),256,0.00013820800000097222
vm,CoreML (CPU_AND_GPU),256,0.00025287500000104046
exec,CoreML (CPU_AND_GPU),257,0.000152624999998352
vm,CoreML (CPU_AND_GPU),257,0.0002584999999992732
exec,CoreML (CPU_AND_GPU),258,0.0001534589999998559
vm,CoreML (CPU_AND_GPU),258,0.0002568339999999836
exec,CoreML (CPU_AND_GPU),259,0.0001467910000005901
vm,CoreML (CPU_AND_GPU),259,0.00025499999999922807
exec,CoreML (CPU_AND_GPU),260,0.0001614169999992754
vm,CoreML (CPU_AND_GPU),260,0.0002528330000011181
exec,CoreML (CPU_AND_GPU),261,0.00015958400000037898
vm,CoreML (CPU_AND_GPU),261,0.00024320800000054987
exec,CoreML (CPU_AND_GPU),262,0.00015058400000000915
vm,CoreML (CPU_AND_GPU),262,0.00024520800000082943
exec,CoreML (CPU_AND_GPU),263,0.00028183399999903713
vm,CoreML (CPU_AND_GPU),263,0.0002449159999997619
exec,CoreML (CPU_AND_GPU),264,0.00028308299999935116
vm,CoreML (CPU_AND_GPU),264,0.00023141700000017806
exec,CoreML (CPU_AND_GPU),265,0.00015787499999930787
vm,CoreML (CPU_AND_GPU),265,0.0002388329999991612
exec,CoreML (CPU_AND_GPU),266,0.00015237500000075954
vm,CoreML (CPU_AND_GPU),266,0.00023975000000042712
exec,CoreML (CPU_AND_GPU),267,0.00014949999999913643
vm,CoreML (CPU_AND_GPU),267,0.0002581660000000596
exec,CoreML (CPU_AND_GPU),268,0.00015699999999974068
vm,CoreML (CPU_AND_GPU),268,0.00027145899999858614
exec,CoreML (CPU_AND_GPU),269,0.00015229099999913842
vm,CoreML (CPU_AND_GPU),269,0.00024204199999999787
exec,CoreML (CPU_AND_GPU),270,0.0001447500000004709
vm,CoreML (CPU_AND_GPU),270,0.00024916699999977254
exec,CoreML (CPU_AND_GPU),271,0.0001478750000014628
vm,CoreML (CPU_AND_GPU),271,0.00023904200000046671
exec,CoreML (CPU_AND_GPU),272,0.00014495799999991732
vm,CoreML (CPU_AND_GPU),272,0.00022225000000020145
exec,CoreML (CPU_AND_GPU),273,0.00014816699999897764
vm,CoreML (CPU_AND_GPU),273,0.00030141599999922164
exec,CoreML (CPU_AND_GPU),274,0.0001484170000001228
vm,CoreML (CPU_AND_GPU),274,0.0002523750000005265
exec,CoreML (CPU_AND_GPU),275,0.00014633400000008123
vm,CoreML (CPU_AND_GPU),275,0.00024349999999984107
exec,CoreML (CPU_AND_GPU),276,0.00014812500000083162
vm,CoreML (CPU_AND_GPU),276,0.0002507500000010765
exec,CoreML (CPU_AND_GPU),277,0.00015299999999918157
vm,CoreML (CPU_AND_GPU),277,0.00026258299999959434
exec,CoreML (CPU_AND_GPU),278,0.00014545799999865494
vm,CoreML (CPU_AND_GPU),278,0.0002359169999994748
exec,CoreML (CPU_AND_GPU),279,0.00016908400000126278
vm,CoreML (CPU_AND_GPU),279,0.0002295000000014369
exec,CoreML (CPU_AND_GPU),280,0.00016362500000077773
vm,CoreML (CPU_AND_GPU),280,0.00025433300000088366
exec,CoreML (CPU_AND_GPU),281,0.0001562499999998579
vm,CoreML (CPU_AND_GPU),281,0.00023166699999954687
exec,CoreML (CPU_AND_GPU),282,0.00015129199999996956
vm,CoreML (CPU_AND_GPU),282,0.00024658400000099334
exec,CoreML (CPU_AND_GPU),283,0.0001718749999994884
vm,CoreML (CPU_AND_GPU),283,0.00023987500000011153
exec,CoreML (CPU_AND_GPU),284,0.00017225000000031798
vm,CoreML (CPU_AND_GPU),284,0.00022775000000052614
exec,CoreML (CPU_AND_GPU),285,0.00015362499999937995
vm,CoreML (CPU_AND_GPU),285,0.00023537499999903844
exec,CoreML (CPU_AND_GPU),286,0.00015974999999990303
vm,CoreML (CPU_AND_GPU),286,0.00022362500000028263
exec,CoreML (CPU_AND_GPU),287,0.00014737500000094883
vm,CoreML (CPU_AND_GPU),287,0.0002521249999993813
exec,CoreML (CPU_AND_GPU),288,0.00015137499999973159
vm,CoreML (CPU_AND_GPU),288,0.00025941700000053913
exec,CoreML (CPU_AND_GPU),289,0.00015104200000060075
vm,CoreML (CPU_AND_GPU),289,0.00024970800000012616
exec,CoreML (CPU_AND_GPU),290,0.00014350000000007412
vm,CoreML (CPU_AND_GPU),290,0.00024325000000047226
exec,CoreML (CPU_AND_GPU),291,0.00015366600000099595
vm,CoreML (CPU_AND_GPU),291,0.00024791700000115213
exec,CoreML (CPU_AND_GPU),292,0.00015962500000021862
vm,CoreML (CPU_AND_GPU),292,0.00024391600000051028
exec,CoreML (CPU_AND_GPU),293,0.00015358299999945757
vm,CoreML (CPU_AND_GPU),293,0.0002434159999999963
exec,CoreML (CPU_AND_GPU),294,0.0001500410000012664
vm,CoreML (CPU_AND_GPU),294,0.00022874999999977774
exec,CoreML (CPU_AND_GPU),295,0.00015329199999847276
vm,CoreML (CPU_AND_GPU),295,0.00023829200000058393
exec,CoreML (CPU_AND_GPU),296,0.000160833000000693
vm,CoreML (CPU_AND_GPU),296,0.00023487500000030082
exec,CoreML (CPU_AND_GPU),297,0.00015362499999937995
vm,CoreML (CPU_AND_GPU),297,0.0002100830000006937
exec,CoreML (CPU_AND_GPU),298,0.00015066599999968844
vm,CoreML (CPU_AND_GPU),298,0.0002535829999992245
exec,CoreML (CPU_AND_GPU),299,0.0001469999999983429
vm,CoreML (CPU_AND_GPU),299,0.00024754200000032256
exec,CoreML (CPU_AND_GPU),300,0.00014883300000079203
vm,CoreML (CPU_AND_GPU),300,0.0002353750000008148
exec,CoreML (CPU_AND_GPU),301,0.00022033299999968392
vm,CoreML (CPU_AND_GPU),301,0.0002821669999999443
exec,CoreML (CPU_AND_GPU),302,0.000152082999999692
vm,CoreML (CPU_AND_GPU),302,0.0002455000000001206
exec,CoreML (CPU_AND_GPU),303,0.00015779199999954585
vm,CoreML (CPU_AND_GPU),303,0.0002460419999987806
exec,CoreML (CPU_AND_GPU),304,0.00015858400000112738
vm,CoreML (CPU_AND_GPU),304,0.00024070799999975634
exec,CoreML (CPU_AND_GPU),305,0.00015737500000057025
vm,CoreML (CPU_AND_GPU),305,0.00024658299999913424
exec,CoreML (CPU_AND_GPU),306,0.00015008299999941244
vm,CoreML (CPU_AND_GPU),306,0.0002456669999997274
exec,CoreML (CPU_AND_GPU),307,0.0001500830000011888
vm,CoreML (CPU_AND_GPU),307,0.00023345899999860364
exec,CoreML (CPU_AND_GPU),308,0.00013845900000042377
vm,CoreML (CPU_AND_GPU),308,0.0002363750000000664
exec,CoreML (CPU_AND_GPU),309,0.0001586659999990303
vm,CoreML (CPU_AND_GPU),309,0.00024858399999949654
exec,CoreML (CPU_AND_GPU),310,0.00015183300000032318
vm,CoreML (CPU_AND_GPU),310,0.00024295899999948745
exec,CoreML (CPU_AND_GPU),311,0.00014849999999988484
vm,CoreML (CPU_AND_GPU),311,0.0002610419999999891
exec,CoreML (CPU_AND_GPU),312,0.00014470799999877215
vm,CoreML (CPU_AND_GPU),312,0.0002502090000007229
exec,CoreML (CPU_AND_GPU),313,0.0001457499999997225
vm,CoreML (CPU_AND_GPU),313,0.00023612499999892123
exec,CoreML (CPU_AND_GPU),314,0.00014995899999981077
vm,CoreML (CPU_AND_GPU),314,0.0002655840000009846
exec,CoreML (CPU_AND_GPU),315,0.0001709170000001592
vm,CoreML (CPU_AND_GPU),315,0.0002662500000010226
exec,CoreML (CPU_AND_GPU),316,0.0001629590000007397
vm,CoreML (CPU_AND_GPU),316,0.00023883300000093755
exec,CoreML (CPU_AND_GPU),317,0.00015354199999961793
vm,CoreML (CPU_AND_GPU),317,0.00025070900000123686
exec,CoreML (CPU_AND_GPU),318,0.00015025000000079558
vm,CoreML (CPU_AND_GPU),318,0.00024900000000016576
exec,CoreML (CPU_AND_GPU),319,0.00015191700000016795
vm,CoreML (CPU_AND_GPU),319,0.00024912499999985016
exec,CoreML (CPU_AND_GPU),320,0.00015195900000009033
vm,CoreML (CPU_AND_GPU),320,0.0002659160000000327
exec,CoreML (CPU_AND_GPU),321,0.0001479159999995261
vm,CoreML (CPU_AND_GPU),321,0.000248874999998705
exec,CoreML (CPU_AND_GPU),322,0.00014995799999972803
vm,CoreML (CPU_AND_GPU),322,0.0002670000000009054
exec,CoreML (CPU_AND_GPU),323,0.00015437499999926274
vm,CoreML (CPU_AND_GPU),323,0.00024975000000004854
exec,CoreML (CPU_AND_GPU),324,0.00014924999999976762
vm,CoreML (CPU_AND_GPU),324,0.0002423749999991287
exec,CoreML (CPU_AND_GPU),325,0.00015445800000080112
vm,CoreML (CPU_AND_GPU),325,0.0002405000000003099
exec,CoreML (CPU_AND_GPU),326,0.0001560830000002511
vm,CoreML (CPU_AND_GPU),326,0.00024170900000086704
exec,CoreML (CPU_AND_GPU),327,0.00014933299999952965
vm,CoreML (CPU_AND_GPU),327,0.0002518750000000125
exec,CoreML (CPU_AND_GPU),328,0.00017641700000048388
vm,CoreML (CPU_AND_GPU),328,0.00024841699999988975
exec,CoreML (CPU_AND_GPU),329,0.00016483299999947576
vm,CoreML (CPU_AND_GPU),329,0.0002671670000005122
exec,CoreML (CPU_AND_GPU),330,0.00016695899999952246
vm,CoreML (CPU_AND_GPU),330,0.00024424999999972385
exec,CoreML (CPU_AND_GPU),331,0.0001499999999996504
vm,CoreML (CPU_AND_GPU),331,0.00024745799999870144
exec,CoreML (CPU_AND_GPU),332,0.00015499999999946112
vm,CoreML (CPU_AND_GPU),332,0.00024179200000062906
exec,CoreML (CPU_AND_GPU),333,0.0001519580000000076
vm,CoreML (CPU_AND_GPU),333,0.0002420000000000755
exec,CoreML (CPU_AND_GPU),334,0.00015991599999942707
vm,CoreML (CPU_AND_GPU),334,0.0002369169999987264
exec,CoreML (CPU_AND_GPU),335,0.0001477909999998417
vm,CoreML (CPU_AND_GPU),335,0.00023629100000022163
exec,CoreML (CPU_AND_GPU),336,0.00015183299999854682
vm,CoreML (CPU_AND_GPU),336,0.00025049999999993133
exec,CoreML (CPU_AND_GPU),337,0.00013874999999963222
vm,CoreML (CPU_AND_GPU),337,0.000227041000000483
exec,CoreML (CPU_AND_GPU),338,0.00015612500000017349
vm,CoreML (CPU_AND_GPU),338,0.0002575000000000216
exec,CoreML (CPU_AND_GPU),339,0.0001530420000008803
vm,CoreML (CPU_AND_GPU),339,0.00023483299999860208
exec,CoreML (CPU_AND_GPU),340,0.00014912500000008322
vm,CoreML (CPU_AND_GPU),340,0.00024820899999866697
exec,CoreML (CPU_AND_GPU),341,0.00014783299999976407
vm,CoreML (CPU_AND_GPU),341,0.0002220840000006774
exec,CoreML (CPU_AND_GPU),342,0.00013724999999986665
vm,CoreML (CPU_AND_GPU),342,0.0002795830000010824
exec,CoreML (CPU_AND_GPU),343,0.00014625000000023647
vm,CoreML (CPU_AND_GPU),343,0.00027070800000039696
exec,CoreML (CPU_AND_GPU),344,0.00016812500000007446
vm,CoreML (CPU_AND_GPU),344,0.0002568339999999836
exec,CoreML (CPU_AND_GPU),345,0.0001546250000004079
vm,CoreML (CPU_AND_GPU),345,0.00017154200000035758
exec,CoreML (CPU_AND_GPU),346,0.00015058299999992641
vm,CoreML (CPU_AND_GPU),346,0.0002738749999995349
exec,CoreML (CPU_AND_GPU),347,0.00015599999999871272
vm,CoreML (CPU_AND_GPU),347,0.00025508399999907283
exec,CoreML (CPU_AND_GPU),348,0.00015349999999969555
vm,CoreML (CPU_AND_GPU),348,0.00022291600000023948
exec,CoreML (CPU_AND_GPU),349,0.0001415829999995566
vm,CoreML (CPU_AND_GPU),349,0.00022212500000051705
exec,CoreML (CPU_AND_GPU),350,0.00016370800000053976
vm,CoreML (CPU_AND_GPU),350,0.0002300000000001745
exec,CoreML (CPU_AND_GPU),351,0.00022075000000043588
vm,CoreML (CPU_AND_GPU),351,0.0002534159999996177
exec,CoreML (CPU_AND_GPU),352,0.00015758399999832307
vm,CoreML (CPU_AND_GPU),352,0.00023687500000058037
exec,CoreML (CPU_AND_GPU),353,0.00015750000000025466
vm,CoreML (CPU_AND_GPU),353,0.00026304200000026867
exec,CoreML (CPU_AND_GPU),354,0.00015166699999902278
vm,CoreML (CPU_AND_GPU),354,0.0002728750000002833
exec,CoreML (CPU_AND_GPU),355,0.00015658299999898873
vm,CoreML (CPU_AND_GPU),355,0.0002163749999990472
exec,CoreML (CPU_AND_GPU),356,0.00015087500000099396
vm,CoreML (CPU_AND_GPU),356,0.0002486660000009522
exec,CoreML (CPU_AND_GPU),357,0.00015058299999992641
vm,CoreML (CPU_AND_GPU),357,0.00023383300000112683
exec,CoreML (CPU_AND_GPU),358,0.00015358299999945757
vm,CoreML (CPU_AND_GPU),358,0.00022908399999899132
exec,CoreML (CPU_AND_GPU),359,0.00015341599999985078
vm,CoreML (CPU_AND_GPU),359,0.00029924999999941804
exec,CoreML (CPU_AND_GPU),360,0.00015691699999997866
vm,CoreML (CPU_AND_GPU),360,0.0002529999999989485
exec,CoreML (CPU_AND_GPU),361,0.00015512499999914553
vm,CoreML (CPU_AND_GPU),361,0.0002516250000006437
exec,CoreML (CPU_AND_GPU),362,0.00013383400000144263
vm,CoreML (CPU_AND_GPU),362,0.00024816599999866185
exec,CoreML (CPU_AND_GPU),363,0.0001578340000012446
vm,CoreML (CPU_AND_GPU),363,0.0002599170000010531
exec,CoreML (CPU_AND_GPU),364,0.00014775000000000205
vm,CoreML (CPU_AND_GPU),364,0.00023995799999987355
exec,CoreML (CPU_AND_GPU),365,0.00012779200000068158
vm,CoreML (CPU_AND_GPU),365,0.00023795800000137035
exec,CoreML (CPU_AND_GPU),366,0.000146459000001542
vm,CoreML (CPU_AND_GPU),366,0.0002560420000001784
exec,CoreML (CPU_AND_GPU),367,0.00015499999999946112
vm,CoreML (CPU_AND_GPU),367,0.00025670800000021643
exec,CoreML (CPU_AND_GPU),368,0.00028016599999958203
vm,CoreML (CPU_AND_GPU),368,0.00023854099999987
exec,CoreML (CPU_AND_GPU),369,0.00028445899999951507
vm,CoreML (CPU_AND_GPU),369,0.00023804100000113237
exec,CoreML (CPU_AND_GPU),370,0.0001539170000004475
vm,CoreML (CPU_AND_GPU),370,0.0002481249999988222
exec,CoreML (CPU_AND_GPU),371,0.00014604199999901368
vm,CoreML (CPU_AND_GPU),371,0.0002513339999996589
exec,CoreML (CPU_AND_GPU),372,0.00014804100000098686
vm,CoreML (CPU_AND_GPU),372,0.00020883299999852056
exec,CoreML (CPU_AND_GPU),373,0.00015100000000067837
vm,CoreML (CPU_AND_GPU),373,0.00028654100000125027
exec,CoreML (CPU_AND_GPU),374,0.0001604170000000238
vm,CoreML (CPU_AND_GPU),374,0.00025570800000096483
exec,CoreML (CPU_AND_GPU),375,0.00015424999999957834
vm,CoreML (CPU_AND_GPU),375,0.00022775000000052614
exec,CoreML (CPU_AND_GPU),376,0.00015487499999977672
vm,CoreML (CPU_AND_GPU),376,0.00024329200000039464
exec,CoreML (CPU_AND_GPU),377,0.00015470900000025267
vm,CoreML (CPU_AND_GPU),377,0.00023675000000089597
exec,CoreML (CPU_AND_GPU),378,0.00015395800000028714
vm,CoreML (CPU_AND_GPU),378,0.00021841700000102549
exec,CoreML (CPU_AND_GPU),379,0.00014537499999889292
vm,CoreML (CPU_AND_GPU),379,0.00026920799999885503
exec,CoreML (CPU_AND_GPU),380,0.0001499999999996504
vm,CoreML (CPU_AND_GPU),380,0.00024395899999873905
exec,CoreML (CPU_AND_GPU),381,0.0001494589999992968
vm,CoreML (CPU_AND_GPU),381,0.0002375410000006184
exec,CoreML (CPU_AND_GPU),382,0.00015558400000159622
vm,CoreML (CPU_AND_GPU),382,0.00024958300000044176
exec,CoreML (CPU_AND_GPU),383,0.00014962499999882084
vm,CoreML (CPU_AND_GPU),383,0.00026370900000038944
exec,CoreML (CPU_AND_GPU),384,0.0001541669999998163
vm,CoreML (CPU_AND_GPU),384,0.00025458300000025247
exec,CoreML (CPU_AND_GPU),385,0.00015387500000052512
vm,CoreML (CPU_AND_GPU),385,0.0002479169999993758
exec,CoreML (CPU_AND_GPU),386,0.00016008300000081022
vm,CoreML (CPU_AND_GPU),386,0.00022312499999976865
exec,CoreML (CPU_AND_GPU),387,0.00016170900000034294
vm,CoreML (CPU_AND_GPU),387,0.0002468330000002794
exec,CoreML (CPU_AND_GPU),388,0.0001549169999996991
vm,CoreML (CPU_AND_GPU),388,0.00023404199999887965
exec,CoreML (CPU_AND_GPU),389,0.00015254200000036633
vm,CoreML (CPU_AND_GPU),389,0.00023916700000015112
exec,CoreML (CPU_AND_GPU),390,0.00027170799999964856
vm,CoreML (CPU_AND_GPU),390,0.00022912499999883096
exec,CoreML (CPU_AND_GPU),391,0.0002840409999986804
vm,CoreML (CPU_AND_GPU),391,0.0002842499999999859
exec,CoreML (CPU_AND_GPU),392,0.00016145799999911503
vm,CoreML (CPU_AND_GPU),392,0.0002575000000000216
exec,CoreML (CPU_AND_GPU),393,0.00014775000000000205
vm,CoreML (CPU_AND_GPU),393,0.00023029200000124206
exec,CoreML (CPU_AND_GPU),394,0.00014225000000145371
vm,CoreML (CPU_AND_GPU),394,0.00021974999999940792
exec,CoreML (CPU_AND_GPU),395,0.00014754100000047288
vm,CoreML (CPU_AND_GPU),395,0.0002521249999993813
exec,CoreML (CPU_AND_GPU),396,0.00015383300000060274
vm,CoreML (CPU_AND_GPU),396,0.0002320410000002937
exec,CoreML (CPU_AND_GPU),397,0.00014883300000079203
vm,CoreML (CPU_AND_GPU),397,0.000247832999999531
exec,CoreML (CPU_AND_GPU),398,0.00015137499999973159
vm,CoreML (CPU_AND_GPU),398,0.00026012500000049954
exec,CoreML (CPU_AND_GPU),399,0.00015662500000068746
vm,CoreML (CPU_AND_GPU),399,0.00025650000000077
exec,CoreML (CPU_AND_GPU),400,0.00015383300000060274
vm,CoreML (CPU_AND_GPU),400,0.0002353750000008148
exec,CoreML (CPU_AND_GPU),401,0.0002261660000009158
vm,CoreML (CPU_AND_GPU),401,0.0002865000000014106
exec,CoreML (CPU_AND_GPU),402,0.00014374999999944293
vm,CoreML (CPU_AND_GPU),402,0.00025137499999949853
exec,CoreML (CPU_AND_GPU),403,0.0001549169999996991
vm,CoreML (CPU_AND_GPU),403,0.00027129199999897935
exec,CoreML (CPU_AND_GPU),404,0.00015424999999957834
vm,CoreML (CPU_AND_GPU),404,0.0002622080000005411
exec,CoreML (CPU_AND_GPU),405,0.00015641599999938194
vm,CoreML (CPU_AND_GPU),405,0.00025620799999970245
exec,CoreML (CPU_AND_GPU),406,0.00015545800000005272
vm,CoreML (CPU_AND_GPU),406,0.00024204199999999787
exec,CoreML (CPU_AND_GPU),407,0.00015083300000107158
vm,CoreML (CPU_AND_GPU),407,0.000248415999999807
exec,CoreML (CPU_AND_GPU),408,0.00015679200000029425
vm,CoreML (CPU_AND_GPU),408,0.00023270800000041447
exec,CoreML (CPU_AND_GPU),409,0.00017125000000106638
vm,CoreML (CPU_AND_GPU),409,0.00026187499999963393
exec,CoreML (CPU_AND_GPU),410,0.00016116699999990658
vm,CoreML (CPU_AND_GPU),410,0.00026658300000015345
exec,CoreML (CPU_AND_GPU),411,0.00015395800000028714
vm,CoreML (CPU_AND_GPU),411,0.00023254199999911407
exec,CoreML (CPU_AND_GPU),412,0.0002761249999991833
vm,CoreML (CPU_AND_GPU),412,0.0002088750000002193
exec,CoreML (CPU_AND_GPU),413,0.0002831659999991132
vm,CoreML (CPU_AND_GPU),413,0.00028249999999907516
exec,CoreML (CPU_AND_GPU),414,0.00016275000000121054
vm,CoreML (CPU_AND_GPU),414,0.00026187499999963393
exec,CoreML (CPU_AND_GPU),415,0.00014758300000039526
vm,CoreML (CPU_AND_GPU),415,0.00025979199999959235
exec,CoreML (CPU_AND_GPU),416,0.0001566249999989111
vm,CoreML (CPU_AND_GPU),416,0.00023770800000022518
exec,CoreML (CPU_AND_GPU),417,0.0001519580000000076
vm,CoreML (CPU_AND_GPU),417,0.0002237919999998894
exec,CoreML (CPU_AND_GPU),418,0.00015295900000111828
vm,CoreML (CPU_AND_GPU),418,0.00024616699999846503
exec,CoreML (CPU_AND_GPU),419,0.00015083400000115432
vm,CoreML (CPU_AND_GPU),419,0.0002158330000003872
exec,CoreML (CPU_AND_GPU),420,0.00014687500000043485
vm,CoreML (CPU_AND_GPU),420,0.00026124999999943554
exec,CoreML (CPU_AND_GPU),421,0.0001477090000001624
vm,CoreML (CPU_AND_GPU),421,0.0002288339999996225
exec,CoreML (CPU_AND_GPU),422,0.0001713750000007508
vm,CoreML (CPU_AND_GPU),422,0.00023816700000089952
exec,CoreML (CPU_AND_GPU),423,0.0001597919999998254
vm,CoreML (CPU_AND_GPU),423,0.0002561669999998628
exec,CoreML (CPU_AND_GPU),424,0.00015499999999946112
vm,CoreML (CPU_AND_GPU),424,0.00023825000000066154
exec,CoreML (CPU_AND_GPU),425,0.00016016700000065498
vm,CoreML (CPU_AND_GPU),425,0.0002402500000009411
exec,CoreML (CPU_AND_GPU),426,0.00015299999999918157
vm,CoreML (CPU_AND_GPU),426,0.0002474169999988618
exec,CoreML (CPU_AND_GPU),427,0.00027054199999909656
vm,CoreML (CPU_AND_GPU),427,0.0002412500000001927
exec,CoreML (CPU_AND_GPU),428,0.00027383399999969527
vm,CoreML (CPU_AND_GPU),428,0.0002529169999991865
exec,CoreML (CPU_AND_GPU),429,0.0001618329999999446
vm,CoreML (CPU_AND_GPU),429,0.0002973749999988229
exec,CoreML (CPU_AND_GPU),430,0.00016499999999908255
vm,CoreML (CPU_AND_GPU),430,0.0002554159999998973
exec,CoreML (CPU_AND_GPU),431,0.0001575410000000943
vm,CoreML (CPU_AND_GPU),431,0.0002435409999996807
exec,CoreML (CPU_AND_GPU),432,0.00015424999999957834
vm,CoreML (CPU_AND_GPU),432,0.00024204099999991513
exec,CoreML (CPU_AND_GPU),433,0.00014866699999949162
vm,CoreML (CPU_AND_GPU),433,0.00025379200000053004
exec,CoreML (CPU_AND_GPU),434,0.00015600000000048908
vm,CoreML (CPU_AND_GPU),434,0.0002619580000011723
exec,CoreML (CPU_AND_GPU),435,0.00016120899999982896
vm,CoreML (CPU_AND_GPU),435,0.00027266600000075414
exec,CoreML (CPU_AND_GPU),436,0.00016145799999911503
vm,CoreML (CPU_AND_GPU),436,0.0002539580000000541
exec,CoreML (CPU_AND_GPU),437,0.00015141700000143032
vm,CoreML (CPU_AND_GPU),437,0.00024179100000054632
exec,CoreML (CPU_AND_GPU),438,0.00015537499999851434
vm,CoreML (CPU_AND_GPU),438,0.0002183339999994871
exec,CoreML (CPU_AND_GPU),439,0.00014849999999988484
vm,CoreML (CPU_AND_GPU),439,0.0002542499999993453
exec,CoreML (CPU_AND_GPU),440,0.0001614169999992754
vm,CoreML (CPU_AND_GPU),440,0.00022679200000119693
exec,CoreML (CPU_AND_GPU),441,0.00014820800000059364
vm,CoreML (CPU_AND_GPU),441,0.0002251250000000482
exec,CoreML (CPU_AND_GPU),442,0.0001465829999993673
vm,CoreML (CPU_AND_GPU),442,0.000232334000001444
exec,CoreML (CPU_AND_GPU),443,0.00012624999999921727
vm,CoreML (CPU_AND_GPU),443,0.00021687499999956117
exec,CoreML (CPU_AND_GPU),444,0.00014874999999925365
vm,CoreML (CPU_AND_GPU),444,0.0002500000000011937
exec,CoreML (CPU_AND_GPU),445,0.00015533300000036832
vm,CoreML (CPU_AND_GPU),445,0.0002757499999983537
exec,CoreML (CPU_AND_GPU),446,0.00015812500000045304
vm,CoreML (CPU_AND_GPU),446,0.00024587499999917384
exec,CoreML (CPU_AND_GPU),447,0.00015183400000040592
vm,CoreML (CPU_AND_GPU),447,0.0002202499999999219
exec,CoreML (CPU_AND_GPU),448,0.00015500000000123748
vm,CoreML (CPU_AND_GPU),448,0.00026133400000105667
exec,CoreML (CPU_AND_GPU),449,0.0001547920000000147
vm,CoreML (CPU_AND_GPU),449,0.00021883299999991834
exec,CoreML (CPU_AND_GPU),450,0.00015366699999930233
vm,CoreML (CPU_AND_GPU),450,0.00023762500000046316
exec,CoreML (CPU_AND_GPU),451,0.0002114579999989985
vm,CoreML (CPU_AND_GPU),451,0.0002594999999985248
exec,CoreML (CPU_AND_GPU),452,0.00016191699999978937
vm,CoreML (CPU_AND_GPU),452,0.0002460419999987806
exec,CoreML (CPU_AND_GPU),453,0.00015387499999874876
vm,CoreML (CPU_AND_GPU),453,0.00025720799999895405
exec,CoreML (CPU_AND_GPU),454,0.00016091600000045503
vm,CoreML (CPU_AND_GPU),454,0.000244458999999253
exec,CoreML (CPU_AND_GPU),455,0.00015287500000127352
vm,CoreML (CPU_AND_GPU),455,0.00024941699999914135
exec,CoreML (CPU_AND_GPU),456,0.00015325000000032674
vm,CoreML (CPU_AND_GPU),456,0.00022437500000016541
exec,CoreML (CPU_AND_GPU),457,0.00015412499999989393
vm,CoreML (CPU_AND_GPU),457,0.00026074999999892157
exec,CoreML (CPU_AND_GPU),458,0.00015533300000036832
vm,CoreML (CPU_AND_GPU),458,0.00022666600000142978
exec,CoreML (CPU_AND_GPU),459,0.00014579199999964487
vm,CoreML (CPU_AND_GPU),459,0.0002578750000008512
exec,CoreML (CPU_AND_GPU),460,0.00015037500000047999
vm,CoreML (CPU_AND_GPU),460,0.0002504590000000917
exec,CoreML (CPU_AND_GPU),461,0.0001453330000007469
vm,CoreML (CPU_AND_GPU),461,0.00022654099999996902
exec,CoreML (CPU_AND_GPU),462,0.00014874999999925365
vm,CoreML (CPU_AND_GPU),462,0.00023862499999971476
exec,CoreML (CPU_AND_GPU),463,0.0001569579999998183
vm,CoreML (CPU_AND_GPU),463,0.00023445799999954886
exec,CoreML (CPU_AND_GPU),464,0.0001546670000003303
vm,CoreML (CPU_AND_GPU),464,0.00025641600000092524
exec,CoreML (CPU_AND_GPU),465,0.00015866699999911305
vm,CoreML (CPU_AND_GPU),465,0.00024375000000098623
exec,CoreML (CPU_AND_GPU),466,0.00015691599999989592
vm,CoreML (CPU_AND_GPU),466,0.00025154200000088167
exec,CoreML (CPU_AND_GPU),467,0.00014708300000165764
vm,CoreML (CPU_AND_GPU),467,0.00024545800000019824
exec,CoreML (CPU_AND_GPU),468,0.00014962499999882084
vm,CoreML (CPU_AND_GPU),468,0.00022733399999985693
exec,CoreML (CPU_AND_GPU),469,0.00015070800000138718
vm,CoreML (CPU_AND_GPU),469,0.0002420829999998375
exec,CoreML (CPU_AND_GPU),470,0.000151499999999416
vm,CoreML (CPU_AND_GPU),470,0.0002632079999997927
exec,CoreML (CPU_AND_GPU),471,0.00014841600000004007
vm,CoreML (CPU_AND_GPU),471,0.0002469170000001242
exec,CoreML (CPU_AND_GPU),472,0.00014724999999948807
vm,CoreML (CPU_AND_GPU),472,0.00023012499999985891
exec,CoreML (CPU_AND_GPU),473,0.00015262500000012835
vm,CoreML (CPU_AND_GPU),473,0.000246125000000319
exec,CoreML (CPU_AND_GPU),474,0.00015458300000048553
vm,CoreML (CPU_AND_GPU),474,0.00024454199999901505
exec,CoreML (CPU_AND_GPU),475,0.00015645899999938706
vm,CoreML (CPU_AND_GPU),475,0.00024116700000043068
exec,CoreML (CPU_AND_GPU),476,0.00012970799999934002
vm,CoreML (CPU_AND_GPU),476,0.0002333329999988365
exec,CoreML (CPU_AND_GPU),477,0.00012695800000095403
vm,CoreML (CPU_AND_GPU),477,0.0002490840000000105
exec,CoreML (CPU_AND_GPU),478,0.0001447500000004709
vm,CoreML (CPU_AND_GPU),478,0.00024825000000028297
exec,CoreML (CPU_AND_GPU),479,0.00014733399999933283
vm,CoreML (CPU_AND_GPU),479,0.000234625000000932
exec,CoreML (CPU_AND_GPU),480,0.0001512080000001248
vm,CoreML (CPU_AND_GPU),480,0.00023791699999975435
exec,CoreML (CPU_AND_GPU),481,0.00014866699999949162
vm,CoreML (CPU_AND_GPU),481,0.00024483299999999986
exec,CoreML (CPU_AND_GPU),482,0.00015312499999886597
vm,CoreML (CPU_AND_GPU),482,0.0002506669999995381
exec,CoreML (CPU_AND_GPU),483,0.00014120900000058612
vm,CoreML (CPU_AND_GPU),483,0.0002455839999999654
exec,CoreML (CPU_AND_GPU),484,0.00015012500000111118
vm,CoreML (CPU_AND_GPU),484,0.00023812499999920078
exec,CoreML (CPU_AND_GPU),485,0.0001563749999995423
vm,CoreML (CPU_AND_GPU),485,0.0002585830000008116
exec,CoreML (CPU_AND_GPU),486,0.00015183300000032318
vm,CoreML (CPU_AND_GPU),486,0.00023120899999895528
exec,CoreML (CPU_AND_GPU),487,0.0001567080000004495
vm,CoreML (CPU_AND_GPU),487,0.00025950000000030116
exec,CoreML (CPU_AND_GPU),488,0.0001505000000001644
vm,CoreML (CPU_AND_GPU),488,0.00024691600000004144
exec,CoreML (CPU_AND_GPU),489,0.0001562079999999355
vm,CoreML (CPU_AND_GPU),489,0.00023379199999951084
exec,CoreML (CPU_AND_GPU),490,0.00014520799999928613
vm,CoreML (CPU_AND_GPU),490,0.0002937080000009473
exec,CoreML (CPU_AND_GPU),491,0.0001557910000009599
vm,CoreML (CPU_AND_GPU),491,0.0002588330000001804
exec,CoreML (CPU_AND_GPU),492,0.00014775000000000205
vm,CoreML (CPU_AND_GPU),492,0.00024104100000066353
exec,CoreML (CPU_AND_GPU),493,0.00014887499999893805
vm,CoreML (CPU_AND_GPU),493,0.00024016699999940272
exec,CoreML (CPU_AND_GPU),494,0.00015445900000088386
vm,CoreML (CPU_AND_GPU),494,0.00023387500000104922
exec,CoreML (CPU_AND_GPU),495,0.00015424999999957834
vm,CoreML (CPU_AND_GPU),495,0.00023804199999943876
exec,CoreML (CPU_AND_GPU),496,0.0001554999999999751
vm,CoreML (CPU_AND_GPU),496,0.00026954199999984496
exec,CoreML (CPU_AND_GPU),497,0.00015754200000017704
vm,CoreML (CPU_AND_GPU),497,0.0002475000000004002
exec,CoreML (CPU_AND_GPU),498,0.00014979200000020398
vm,CoreML (CPU_AND_GPU),498,0.00026037499999986835
exec,CoreML (CPU_AND_GPU),499,0.00015537499999851434
vm,CoreML (CPU_AND_GPU),499,0.00022858300000017095
exec,CoreML (CPU_AND_GPU),500,0.00013095800000151314
vm,CoreML (CPU_AND_GPU),500,0.00025816700000014237
exec,CoreML (CPU_AND_GPU),501,0.000221959000000993
vm,CoreML (CPU_AND_GPU),501,0.000276167000000882
exec,CoreML (CPU_AND_GPU),502,0.00013699999999872148
vm,CoreML (CPU_AND_GPU),502,0.00022337500000091381
exec,CoreML (CPU_AND_GPU),503,0.0001396669999991218
vm,CoreML (CPU_AND_GPU),503,0.00024962500000036414
exec,CoreML (CPU_AND_GPU),504,0.00014179200000086212
vm,CoreML (CPU_AND_GPU),504,0.00023529200000105277
exec,CoreML (CPU_AND_GPU),505,0.00015500000000123748
vm,CoreML (CPU_AND_GPU),505,0.00024066600000161031
exec,CoreML (CPU_AND_GPU),506,0.00015424999999957834
vm,CoreML (CPU_AND_GPU),506,0.000225416000001033
exec,CoreML (CPU_AND_GPU),507,0.0001546250000004079
vm,CoreML (CPU_AND_GPU),507,0.0002640829999993599
exec,CoreML (CPU_AND_GPU),508,0.00015224999999929878
vm,CoreML (CPU_AND_GPU),508,0.0002347500000006164
exec,CoreML (CPU_AND_GPU),509,0.0001465840000012264
vm,CoreML (CPU_AND_GPU),509,0.0002448750000016986
exec,CoreML (CPU_AND_GPU),510,0.00014358299999983615
vm,CoreML (CPU_AND_GPU),510,0.0002403750000006255
exec,CoreML (CPU_AND_GPU),511,0.00015224999999929878
vm,CoreML (CPU_AND_GPU),511,0.00024987499999973295
exec,CoreML (CPU_AND_GPU),512,0.0001454169999988153
vm,CoreML (CPU_AND_GPU),512,0.0002350419999999076
exec,CoreML (CPU_AND_GPU),513,0.00015354199999961793
vm,CoreML (CPU_AND_GPU),513,0.00024645799999944984
exec,CoreML (CPU_AND_GPU),514,0.00014933299999952965
vm,CoreML (CPU_AND_GPU),514,0.0002394159999994372
exec,CoreML (CPU_AND_GPU),515,0.0001457910000013385
vm,CoreML (CPU_AND_GPU),515,0.0002462919999999258
exec,CoreML (CPU_AND_GPU),516,0.0001529579999992592
vm,CoreML (CPU_AND_GPU),516,0.00024016699999940272
exec,CoreML (CPU_AND_GPU),517,0.00014529200000090725
vm,CoreML (CPU_AND_GPU),517,0.00023212500000013847
exec,CoreML (CPU_AND_GPU),518,0.0001550839999993059
vm,CoreML (CPU_AND_GPU),518,0.00025525000000037323
exec,CoreML (CPU_AND_GPU),519,0.00014345800000015174
vm,CoreML (CPU_AND_GPU),519,0.0002639999999995979
exec,CoreML (CPU_AND_GPU),520,0.00015470900000025267
vm,CoreML (CPU_AND_GPU),520,0.00024999999999941735
exec,CoreML (CPU_AND_GPU),521,0.0001484170000001228
vm,CoreML (CPU_AND_GPU),521,0.0002329159999998609
exec,CoreML (CPU_AND_GPU),522,0.0001554999999999751
vm,CoreML (CPU_AND_GPU),522,0.00023083299999981932
exec,CoreML (CPU_AND_GPU),523,0.0001490420000003212
vm,CoreML (CPU_AND_GPU),523,0.0002451250000010674
exec,CoreML (CPU_AND_GPU),524,0.00016175000000018258
vm,CoreML (CPU_AND_GPU),524,0.00022350000000059822
exec,CoreML (CPU_AND_GPU),525,0.00016029200000033939
vm,CoreML (CPU_AND_GPU),525,0.0002412500000001927
exec,CoreML (CPU_AND_GPU),526,0.00015374999999906436
vm,CoreML (CPU_AND_GPU),526,0.0002409580000009015
exec,CoreML (CPU_AND_GPU),527,0.00014837500000020043
vm,CoreML (CPU_AND_GPU),527,0.00024004199999971831
exec,CoreML (CPU_AND_GPU),528,0.00015400000000020952
vm,CoreML (CPU_AND_GPU),528,0.0002503329999985482
exec,CoreML (CPU_AND_GPU),529,0.00014641599999976052
vm,CoreML (CPU_AND_GPU),529,0.0002575000000000216
exec,CoreML (CPU_AND_GPU),530,0.0001496250000005972
vm,CoreML (CPU_AND_GPU),530,0.00026379200000015146
exec,CoreML (CPU_AND_GPU),531,0.00015366699999930233
vm,CoreML (CPU_AND_GPU),531,0.00022150000000031866
exec,CoreML (CPU_AND_GPU),532,0.00014545899999873768
vm,CoreML (CPU_AND_GPU),532,0.00027804099999961807
exec,CoreML (CPU_AND_GPU),533,0.00015175000000056116
vm,CoreML (CPU_AND_GPU),533,0.00022891699999938453
exec,CoreML (CPU_AND_GPU),534,0.00015266700000005073
vm,CoreML (CPU_AND_GPU),534,0.0002451250000010674
exec,CoreML (CPU_AND_GPU),535,0.00015799999999899228
vm,CoreML (CPU_AND_GPU),535,0.00023237499999950728
exec,CoreML (CPU_AND_GPU),536,0.0001490420000003212
vm,CoreML (CPU_AND_GPU),536,0.0002542499999993453
exec,CoreML (CPU_AND_GPU),537,0.00014766700000024002
vm,CoreML (CPU_AND_GPU),537,0.00025024999999878617
exec,CoreML (CPU_AND_GPU),538,0.00015091599999905725
vm,CoreML (CPU_AND_GPU),538,0.0002538340000004524
exec,CoreML (CPU_AND_GPU),539,0.00012524999999996567
vm,CoreML (CPU_AND_GPU),539,0.00023312500000116643
exec,CoreML (CPU_AND_GPU),540,0.00014691700000035723
vm,CoreML (CPU_AND_GPU),540,0.0002621250000007791
exec,CoreML (CPU_AND_GPU),541,0.00016187499999986699
vm,CoreML (CPU_AND_GPU),541,0.0002528749999992641
exec,CoreML (CPU_AND_GPU),542,0.00015545800000005272
vm,CoreML (CPU_AND_GPU),542,0.0002330420000014044
exec,CoreML (CPU_AND_GPU),543,0.00014716699999972604
vm,CoreML (CPU_AND_GPU),543,0.0002126250000014096
exec,CoreML (CPU_AND_GPU),544,0.0001577909999994631
vm,CoreML (CPU_AND_GPU),544,0.0002524160000003661
exec,CoreML (CPU_AND_GPU),545,0.00015116700000028516
vm,CoreML (CPU_AND_GPU),545,0.00027441699999997127
exec,CoreML (CPU_AND_GPU),546,0.0002737499999998505
vm,CoreML (CPU_AND_GPU),546,0.00023087500000151806
exec,CoreML (CPU_AND_GPU),547,0.0002839580000006947
vm,CoreML (CPU_AND_GPU),547,0.0002665420000003138
exec,CoreML (CPU_AND_GPU),548,0.00015091699999914
vm,CoreML (CPU_AND_GPU),548,0.0002495420000006021
exec,CoreML (CPU_AND_GPU),549,0.00015270800000166673
vm,CoreML (CPU_AND_GPU),549,0.00022654200000005176
exec,CoreML (CPU_AND_GPU),550,0.00014641599999976052
vm,CoreML (CPU_AND_GPU),550,0.0002538340000004524
exec,CoreML (CPU_AND_GPU),551,0.00021845799999908877
vm,CoreML (CPU_AND_GPU),551,0.0002824159999992304
exec,CoreML (CPU_AND_GPU),552,0.0001449999999998397
vm,CoreML (CPU_AND_GPU),552,0.00023624999999860563
exec,CoreML (CPU_AND_GPU),553,0.00014358299999983615
vm,CoreML (CPU_AND_GPU),553,0.0002231659999996083
exec,CoreML (CPU_AND_GPU),554,0.00014129200000034814
vm,CoreML (CPU_AND_GPU),554,0.00025925000000093235
exec,CoreML (CPU_AND_GPU),555,0.00013754199999915784
vm,CoreML (CPU_AND_GPU),555,0.0002529999999989485
exec,CoreML (CPU_AND_GPU),556,0.0001333750000007683
vm,CoreML (CPU_AND_GPU),556,0.00024279199999988066
exec,CoreML (CPU_AND_GPU),557,0.00016391599999998618
vm,CoreML (CPU_AND_GPU),557,0.00024062499999999432
exec,CoreML (CPU_AND_GPU),558,0.00015541700000021308
vm,CoreML (CPU_AND_GPU),558,0.00022666699999973616
exec,CoreML (CPU_AND_GPU),559,0.000138958000000855
vm,CoreML (CPU_AND_GPU),559,0.0002863340000001102
exec,CoreML (CPU_AND_GPU),560,0.00013962499999919942
vm,CoreML (CPU_AND_GPU),560,0.00024654099999921186
exec,CoreML (CPU_AND_GPU),561,0.00011775000000113778
vm,CoreML (CPU_AND_GPU),561,0.0002467500000005174
exec,CoreML (CPU_AND_GPU),562,0.00013804200000144817
vm,CoreML (CPU_AND_GPU),562,0.0002470419999998086
exec,CoreML (CPU_AND_GPU),563,0.00010975000000001955
vm,CoreML (CPU_AND_GPU),563,0.0002425410000004291
exec,CoreML (CPU_AND_GPU),564,0.00013012500000009197
vm,CoreML (CPU_AND_GPU),564,0.00024133400000003746
exec,CoreML (CPU_AND_GPU),565,0.00015679200000029425
vm,CoreML (CPU_AND_GPU),565,0.0002754170000009992
exec,CoreML (CPU_AND_GPU),566,0.00015295899999934193
vm,CoreML (CPU_AND_GPU),566,0.0002439579999986563
exec,CoreML (CPU_AND_GPU),567,0.0001314999999983968
vm,CoreML (CPU_AND_GPU),567,0.00026925000000055377
exec,CoreML (CPU_AND_GPU),568,0.00015766699999986145
vm,CoreML (CPU_AND_GPU),568,0.00025558299999950407
exec,CoreML (CPU_AND_GPU),569,0.00018016699999989783
vm,CoreML (CPU_AND_GPU),569,0.0002360830000007752
exec,CoreML (CPU_AND_GPU),570,0.00016712500000082287
vm,CoreML (CPU_AND_GPU),570,0.00025241700000044887
exec,CoreML (CPU_AND_GPU),571,0.00014520799999928613
vm,CoreML (CPU_AND_GPU),571,0.00024262500000027387
exec,CoreML (CPU_AND_GPU),572,0.00015274999999981276
vm,CoreML (CPU_AND_GPU),572,0.00026633300000078464
exec,CoreML (CPU_AND_GPU),573,0.00015766600000155506
vm,CoreML (CPU_AND_GPU),573,0.00022445799999992744
exec,CoreML (CPU_AND_GPU),574,0.00012679199999965363
vm,CoreML (CPU_AND_GPU),574,0.00025258400000005565
exec,CoreML (CPU_AND_GPU),575,0.0001517499999987848
vm,CoreML (CPU_AND_GPU),575,0.00022304200000000662
exec,CoreML (CPU_AND_GPU),576,0.00015254200000036633
vm,CoreML (CPU_AND_GPU),576,0.0002542499999993453
exec,CoreML (CPU_AND_GPU),577,0.00015029100000063522
vm,CoreML (CPU_AND_GPU),577,0.00023670799999919723
exec,CoreML (CPU_AND_GPU),578,0.00015529200000052867
vm,CoreML (CPU_AND_GPU),578,0.00025537500000005764
exec,CoreML (CPU_AND_GPU),579,0.00011950000000027217
vm,CoreML (CPU_AND_GPU),579,0.0002150830000005044
exec,CoreML (CPU_AND_GPU),580,0.00014770800000007966
vm,CoreML (CPU_AND_GPU),580,0.000250540999999771
exec,CoreML (CPU_AND_GPU),581,0.00015295800000103554
vm,CoreML (CPU_AND_GPU),581,0.00025458300000025247
exec,CoreML (CPU_AND_GPU),582,0.0001494589999992968
vm,CoreML (CPU_AND_GPU),582,0.0002310419999993485
exec,CoreML (CPU_AND_GPU),583,0.00014904100000023845
vm,CoreML (CPU_AND_GPU),583,0.0002479580000009918
exec,CoreML (CPU_AND_GPU),584,0.00014937500000122839
vm,CoreML (CPU_AND_GPU),584,0.0002350419999999076
exec,CoreML (CPU_AND_GPU),585,0.00012666699999996922
vm,CoreML (CPU_AND_GPU),585,0.00024274999999995828
exec,CoreML (CPU_AND_GPU),586,0.00016691599999951734
vm,CoreML (CPU_AND_GPU),586,0.0002383329999986472
exec,CoreML (CPU_AND_GPU),587,0.00016266599999958942
vm,CoreML (CPU_AND_GPU),587,0.00023762500000046316
exec,CoreML (CPU_AND_GPU),588,0.00015079099999937284
vm,CoreML (CPU_AND_GPU),588,0.00024033299999892677
exec,CoreML (CPU_AND_GPU),589,0.00014820800000059364
vm,CoreML (CPU_AND_GPU),589,0.00022191700000107062
exec,CoreML (CPU_AND_GPU),590,0.00014720899999964843
vm,CoreML (CPU_AND_GPU),590,0.00033758400000039046
exec,CoreML (CPU_AND_GPU),591,0.0001562499999998579
vm,CoreML (CPU_AND_GPU),591,0.0002512499999998141
exec,CoreML (CPU_AND_GPU),592,0.0001500419999995728
vm,CoreML (CPU_AND_GPU),592,0.00021983400000102904
exec,CoreML (CPU_AND_GPU),593,0.00015304199999910395
vm,CoreML (CPU_AND_GPU),593,0.00029299999999921056
exec,CoreML (CPU_AND_GPU),594,0.00015041700000040237
vm,CoreML (CPU_AND_GPU),594,0.00026691600000106064
exec,CoreML (CPU_AND_GPU),595,0.00015183300000032318
vm,CoreML (CPU_AND_GPU),595,0.00022666699999973616
exec,CoreML (CPU_AND_GPU),596,0.00014662500000106604
vm,CoreML (CPU_AND_GPU),596,0.00026241599999998755
exec,CoreML (CPU_AND_GPU),597,0.000149874999999966
vm,CoreML (CPU_AND_GPU),597,0.0002415419999994839
exec,CoreML (CPU_AND_GPU),598,0.00012983399999910716
vm,CoreML (CPU_AND_GPU),598,0.00024391700000059302
exec,CoreML (CPU_AND_GPU),599,0.00014545799999865494
vm,CoreML (CPU_AND_GPU),599,0.0002415830000010999
exec,CoreML (CPU_AND_GPU),600,0.00015383399999890912
vm,CoreML (CPU_AND_GPU),600,0.000246666999998979
exec,CoreML (CPU_AND_GPU),601,0.000203458000001433
vm,CoreML (CPU_AND_GPU),601,0.00025875000000041837
exec,CoreML (CPU_AND_GPU),602,0.00014741599999901212
vm,CoreML (CPU_AND_GPU),602,0.00023054200000061087
exec,CoreML (CPU_AND_GPU),603,0.00014379199999936532
vm,CoreML (CPU_AND_GPU),603,0.0002579580000006132
exec,CoreML (CPU_AND_GPU),604,0.00013575000000010107
vm,CoreML (CPU_AND_GPU),604,0.0002732919999992589
exec,CoreML (CPU_AND_GPU),605,0.0001572499999991095
vm,CoreML (CPU_AND_GPU),605,0.00026858400000051574
exec,CoreML (CPU_AND_GPU),606,0.00015820800000021507
vm,CoreML (CPU_AND_GPU),606,0.00022816699999950174
exec,CoreML (CPU_AND_GPU),607,0.0001485839999997296
vm,CoreML (CPU_AND_GPU),607,0.0002584160000012048
exec,CoreML (CPU_AND_GPU),608,0.00014537499999889292
vm,CoreML (CPU_AND_GPU),608,0.00021945900000019947
exec,CoreML (CPU_AND_GPU),609,0.00015083300000107158
vm,CoreML (CPU_AND_GPU),609,0.0002633749999993995
exec,CoreML (CPU_AND_GPU),610,0.00015116600000020242
vm,CoreML (CPU_AND_GPU),610,0.000266375000000707
exec,CoreML (CPU_AND_GPU),611,0.00015424999999957834
vm,CoreML (CPU_AND_GPU),611,0.00022366600000012227
exec,CoreML (CPU_AND_GPU),612,0.00014679199999889647
vm,CoreML (CPU_AND_GPU),612,0.00025508300000076645
exec,CoreML (CPU_AND_GPU),613,0.00015300000000095793
vm,CoreML (CPU_AND_GPU),613,0.00024879199999894297
exec,CoreML (CPU_AND_GPU),614,0.00015387499999874876
vm,CoreML (CPU_AND_GPU),614,0.00025583300000064924
exec,CoreML (CPU_AND_GPU),615,0.00013766600000053586
vm,CoreML (CPU_AND_GPU),615,0.00024308300000086547
exec,CoreML (CPU_AND_GPU),616,0.00014641600000153687
vm,CoreML (CPU_AND_GPU),616,0.0002315829999997021
exec,CoreML (CPU_AND_GPU),617,0.0001533329999983124
vm,CoreML (CPU_AND_GPU),617,0.00026500000000062585
exec,CoreML (CPU_AND_GPU),618,0.00015287499999949716
vm,CoreML (CPU_AND_GPU),618,0.00022629200000068295
exec,CoreML (CPU_AND_GPU),619,0.0001499999999996504
vm,CoreML (CPU_AND_GPU),619,0.0002277090000006865
exec,CoreML (CPU_AND_GPU),620,0.00015691599999989592
vm,CoreML (CPU_AND_GPU),620,0.0002573750000003372
exec,CoreML (CPU_AND_GPU),621,0.0001224170000000413
vm,CoreML (CPU_AND_GPU),621,0.0002227920000006378
exec,CoreML (CPU_AND_GPU),622,0.00014895799999870007
vm,CoreML (CPU_AND_GPU),622,0.00023970800000050474
exec,CoreML (CPU_AND_GPU),623,0.0001477090000001624
vm,CoreML (CPU_AND_GPU),623,0.0002520830000012353
exec,CoreML (CPU_AND_GPU),624,0.00015054100000000403
vm,CoreML (CPU_AND_GPU),624,0.0002603340000000287
exec,CoreML (CPU_AND_GPU),625,0.00015595899999887308
vm,CoreML (CPU_AND_GPU),625,0.00023145900000010045
exec,CoreML (CPU_AND_GPU),626,0.0001479159999995261
vm,CoreML (CPU_AND_GPU),626,0.00024779199999969137
exec,CoreML (CPU_AND_GPU),627,0.0001514579999994936
vm,CoreML (CPU_AND_GPU),627,0.00024924999999953457
exec,CoreML (CPU_AND_GPU),628,0.00015479099999993196
vm,CoreML (CPU_AND_GPU),628,0.00025545799999981966
exec,CoreML (CPU_AND_GPU),629,0.00014795800000122483
vm,CoreML (CPU_AND_GPU),629,0.00023091699999966409
exec,CoreML (CPU_AND_GPU),630,0.0001446669999989325
vm,CoreML (CPU_AND_GPU),630,0.00023583299999963003
exec,CoreML (CPU_AND_GPU),631,0.0001543339999994231
vm,CoreML (CPU_AND_GPU),631,0.00021845799999908877
exec,CoreML (CPU_AND_GPU),632,0.00016837500000121963
vm,CoreML (CPU_AND_GPU),632,0.00026308400000019105
exec,CoreML (CPU_AND_GPU),633,0.00014208300000007057
vm,CoreML (CPU_AND_GPU),633,0.00022974999999902934
exec,CoreML (CPU_AND_GPU),634,0.00015658300000076508
vm,CoreML (CPU_AND_GPU),634,0.0002897500000003106
exec,CoreML (CPU_AND_GPU),635,0.00027279199999874493
vm,CoreML (CPU_AND_GPU),635,0.00023833300000042357
exec,CoreML (CPU_AND_GPU),636,0.00028795799999947747
vm,CoreML (CPU_AND_GPU),636,0.00026025000000018395
exec,CoreML (CPU_AND_GPU),637,0.00015737500000057025
vm,CoreML (CPU_AND_GPU),637,0.0002665000000003914
exec,CoreML (CPU_AND_GPU),638,0.00014866700000126798
vm,CoreML (CPU_AND_GPU),638,0.00024150000000133787
exec,CoreML (CPU_AND_GPU),639,0.00014908300000016084
vm,CoreML (CPU_AND_GPU),639,0.00022862500000009334
exec,CoreML (CPU_AND_GPU),640,0.00014837500000020043
vm,CoreML (CPU_AND_GPU),640,0.00022775000000052614
exec,CoreML (CPU_AND_GPU),641,0.00015325000000032674
vm,CoreML (CPU_AND_GPU),641,0.0002652079999982959
exec,CoreML (CPU_AND_GPU),642,0.00014995799999972803
vm,CoreML (CPU_AND_GPU),642,0.0002505839999997761
exec,CoreML (CPU_AND_GPU),643,0.00015012500000111118
vm,CoreML (CPU_AND_GPU),643,0.00024229199999936668
exec,CoreML (CPU_AND_GPU),644,0.00015037500000047999
vm,CoreML (CPU_AND_GPU),644,0.0002400830000013343
exec,CoreML (CPU_AND_GPU),645,0.0001306249999988296
vm,CoreML (CPU_AND_GPU),645,0.00025366700000084563
exec,CoreML (CPU_AND_GPU),646,0.00014695900000027962
vm,CoreML (CPU_AND_GPU),646,0.00022620800000083818
exec,CoreML (CPU_AND_GPU),647,0.00015750000000025466
vm,CoreML (CPU_AND_GPU),647,0.00026124999999943554
exec,CoreML (CPU_AND_GPU),648,0.00015483399999993708
vm,CoreML (CPU_AND_GPU),648,0.00023337500000053524
exec,CoreML (CPU_AND_GPU),649,0.0001546250000004079
vm,CoreML (CPU_AND_GPU),649,0.0002571669999991144
exec,CoreML (CPU_AND_GPU),650,0.00015458300000048553
vm,CoreML (CPU_AND_GPU),650,0.00024274999999995828
exec,CoreML (CPU_AND_GPU),651,0.00021641700000074593
vm,CoreML (CPU_AND_GPU),651,0.0002712500000008333
exec,CoreML (CPU_AND_GPU),652,0.00014529200000090725
vm,CoreML (CPU_AND_GPU),652,0.00022754099999922062
exec,CoreML (CPU_AND_GPU),653,0.00013820799999919586
vm,CoreML (CPU_AND_GPU),653,0.00026012500000049954
exec,CoreML (CPU_AND_GPU),654,0.0001452919999991309
vm,CoreML (CPU_AND_GPU),654,0.0002565420000006924
exec,CoreML (CPU_AND_GPU),655,0.00014350000000007412
vm,CoreML (CPU_AND_GPU),655,0.00024545800000019824
exec,CoreML (CPU_AND_GPU),656,0.00013804199999967182
vm,CoreML (CPU_AND_GPU),656,0.0002448340000000826
exec,CoreML (CPU_AND_GPU),657,0.00016333299999971018
vm,CoreML (CPU_AND_GPU),657,0.00023704100000010442
exec,CoreML (CPU_AND_GPU),658,0.00015612500000017349
vm,CoreML (CPU_AND_GPU),658,0.00024437499999940826
exec,CoreML (CPU_AND_GPU),659,0.00015349999999969555
vm,CoreML (CPU_AND_GPU),659,0.00025116599999996936
exec,CoreML (CPU_AND_GPU),660,0.0001463329999999985
vm,CoreML (CPU_AND_GPU),660,0.0002468330000002794
exec,CoreML (CPU_AND_GPU),661,0.00014416600000011215
vm,CoreML (CPU_AND_GPU),661,0.0002654589999995238
exec,CoreML (CPU_AND_GPU),662,0.00014929199999969
vm,CoreML (CPU_AND_GPU),662,0.00023312499999939007
exec,CoreML (CPU_AND_GPU),663,0.0001472920000011868
vm,CoreML (CPU_AND_GPU),663,0.00026212499999900274
exec,CoreML (CPU_AND_GPU),664,0.000148167000000754
vm,CoreML (CPU_AND_GPU),664,0.00025804200000045796
exec,CoreML (CPU_AND_GPU),665,0.00014370799999952055
vm,CoreML (CPU_AND_GPU),665,0.00025466700000009723
exec,CoreML (CPU_AND_GPU),666,0.0001462080000003141
vm,CoreML (CPU_AND_GPU),666,0.0002116249999986053
exec,CoreML (CPU_AND_GPU),667,0.00015475000000009231
vm,CoreML (CPU_AND_GPU),667,0.00027804200000147716
exec,CoreML (CPU_AND_GPU),668,0.00012454099999992252
vm,CoreML (CPU_AND_GPU),668,0.0002472919999991774
exec,CoreML (CPU_AND_GPU),669,0.00015233300000083716
vm,CoreML (CPU_AND_GPU),669,0.0002667089999999206
exec,CoreML (CPU_AND_GPU),670,0.0001551250000009219
vm,CoreML (CPU_AND_GPU),670,0.00024404200000027743
exec,CoreML (CPU_AND_GPU),671,0.00014991599999980565
vm,CoreML (CPU_AND_GPU),671,0.00023487499999852446
exec,CoreML (CPU_AND_GPU),672,0.00014825000000051602
vm,CoreML (CPU_AND_GPU),672,0.00024933300000107295
exec,CoreML (CPU_AND_GPU),673,0.0001516660000007164
vm,CoreML (CPU_AND_GPU),673,0.0002312080000006489
exec,CoreML (CPU_AND_GPU),674,0.00014958300000067482
vm,CoreML (CPU_AND_GPU),674,0.00023287500000002126
exec,CoreML (CPU_AND_GPU),675,0.00014625000000023647
vm,CoreML (CPU_AND_GPU),675,0.00026954199999984496
exec,CoreML (CPU_AND_GPU),676,0.0001531670000005647
vm,CoreML (CPU_AND_GPU),676,0.00023554200000042158
exec,CoreML (CPU_AND_GPU),677,0.00015170800000063878
vm,CoreML (CPU_AND_GPU),677,0.0002558329999988729
exec,CoreML (CPU_AND_GPU),678,0.00015091700000091635
vm,CoreML (CPU_AND_GPU),678,0.00024604100000047424
exec,CoreML (CPU_AND_GPU),679,0.00015495899999962148
vm,CoreML (CPU_AND_GPU),679,0.00023816599999904042
exec,CoreML (CPU_AND_GPU),680,0.00015570799999942153
vm,CoreML (CPU_AND_GPU),680,0.00022808299999965698
exec,CoreML (CPU_AND_GPU),681,0.00015254200000036633
vm,CoreML (CPU_AND_GPU),681,0.0002787919999995836
exec,CoreML (CPU_AND_GPU),682,0.00015512499999914553
vm,CoreML (CPU_AND_GPU),682,0.0002529580000008025
exec,CoreML (CPU_AND_GPU),683,0.00015437499999926274
vm,CoreML (CPU_AND_GPU),683,0.0002410000000008239
exec,CoreML (CPU_AND_GPU),684,0.00015845900000144297
vm,CoreML (CPU_AND_GPU),684,0.0002497090000002089
exec,CoreML (CPU_AND_GPU),685,0.00015750000000025466
vm,CoreML (CPU_AND_GPU),685,0.00024791700000115213
exec,CoreML (CPU_AND_GPU),686,0.00015729199999903187
vm,CoreML (CPU_AND_GPU),686,0.00024791700000115213
exec,CoreML (CPU_AND_GPU),687,0.00015754200000017704
vm,CoreML (CPU_AND_GPU),687,0.00024141700000157584
exec,CoreML (CPU_AND_GPU),688,0.00015974999999990303
vm,CoreML (CPU_AND_GPU),688,0.00027533399999946084
exec,CoreML (CPU_AND_GPU),689,0.0001559169999989507
vm,CoreML (CPU_AND_GPU),689,0.00022233400000004622
exec,CoreML (CPU_AND_GPU),690,0.00015308300000071995
vm,CoreML (CPU_AND_GPU),690,0.00024983299999981057
exec,CoreML (CPU_AND_GPU),691,0.00015612500000017349
vm,CoreML (CPU_AND_GPU),691,0.00024804200000083654
exec,CoreML (CPU_AND_GPU),692,0.00014737499999917247
vm,CoreML (CPU_AND_GPU),692,0.00023837500000034595
exec,CoreML (CPU_AND_GPU),693,0.00014874999999925365
vm,CoreML (CPU_AND_GPU),693,0.0002226670000009534
exec,CoreML (CPU_AND_GPU),694,0.00015512499999914553
vm,CoreML (CPU_AND_GPU),694,0.00023366699999982643
exec,CoreML (CPU_AND_GPU),695,0.00016962499999984004
vm,CoreML (CPU_AND_GPU),695,0.00024174999999893032
exec,CoreML (CPU_AND_GPU),696,0.00015570900000128063
vm,CoreML (CPU_AND_GPU),696,0.00025300000000072487
exec,CoreML (CPU_AND_GPU),697,0.00015333300000008876
vm,CoreML (CPU_AND_GPU),697,0.000225874999999931
exec,CoreML (CPU_AND_GPU),698,0.00017241699999992477
vm,CoreML (CPU_AND_GPU),698,0.0002822500000014827
exec,CoreML (CPU_AND_GPU),699,0.00017800000000001148
vm,CoreML (CPU_AND_GPU),699,0.00024116700000043068
exec,CoreML (CPU_AND_GPU),700,0.00017562499999890235
vm,CoreML (CPU_AND_GPU),700,0.0002631250000000307
exec,CoreML (CPU_AND_GPU),701,0.00023558400000034396
vm,CoreML (CPU_AND_GPU),701,0.0002883750000002294
exec,CoreML (CPU_AND_GPU),702,0.0001437080000012969
vm,CoreML (CPU_AND_GPU),702,0.000246042000000557
exec,CoreML (CPU_AND_GPU),703,0.00014345899999845813
vm,CoreML (CPU_AND_GPU),703,0.00025466700000009723
exec,CoreML (CPU_AND_GPU),704,0.00014100000000105695
vm,CoreML (CPU_AND_GPU),704,0.0002478749999994534
exec,CoreML (CPU_AND_GPU),705,0.00013295800000001634
vm,CoreML (CPU_AND_GPU),705,0.00022925000000029172
exec,CoreML (CPU_AND_GPU),706,0.00014279200000011372
vm,CoreML (CPU_AND_GPU),706,0.000246666999998979
exec,CoreML (CPU_AND_GPU),707,0.00016520800000030533
vm,CoreML (CPU_AND_GPU),707,0.00024487499999992224
exec,CoreML (CPU_AND_GPU),708,0.00015341699999993352
vm,CoreML (CPU_AND_GPU),708,0.00025491699999946604
exec,CoreML (CPU_AND_GPU),709,0.00015804200000069102
vm,CoreML (CPU_AND_GPU),709,0.00024220799999952192
exec,CoreML (CPU_AND_GPU),710,0.00015083299999929523
vm,CoreML (CPU_AND_GPU),710,0.00024337500000015666
exec,CoreML (CPU_AND_GPU),711,0.00014654199999952766
vm,CoreML (CPU_AND_GPU),711,0.00024229099999928394
exec,CoreML (CPU_AND_GPU),712,0.0001517910000004008
vm,CoreML (CPU_AND_GPU),712,0.0002546669999983209
exec,CoreML (CPU_AND_GPU),713,0.00015495899999962148
vm,CoreML (CPU_AND_GPU),713,0.0002257500000002466
exec,CoreML (CPU_AND_GPU),714,0.00015604200000041146
vm,CoreML (CPU_AND_GPU),714,0.00025366599999898654
exec,CoreML (CPU_AND_GPU),715,0.000158542000001205
vm,CoreML (CPU_AND_GPU),715,0.00021633300000090117
exec,CoreML (CPU_AND_GPU),716,0.00014845799999996245
vm,CoreML (CPU_AND_GPU),716,0.0002769170000007648
exec,CoreML (CPU_AND_GPU),717,0.00015083400000115432
vm,CoreML (CPU_AND_GPU),717,0.00025875000000041837
exec,CoreML (CPU_AND_GPU),718,0.00014920899999992798
vm,CoreML (CPU_AND_GPU),718,0.00024875000000079694
exec,CoreML (CPU_AND_GPU),719,0.00013199999999891077
vm,CoreML (CPU_AND_GPU),719,0.00024033300000070312
exec,CoreML (CPU_AND_GPU),720,0.00014895800000047643
vm,CoreML (CPU_AND_GPU),720,0.00025004100000103335
exec,CoreML (CPU_AND_GPU),721,0.00015362499999937995
vm,CoreML (CPU_AND_GPU),721,0.00024366699999944785
exec,CoreML (CPU_AND_GPU),722,0.00015362499999937995
vm,CoreML (CPU_AND_GPU),722,0.0002742080000004421
exec,CoreML (CPU_AND_GPU),723,0.00015158399999926075
vm,CoreML (CPU_AND_GPU),723,0.0002470829999996482
exec,CoreML (CPU_AND_GPU),724,0.00014770800000007966
vm,CoreML (CPU_AND_GPU),724,0.00025458300000025247
exec,CoreML (CPU_AND_GPU),725,0.00014729100000110407
vm,CoreML (CPU_AND_GPU),725,0.0002586249999989576
exec,CoreML (CPU_AND_GPU),726,0.00015529100000044593
vm,CoreML (CPU_AND_GPU),726,0.00023616700000061996
exec,CoreML (CPU_AND_GPU),727,0.00027687499999906606
vm,CoreML (CPU_AND_GPU),727,0.0002323329999995849
exec,CoreML (CPU_AND_GPU),728,0.00027845800000037
vm,CoreML (CPU_AND_GPU),728,0.00022820799999934138
exec,CoreML (CPU_AND_GPU),729,0.00015733300000064787
vm,CoreML (CPU_AND_GPU),729,0.00021929099999873358
exec,CoreML (CPU_AND_GPU),730,0.00015333300000008876
vm,CoreML (CPU_AND_GPU),730,0.0002621250000007791
exec,CoreML (CPU_AND_GPU),731,0.00014895899999878282
vm,CoreML (CPU_AND_GPU),731,0.0002140419999996368
exec,CoreML (CPU_AND_GPU),732,0.0001542500000013547
vm,CoreML (CPU_AND_GPU),732,0.00025145900000111965
exec,CoreML (CPU_AND_GPU),733,0.0001563749999995423
vm,CoreML (CPU_AND_GPU),733,0.00023587500000132877
exec,CoreML (CPU_AND_GPU),734,0.00014875000000103
vm,CoreML (CPU_AND_GPU),734,0.00031845899999893845
exec,CoreML (CPU_AND_GPU),735,0.00015141699999965397
vm,CoreML (CPU_AND_GPU),735,0.0002460000000006346
exec,CoreML (CPU_AND_GPU),736,0.0001592500000011654
vm,CoreML (CPU_AND_GPU),736,0.00028600000000089665
exec,CoreML (CPU_AND_GPU),737,0.00015125000000004718
vm,CoreML (CPU_AND_GPU),737,0.000268082999999919
exec,CoreML (CPU_AND_GPU),738,0.00015054200000008677
vm,CoreML (CPU_AND_GPU),738,0.00025320900000025404
exec,CoreML (CPU_AND_GPU),739,0.00014800000000114721
vm,CoreML (CPU_AND_GPU),739,0.0003164159999986538
exec,CoreML (CPU_AND_GPU),740,0.00014929199999969
vm,CoreML (CPU_AND_GPU),740,0.00026120900000137226
exec,CoreML (CPU_AND_GPU),741,0.00015554099999981474
vm,CoreML (CPU_AND_GPU),741,0.00023816699999912316
exec,CoreML (CPU_AND_GPU),742,0.000265709000000669
vm,CoreML (CPU_AND_GPU),742,0.0002485829999994138
exec,CoreML (CPU_AND_GPU),743,0.0002775409999991041
vm,CoreML (CPU_AND_GPU),743,0.0002687500000000398
exec,CoreML (CPU_AND_GPU),744,0.00018470800000081056
vm,CoreML (CPU_AND_GPU),744,0.00021745799999983717
exec,CoreML (CPU_AND_GPU),745,0.00015374999999906436
vm,CoreML (CPU_AND_GPU),745,0.00023945799999935957
exec,CoreML (CPU_AND_GPU),746,0.00015224999999929878
vm,CoreML (CPU_AND_GPU),746,0.0002718750000010317
exec,CoreML (CPU_AND_GPU),747,0.000150999999998902
vm,CoreML (CPU_AND_GPU),747,0.00023670799999919723
exec,CoreML (CPU_AND_GPU),748,0.00015158300000095437
vm,CoreML (CPU_AND_GPU),748,0.0002014170000013138
exec,CoreML (CPU_AND_GPU),749,0.00015583299999910594
vm,CoreML (CPU_AND_GPU),749,0.00028745800000073984
exec,CoreML (CPU_AND_GPU),750,0.00015395800000028714
vm,CoreML (CPU_AND_GPU),750,0.00025083299999906217
exec,CoreML (CPU_AND_GPU),751,0.00021004099999899495
vm,CoreML (CPU_AND_GPU),751,0.00028020800000128077
exec,CoreML (CPU_AND_GPU),752,0.00014462500000078649
vm,CoreML (CPU_AND_GPU),752,0.00025679099999997845
exec,CoreML (CPU_AND_GPU),753,0.00014279100000003098
vm,CoreML (CPU_AND_GPU),753,0.00025804200000045796
exec,CoreML (CPU_AND_GPU),754,0.00014537500000066927
vm,CoreML (CPU_AND_GPU),754,0.00023487500000030082
exec,CoreML (CPU_AND_GPU),755,0.0001343750000000199
vm,CoreML (CPU_AND_GPU),755,0.0002449169999998446
exec,CoreML (CPU_AND_GPU),756,0.00013941700000152935
vm,CoreML (CPU_AND_GPU),756,0.00025633299999938686
exec,CoreML (CPU_AND_GPU),757,0.00013391599999934556
vm,CoreML (CPU_AND_GPU),757,0.00025437500000080604
exec,CoreML (CPU_AND_GPU),758,0.00016749999999987608
vm,CoreML (CPU_AND_GPU),758,0.0002466249999990566
exec,CoreML (CPU_AND_GPU),759,0.00015458300000048553
vm,CoreML (CPU_AND_GPU),759,0.0002373329999993956
exec,CoreML (CPU_AND_GPU),760,0.00013670899999951303
vm,CoreML (CPU_AND_GPU),760,0.0002450409999994463
exec,CoreML (CPU_AND_GPU),761,0.00015604200000041146
vm,CoreML (CPU_AND_GPU),761,0.00022704200000056574
exec,CoreML (CPU_AND_GPU),762,0.00015529200000052867
vm,CoreML (CPU_AND_GPU),762,0.00022041699999952868
exec,CoreML (CPU_AND_GPU),763,0.00014779199999992443
vm,CoreML (CPU_AND_GPU),763,0.00023554199999864522
exec,CoreML (CPU_AND_GPU),764,0.000278292000000846
vm,CoreML (CPU_AND_GPU),764,0.0002532080000001713
exec,CoreML (CPU_AND_GPU),765,0.00027929100000001483
vm,CoreML (CPU_AND_GPU),765,0.00022787500000021055
exec,CoreML (CPU_AND_GPU),766,0.0001236669999986617
vm,CoreML (CPU_AND_GPU),766,0.00022916600000044696
exec,CoreML (CPU_AND_GPU),767,0.00014587500000118325
vm,CoreML (CPU_AND_GPU),767,0.00024424999999972385
exec,CoreML (CPU_AND_GPU),768,0.00015345799999977316
vm,CoreML (CPU_AND_GPU),768,0.00022270899999909943
exec,CoreML (CPU_AND_GPU),769,0.00015333300000008876
vm,CoreML (CPU_AND_GPU),769,0.0002869170000003862
exec,CoreML (CPU_AND_GPU),770,0.0001140829999997095
vm,CoreML (CPU_AND_GPU),770,0.000244917000001621
exec,CoreML (CPU_AND_GPU),771,0.00011329199999998707
vm,CoreML (CPU_AND_GPU),771,0.00022387499999965144
exec,CoreML (CPU_AND_GPU),772,0.00014854199999980722
vm,CoreML (CPU_AND_GPU),772,0.0002447920000001602
exec,CoreML (CPU_AND_GPU),773,0.00015612500000017349
vm,CoreML (CPU_AND_GPU),773,0.0002341670000003404
exec,CoreML (CPU_AND_GPU),774,0.00015058400000000915
vm,CoreML (CPU_AND_GPU),774,0.00025616599999978007
exec,CoreML (CPU_AND_GPU),775,0.000150999999998902
vm,CoreML (CPU_AND_GPU),775,0.00022620800000083818
exec,CoreML (CPU_AND_GPU),776,0.00015237500000075954
vm,CoreML (CPU_AND_GPU),776,0.00025249999999843453
exec,CoreML (CPU_AND_GPU),777,0.00014625000000023647
vm,CoreML (CPU_AND_GPU),777,0.00022362499999850627
exec,CoreML (CPU_AND_GPU),778,0.00015420799999965595
vm,CoreML (CPU_AND_GPU),778,0.00026595799999995506
exec,CoreML (CPU_AND_GPU),779,0.00014529200000090725
vm,CoreML (CPU_AND_GPU),779,0.00023691700000050275
exec,CoreML (CPU_AND_GPU),780,0.00014895899999878282
vm,CoreML (CPU_AND_GPU),780,0.00023354200000014202
exec,CoreML (CPU_AND_GPU),781,0.00014695800000019688
vm,CoreML (CPU_AND_GPU),781,0.0002340829999987193
exec,CoreML (CPU_AND_GPU),782,0.00012425000000071407
vm,CoreML (CPU_AND_GPU),782,0.00024741700000063815
exec,CoreML (CPU_AND_GPU),783,0.00016070900000109134
vm,CoreML (CPU_AND_GPU),783,0.00022104099999964433
exec,CoreML (CPU_AND_GPU),784,0.00016020800000049462
vm,CoreML (CPU_AND_GPU),784,0.0002572919999987988
exec,CoreML (CPU_AND_GPU),785,0.000160791999999077
vm,CoreML (CPU_AND_GPU),785,0.00023654199999967318
exec,CoreML (CPU_AND_GPU),786,0.00028287499999990473
vm,CoreML (CPU_AND_GPU),786,0.00024920800000138854
exec,CoreML (CPU_AND_GPU),787,0.000279499999999544
vm,CoreML (CPU_AND_GPU),787,0.00022945799999973815
exec,CoreML (CPU_AND_GPU),788,0.00015758399999832307
vm,CoreML (CPU_AND_GPU),788,0.00025650000000077
exec,CoreML (CPU_AND_GPU),789,0.00027724999999989564
vm,CoreML (CPU_AND_GPU),789,0.0002643330000005051
exec,CoreML (CPU_AND_GPU),790,0.00028491600000002393
vm,CoreML (CPU_AND_GPU),790,0.00026129100000105154
exec,CoreML (CPU_AND_GPU),791,0.00015529199999875232
vm,CoreML (CPU_AND_GPU),791,0.00023570799999994563
exec,CoreML (CPU_AND_GPU),792,0.0001589170000002582
vm,CoreML (CPU_AND_GPU),792,0.00023366699999982643
exec,CoreML (CPU_AND_GPU),793,0.00015787500000108423
vm,CoreML (CPU_AND_GPU),793,0.00022066700000067385
exec,CoreML (CPU_AND_GPU),794,0.0001514579999994936
vm,CoreML (CPU_AND_GPU),794,0.00026833299999928784
exec,CoreML (CPU_AND_GPU),795,0.00014899999999862246
vm,CoreML (CPU_AND_GPU),795,0.00025399999999997647
exec,CoreML (CPU_AND_GPU),796,0.0001555410000015911
vm,CoreML (CPU_AND_GPU),796,0.0002502079999988638
exec,CoreML (CPU_AND_GPU),797,0.00015737500000057025
vm,CoreML (CPU_AND_GPU),797,0.00022445799999992744
exec,CoreML (CPU_AND_GPU),798,0.0001514579999994936
vm,CoreML (CPU_AND_GPU),798,0.00021800000000027353
exec,CoreML (CPU_AND_GPU),799,0.00014958300000067482
vm,CoreML (CPU_AND_GPU),799,0.00026720800000035183
exec,CoreML (CPU_AND_GPU),800,0.00015024999999901922
vm,CoreML (CPU_AND_GPU),800,0.0002307500000000573
exec,CoreML (CPU_AND_GPU),801,0.00021366700000058358
vm,CoreML (CPU_AND_GPU),801,0.00027500000000024727
exec,CoreML (CPU_AND_GPU),802,0.00014287499999987574
vm,CoreML (CPU_AND_GPU),802,0.0002514169999994209
exec,CoreML (CPU_AND_GPU),803,0.00014733399999933283
vm,CoreML (CPU_AND_GPU),803,0.00026158300000034274
exec,CoreML (CPU_AND_GPU),804,0.00014258300000058455
vm,CoreML (CPU_AND_GPU),804,0.0002663340000008674
exec,CoreML (CPU_AND_GPU),805,0.00014050000000054297
vm,CoreML (CPU_AND_GPU),805,0.00024320899999885626
exec,CoreML (CPU_AND_GPU),806,0.00013354100000029234
vm,CoreML (CPU_AND_GPU),806,0.00024391599999873392
exec,CoreML (CPU_AND_GPU),807,0.00013791599999990467
vm,CoreML (CPU_AND_GPU),807,0.00024087500000113948
exec,CoreML (CPU_AND_GPU),808,0.00015983299999966505
vm,CoreML (CPU_AND_GPU),808,0.0002586249999989576
exec,CoreML (CPU_AND_GPU),809,0.0001559580000005667
vm,CoreML (CPU_AND_GPU),809,0.00023508299999974724
exec,CoreML (CPU_AND_GPU),810,0.00014800000000114721
vm,CoreML (CPU_AND_GPU),810,0.00024449999999909267
exec,CoreML (CPU_AND_GPU),811,0.0001499999999996504
vm,CoreML (CPU_AND_GPU),811,0.00023587499999955241
exec,CoreML (CPU_AND_GPU),812,0.00014637499999992087
vm,CoreML (CPU_AND_GPU),812,0.00026733300000003624
exec,CoreML (CPU_AND_GPU),813,0.00015250000000044395
vm,CoreML (CPU_AND_GPU),813,0.00023962500000074272
exec,CoreML (CPU_AND_GPU),814,0.000150458000000242
vm,CoreML (CPU_AND_GPU),814,0.00024116600000034794
exec,CoreML (CPU_AND_GPU),815,0.00014449999999932572
vm,CoreML (CPU_AND_GPU),815,0.00021200000000121122
exec,CoreML (CPU_AND_GPU),816,0.00015499999999946112
vm,CoreML (CPU_AND_GPU),816,0.0002400000000015723
exec,CoreML (CPU_AND_GPU),817,0.00014570899999988285
vm,CoreML (CPU_AND_GPU),817,0.0002796660000008444
exec,CoreML (CPU_AND_GPU),818,0.00017275000000083196
vm,CoreML (CPU_AND_GPU),818,0.0002449169999998446
exec,CoreML (CPU_AND_GPU),819,0.000277291999999818
vm,CoreML (CPU_AND_GPU),819,0.0002461670000002414
exec,CoreML (CPU_AND_GPU),820,0.00027575000000013006
vm,CoreML (CPU_AND_GPU),820,0.00024391600000051028
exec,CoreML (CPU_AND_GPU),821,0.00015641700000124104
vm,CoreML (CPU_AND_GPU),821,0.00024129200000011508
exec,CoreML (CPU_AND_GPU),822,0.0001562079999999355
vm,CoreML (CPU_AND_GPU),822,0.0002221660000003567
exec,CoreML (CPU_AND_GPU),823,0.00015795899999915264
vm,CoreML (CPU_AND_GPU),823,0.0002480840000007589
exec,CoreML (CPU_AND_GPU),824,0.00015908299999978226
vm,CoreML (CPU_AND_GPU),824,0.0002644580000001895
exec,CoreML (CPU_AND_GPU),825,0.0001554999999999751
vm,CoreML (CPU_AND_GPU),825,0.0002605840000011739
exec,CoreML (CPU_AND_GPU),826,0.0001499169999998884
vm,CoreML (CPU_AND_GPU),826,0.00021670900000003712
exec,CoreML (CPU_AND_GPU),827,0.00015829200000005983
vm,CoreML (CPU_AND_GPU),827,0.0002859999999991203
exec,CoreML (CPU_AND_GPU),828,0.00015437499999926274
vm,CoreML (CPU_AND_GPU),828,0.0002514589999993433
exec,CoreML (CPU_AND_GPU),829,0.0001425420000007449
vm,CoreML (CPU_AND_GPU),829,0.0002129170000007008
exec,CoreML (CPU_AND_GPU),830,0.00015895800000009785
vm,CoreML (CPU_AND_GPU),830,0.0002615000000005807
exec,CoreML (CPU_AND_GPU),831,0.00014612500000055206
vm,CoreML (CPU_AND_GPU),831,0.00023620799999868325
exec,CoreML (CPU_AND_GPU),832,0.0001551669999990679
vm,CoreML (CPU_AND_GPU),832,0.0002366249999994352
exec,CoreML (CPU_AND_GPU),833,0.00011879200000031176
vm,CoreML (CPU_AND_GPU),833,0.00025495800000108204
exec,CoreML (CPU_AND_GPU),834,0.00015199999999992997
vm,CoreML (CPU_AND_GPU),834,0.000244958999999767
exec,CoreML (CPU_AND_GPU),835,0.00014849999999988484
vm,CoreML (CPU_AND_GPU),835,0.0002431249999990115
exec,CoreML (CPU_AND_GPU),836,0.0001575410000000943
vm,CoreML (CPU_AND_GPU),836,0.00024383300000074826
exec,CoreML (CPU_AND_GPU),837,0.00015575000000112027
vm,CoreML (CPU_AND_GPU),837,0.0002508339999991449
exec,CoreML (CPU_AND_GPU),838,0.0001499999999996504
vm,CoreML (CPU_AND_GPU),838,0.0002315829999997021
exec,CoreML (CPU_AND_GPU),839,0.00015370800000091833
vm,CoreML (CPU_AND_GPU),839,0.0003219169999990612
exec,CoreML (CPU_AND_GPU),840,0.00014866699999949162
vm,CoreML (CPU_AND_GPU),840,0.00024179200000062906
exec,CoreML (CPU_AND_GPU),841,0.00015270899999997312
vm,CoreML (CPU_AND_GPU),841,0.00023887500000085993
exec,CoreML (CPU_AND_GPU),842,0.00015025000000079558
vm,CoreML (CPU_AND_GPU),842,0.00021512500000042678
exec,CoreML (CPU_AND_GPU),843,0.00014870799999933126
vm,CoreML (CPU_AND_GPU),843,0.00026841599999904986
exec,CoreML (CPU_AND_GPU),844,0.0001503330000005576
vm,CoreML (CPU_AND_GPU),844,0.0002560420000001784
exec,CoreML (CPU_AND_GPU),845,0.00015166700000079913
vm,CoreML (CPU_AND_GPU),845,0.0002661659999994015
exec,CoreML (CPU_AND_GPU),846,0.00012145900000071208
vm,CoreML (CPU_AND_GPU),846,0.00024045799999861117
exec,CoreML (CPU_AND_GPU),847,0.00015141599999957123
vm,CoreML (CPU_AND_GPU),847,0.0002117090000002264
exec,CoreML (CPU_AND_GPU),848,0.0001284580000007196
vm,CoreML (CPU_AND_GPU),848,0.0002682910000011418
exec,CoreML (CPU_AND_GPU),849,0.00015179200000048354
vm,CoreML (CPU_AND_GPU),849,0.00023662500000121156
exec,CoreML (CPU_AND_GPU),850,0.00015199999999992997
vm,CoreML (CPU_AND_GPU),850,0.00024924999999953457
exec,CoreML (CPU_AND_GPU),851,0.00021458299999999042
vm,CoreML (CPU_AND_GPU),851,0.00022908300000068493
exec,CoreML (CPU_AND_GPU),852,0.00014608400000071242
vm,CoreML (CPU_AND_GPU),852,0.0002721250000004005
exec,CoreML (CPU_AND_GPU),853,0.00014358299999983615
vm,CoreML (CPU_AND_GPU),853,0.0002399170000000339
exec,CoreML (CPU_AND_GPU),854,0.0001422920000013761
vm,CoreML (CPU_AND_GPU),854,0.00023850000000003035
exec,CoreML (CPU_AND_GPU),855,0.0001360829999992319
vm,CoreML (CPU_AND_GPU),855,0.0002372499999996336
exec,CoreML (CPU_AND_GPU),856,0.00013662500000144462
vm,CoreML (CPU_AND_GPU),856,0.00025412500000143723
exec,CoreML (CPU_AND_GPU),857,0.00013466599999922835
vm,CoreML (CPU_AND_GPU),857,0.00024808399999898256
exec,CoreML (CPU_AND_GPU),858,0.00013270799999887117
vm,CoreML (CPU_AND_GPU),858,0.00024379199999913226
exec,CoreML (CPU_AND_GPU),859,0.00016545899999975688
vm,CoreML (CPU_AND_GPU),859,0.00021295899999884682
exec,CoreML (CPU_AND_GPU),860,0.0001661249999997949
vm,CoreML (CPU_AND_GPU),860,0.0002630830000001083
exec,CoreML (CPU_AND_GPU),861,0.00014683399999881885
vm,CoreML (CPU_AND_GPU),861,0.00025537500000005764
exec,CoreML (CPU_AND_GPU),862,0.00015508299999922315
vm,CoreML (CPU_AND_GPU),862,0.0002349170000002232
exec,CoreML (CPU_AND_GPU),863,0.0001458749999994069
vm,CoreML (CPU_AND_GPU),863,0.0002497090000002089
exec,CoreML (CPU_AND_GPU),864,0.00015229199999922116
vm,CoreML (CPU_AND_GPU),864,0.0002366249999994352
exec,CoreML (CPU_AND_GPU),865,0.00015583400000096503
vm,CoreML (CPU_AND_GPU),865,0.00024304099999916673
exec,CoreML (CPU_AND_GPU),866,0.00014166599999931861
vm,CoreML (CPU_AND_GPU),866,0.0002317499999993089
exec,CoreML (CPU_AND_GPU),867,0.0001542089999997387
vm,CoreML (CPU_AND_GPU),867,0.00023679099999895925
exec,CoreML (CPU_AND_GPU),868,0.00015758300000001668
vm,CoreML (CPU_AND_GPU),868,0.00029779199999957484
exec,CoreML (CPU_AND_GPU),869,0.00014912500000008322
vm,CoreML (CPU_AND_GPU),869,0.00028666699999924106
exec,CoreML (CPU_AND_GPU),870,0.0001726249999993712
vm,CoreML (CPU_AND_GPU),870,0.00024270900000011864
exec,CoreML (CPU_AND_GPU),871,0.0001661249999997949
vm,CoreML (CPU_AND_GPU),871,0.00027891599999918526
exec,CoreML (CPU_AND_GPU),872,0.00015987499999958743
vm,CoreML (CPU_AND_GPU),872,0.00025912500000124794
exec,CoreML (CPU_AND_GPU),873,0.00015370899999922472
vm,CoreML (CPU_AND_GPU),873,0.00024204199999999787
exec,CoreML (CPU_AND_GPU),874,0.000150458000000242
vm,CoreML (CPU_AND_GPU),874,0.000266292000000945
exec,CoreML (CPU_AND_GPU),875,0.00014762500000031764
vm,CoreML (CPU_AND_GPU),875,0.0002613339999992803
exec,CoreML (CPU_AND_GPU),876,0.00014433399999980168
vm,CoreML (CPU_AND_GPU),876,0.0002515000000009593
exec,CoreML (CPU_AND_GPU),877,0.00014845799999996245
vm,CoreML (CPU_AND_GPU),877,0.0002498339999998933
exec,CoreML (CPU_AND_GPU),878,0.00015274999999981276
vm,CoreML (CPU_AND_GPU),878,0.00023729199999955597
exec,CoreML (CPU_AND_GPU),879,0.00014837500000020043
vm,CoreML (CPU_AND_GPU),879,0.00023779200000006995
exec,CoreML (CPU_AND_GPU),880,0.00015533300000036832
vm,CoreML (CPU_AND_GPU),880,0.0002608329999986836
exec,CoreML (CPU_AND_GPU),881,0.00014849999999988484
vm,CoreML (CPU_AND_GPU),881,0.00023737500000109435
exec,CoreML (CPU_AND_GPU),882,0.0001490420000003212
vm,CoreML (CPU_AND_GPU),882,0.0002507080000011541
exec,CoreML (CPU_AND_GPU),883,0.00013995900000018935
vm,CoreML (CPU_AND_GPU),883,0.000255917000000494
exec,CoreML (CPU_AND_GPU),884,0.0001502080000008732
vm,CoreML (CPU_AND_GPU),884,0.0002450409999994463
exec,CoreML (CPU_AND_GPU),885,0.0001513329999998092
vm,CoreML (CPU_AND_GPU),885,0.00024370899999937023
exec,CoreML (CPU_AND_GPU),886,0.00014970800000035922
vm,CoreML (CPU_AND_GPU),886,0.0002364999999997508
exec,CoreML (CPU_AND_GPU),887,0.00013712500000018224
vm,CoreML (CPU_AND_GPU),887,0.0003089169999999086
exec,CoreML (CPU_AND_GPU),888,0.00015454199999886953
vm,CoreML (CPU_AND_GPU),888,0.00023420800000018005
exec,CoreML (CPU_AND_GPU),889,0.0001545000000007235
vm,CoreML (CPU_AND_GPU),889,0.00023395799999903488
exec,CoreML (CPU_AND_GPU),890,0.0001464579999996829
vm,CoreML (CPU_AND_GPU),890,0.00025433300000088366
exec,CoreML (CPU_AND_GPU),891,0.0001508749999992176
vm,CoreML (CPU_AND_GPU),891,0.00023045799999898975
exec,CoreML (CPU_AND_GPU),892,0.00014712499999980366
vm,CoreML (CPU_AND_GPU),892,0.00024379200000090862
exec,CoreML (CPU_AND_GPU),893,0.00014675000000075045
vm,CoreML (CPU_AND_GPU),893,0.00024558299999988265
exec,CoreML (CPU_AND_GPU),894,0.00015545800000005272
vm,CoreML (CPU_AND_GPU),894,0.0002566250000004544
exec,CoreML (CPU_AND_GPU),895,0.00014908300000016084
vm,CoreML (CPU_AND_GPU),895,0.0002547079999999369
exec,CoreML (CPU_AND_GPU),896,0.0001541669999998163
vm,CoreML (CPU_AND_GPU),896,0.00021233300000034205
exec,CoreML (CPU_AND_GPU),897,0.00014608300000062968
vm,CoreML (CPU_AND_GPU),897,0.00025504199999915045
exec,CoreML (CPU_AND_GPU),898,0.00014691700000035723
vm,CoreML (CPU_AND_GPU),898,0.00023666699999935759
exec,CoreML (CPU_AND_GPU),899,0.00014466700000070887
vm,CoreML (CPU_AND_GPU),899,0.00023929099999975278
exec,CoreML (CPU_AND_GPU),900,0.0001559169999989507
vm,CoreML (CPU_AND_GPU),900,0.00024554099999996026
exec,CoreML (CPU_AND_GPU),901,0.00021412499999939882
vm,CoreML (CPU_AND_GPU),901,0.00032795899999982225
exec,CoreML (CPU_AND_GPU),902,0.00014662499999928968
vm,CoreML (CPU_AND_GPU),902,0.0002947500000001213
exec,CoreML (CPU_AND_GPU),903,0.00014245799999912379
vm,CoreML (CPU_AND_GPU),903,0.0002620000000010947
exec,CoreML (CPU_AND_GPU),904,0.00014504099999967934
vm,CoreML (CPU_AND_GPU),904,0.0002588749999983264
exec,CoreML (CPU_AND_GPU),905,0.00013887500000109299
vm,CoreML (CPU_AND_GPU),905,0.00024150000000133787
exec,CoreML (CPU_AND_GPU),906,0.00013458299999946632
vm,CoreML (CPU_AND_GPU),906,0.0002237090000001274
exec,CoreML (CPU_AND_GPU),907,0.00013058399999898995
vm,CoreML (CPU_AND_GPU),907,0.00023137500000025568
exec,CoreML (CPU_AND_GPU),908,0.00013258300000096312
vm,CoreML (CPU_AND_GPU),908,0.00024162499999924592
exec,CoreML (CPU_AND_GPU),909,0.00015812500000045304
vm,CoreML (CPU_AND_GPU),909,0.00022862500000009334
exec,CoreML (CPU_AND_GPU),910,0.00015229100000091478
vm,CoreML (CPU_AND_GPU),910,0.00025450000000049045
exec,CoreML (CPU_AND_GPU),911,0.00015016599999917446
vm,CoreML (CPU_AND_GPU),911,0.00021483400000121833
exec,CoreML (CPU_AND_GPU),912,0.0001523329999990608
vm,CoreML (CPU_AND_GPU),912,0.00026575000000050863
exec,CoreML (CPU_AND_GPU),913,0.00016220799999899782
vm,CoreML (CPU_AND_GPU),913,0.00021975000000118428
exec,CoreML (CPU_AND_GPU),914,0.0001364160000001391
vm,CoreML (CPU_AND_GPU),914,0.00027233299999984695
exec,CoreML (CPU_AND_GPU),915,0.00014725000000126443
vm,CoreML (CPU_AND_GPU),915,0.00023320800000092845
exec,CoreML (CPU_AND_GPU),916,0.00015100000000067837
vm,CoreML (CPU_AND_GPU),916,0.00020641699999934815
exec,CoreML (CPU_AND_GPU),917,0.00015487499999977672
vm,CoreML (CPU_AND_GPU),917,0.0002658340000003534
exec,CoreML (CPU_AND_GPU),918,0.00015045900000032475
vm,CoreML (CPU_AND_GPU),918,0.000269124999999093
exec,CoreML (CPU_AND_GPU),919,0.0001488750000007144
vm,CoreML (CPU_AND_GPU),919,0.00026354200000078265
exec,CoreML (CPU_AND_GPU),920,0.00014966700000051958
vm,CoreML (CPU_AND_GPU),920,0.00021812499999995794
exec,CoreML (CPU_AND_GPU),921,0.00014462499999901013
vm,CoreML (CPU_AND_GPU),921,0.0002688329999998018
exec,CoreML (CPU_AND_GPU),922,0.00015070799999961082
vm,CoreML (CPU_AND_GPU),922,0.0002600840000006599
exec,CoreML (CPU_AND_GPU),923,0.00014712499999980366
vm,CoreML (CPU_AND_GPU),923,0.0002274159999995362
exec,CoreML (CPU_AND_GPU),924,0.0001546670000003303
vm,CoreML (CPU_AND_GPU),924,0.00027575000000013006
exec,CoreML (CPU_AND_GPU),925,0.00015170800000063878
vm,CoreML (CPU_AND_GPU),925,0.0002296250000011213
exec,CoreML (CPU_AND_GPU),926,0.00014650000000138164
vm,CoreML (CPU_AND_GPU),926,0.00025749999999824524
exec,CoreML (CPU_AND_GPU),927,0.0001552080000006839
vm,CoreML (CPU_AND_GPU),927,0.000259332999998918
exec,CoreML (CPU_AND_GPU),928,0.00013454199999962668
vm,CoreML (CPU_AND_GPU),928,0.0002248750000006794
exec,CoreML (CPU_AND_GPU),929,0.00014629200000015885
vm,CoreML (CPU_AND_GPU),929,0.000245624999999805
exec,CoreML (CPU_AND_GPU),930,0.0001483329999985017
vm,CoreML (CPU_AND_GPU),930,0.00021399999999971442
exec,CoreML (CPU_AND_GPU),931,0.00015608400000033384
vm,CoreML (CPU_AND_GPU),931,0.0002605829999993148
exec,CoreML (CPU_AND_GPU),932,0.00015499999999946112
vm,CoreML (CPU_AND_GPU),932,0.0002164160000006632
exec,CoreML (CPU_AND_GPU),933,0.0001507499999995332
vm,CoreML (CPU_AND_GPU),933,0.00026516700000023263
exec,CoreML (CPU_AND_GPU),934,0.00013637500000029945
vm,CoreML (CPU_AND_GPU),934,0.0002423749999991287
exec,CoreML (CPU_AND_GPU),935,0.00013558300000049428
vm,CoreML (CPU_AND_GPU),935,0.0002222499999984251
exec,CoreML (CPU_AND_GPU),936,0.00015195900000009033
vm,CoreML (CPU_AND_GPU),936,0.00024629099999984305
exec,CoreML (CPU_AND_GPU),937,0.00015945900000069457
vm,CoreML (CPU_AND_GPU),937,0.0002447920000001602
exec,CoreML (CPU_AND_GPU),938,0.0001449999999998397
vm,CoreML (CPU_AND_GPU),938,0.00026187499999963393
exec,CoreML (CPU_AND_GPU),939,0.0001529579999992592
vm,CoreML (CPU_AND_GPU),939,0.000295834000000994
exec,CoreML (CPU_AND_GPU),940,0.0001485000000016612
vm,CoreML (CPU_AND_GPU),940,0.00027083300000008137
exec,CoreML (CPU_AND_GPU),941,0.00015579099999918355
vm,CoreML (CPU_AND_GPU),941,0.00023141700000017806
exec,CoreML (CPU_AND_GPU),942,0.00013258299999918677
vm,CoreML (CPU_AND_GPU),942,0.00028141700000006153
exec,CoreML (CPU_AND_GPU),943,0.00014566599999987773
vm,CoreML (CPU_AND_GPU),943,0.0003239160000010344
exec,CoreML (CPU_AND_GPU),944,0.00014812499999905526
vm,CoreML (CPU_AND_GPU),944,0.00027500000000024727
exec,CoreML (CPU_AND_GPU),945,0.0001465840000012264
vm,CoreML (CPU_AND_GPU),945,0.0002999999999993008
exec,CoreML (CPU_AND_GPU),946,0.00015616700000009587
vm,CoreML (CPU_AND_GPU),946,0.0003739170000010006
exec,CoreML (CPU_AND_GPU),947,0.00015204199999985235
vm,CoreML (CPU_AND_GPU),947,0.0003208749999998872
exec,CoreML (CPU_AND_GPU),948,0.00015462499999863155
vm,CoreML (CPU_AND_GPU),948,0.0003318339999989206
exec,CoreML (CPU_AND_GPU),949,0.0001462080000003141
vm,CoreML (CPU_AND_GPU),949,0.0002936669999993313
exec,CoreML (CPU_AND_GPU),950,0.00014687500000043485
vm,CoreML (CPU_AND_GPU),950,0.0002537080000006853
exec,CoreML (CPU_AND_GPU),951,0.00022637500000044497
vm,CoreML (CPU_AND_GPU),951,0.0002947920000000437
exec,CoreML (CPU_AND_GPU),952,0.00014708399999996402
vm,CoreML (CPU_AND_GPU),952,0.00025049999999993133
exec,CoreML (CPU_AND_GPU),953,0.00014383300000098131
vm,CoreML (CPU_AND_GPU),953,0.0002617499999999495
exec,CoreML (CPU_AND_GPU),954,0.00013974999999888382
vm,CoreML (CPU_AND_GPU),954,0.0002502090000007229
exec,CoreML (CPU_AND_GPU),955,0.00013787500000006503
vm,CoreML (CPU_AND_GPU),955,0.00025141599999933817
exec,CoreML (CPU_AND_GPU),956,0.00013554200000065464
vm,CoreML (CPU_AND_GPU),956,0.0002441659999998791
exec,CoreML (CPU_AND_GPU),957,0.00013358299999843837
vm,CoreML (CPU_AND_GPU),957,0.00023691700000050275
exec,CoreML (CPU_AND_GPU),958,0.0001299169999988692
vm,CoreML (CPU_AND_GPU),958,0.00023116700000080925
exec,CoreML (CPU_AND_GPU),959,0.0001393749999998306
vm,CoreML (CPU_AND_GPU),959,0.0002740839999990641
exec,CoreML (CPU_AND_GPU),960,0.0001353749999992715
vm,CoreML (CPU_AND_GPU),960,0.00025549999999974204
exec,CoreML (CPU_AND_GPU),961,0.00016029100000025664
vm,CoreML (CPU_AND_GPU),961,0.00024449999999909267
exec,CoreML (CPU_AND_GPU),962,0.00015233300000083716
vm,CoreML (CPU_AND_GPU),962,0.0002571250000009684
exec,CoreML (CPU_AND_GPU),963,0.0001464579999996829
vm,CoreML (CPU_AND_GPU),963,0.00021983399999925268
exec,CoreML (CPU_AND_GPU),964,0.00015279199999973514
vm,CoreML (CPU_AND_GPU),964,0.0002590829999995492
exec,CoreML (CPU_AND_GPU),965,0.0001540420000001319
vm,CoreML (CPU_AND_GPU),965,0.00022837499999894817
exec,CoreML (CPU_AND_GPU),966,0.00014841600000004007
vm,CoreML (CPU_AND_GPU),966,0.00026720800000035183
exec,CoreML (CPU_AND_GPU),967,0.00014587500000118325
vm,CoreML (CPU_AND_GPU),967,0.00020879200000045728
exec,CoreML (CPU_AND_GPU),968,0.0001490420000003212
vm,CoreML (CPU_AND_GPU),968,0.000277792000000332
exec,CoreML (CPU_AND_GPU),969,0.00015283299999957478
vm,CoreML (CPU_AND_GPU),969,0.00024095799999912515
exec,CoreML (CPU_AND_GPU),970,0.00014299999999956015
vm,CoreML (CPU_AND_GPU),970,0.0002516250000006437
exec,CoreML (CPU_AND_GPU),971,0.00014862499999956924
vm,CoreML (CPU_AND_GPU),971,0.00025504199999915045
exec,CoreML (CPU_AND_GPU),972,0.00014766700000024002
vm,CoreML (CPU_AND_GPU),972,0.0002402500000009411
exec,CoreML (CPU_AND_GPU),973,0.0001537920000007631
vm,CoreML (CPU_AND_GPU),973,0.0002393339999997579
exec,CoreML (CPU_AND_GPU),974,0.00013087499999997476
vm,CoreML (CPU_AND_GPU),974,0.0002324579999992693
exec,CoreML (CPU_AND_GPU),975,0.00011025000000053353
vm,CoreML (CPU_AND_GPU),975,0.00024770899999992935
exec,CoreML (CPU_AND_GPU),976,0.00014254199999896855
vm,CoreML (CPU_AND_GPU),976,0.00022029099999976154
exec,CoreML (CPU_AND_GPU),977,0.00015212500000139073
vm,CoreML (CPU_AND_GPU),977,0.00026199999999931833
exec,CoreML (CPU_AND_GPU),978,0.00015166599999894004
vm,CoreML (CPU_AND_GPU),978,0.00024370899999937023
exec,CoreML (CPU_AND_GPU),979,0.00014858300000142322
vm,CoreML (CPU_AND_GPU),979,0.00024400000000035504
exec,CoreML (CPU_AND_GPU),980,0.00015470799999839357
vm,CoreML (CPU_AND_GPU),980,0.00030629200000120704
exec,CoreML (CPU_AND_GPU),981,0.00015024999999901922
vm,CoreML (CPU_AND_GPU),981,0.0004442919999991801
exec,CoreML (CPU_AND_GPU),982,0.00011954200000019455
vm,CoreML (CPU_AND_GPU),982,0.000288791999999205
exec,CoreML (CPU_AND_GPU),983,0.00028345800000018073
vm,CoreML (CPU_AND_GPU),983,0.00030329199999989953
exec,CoreML (CPU_AND_GPU),984,0.00028379099999931157
vm,CoreML (CPU_AND_GPU),984,0.0002804169999990336
exec,CoreML (CPU_AND_GPU),985,0.00015670799999867313
vm,CoreML (CPU_AND_GPU),985,0.0003118749999995174
exec,CoreML (CPU_AND_GPU),986,0.0001506249999998488
vm,CoreML (CPU_AND_GPU),986,0.0003677910000003948
exec,CoreML (CPU_AND_GPU),987,0.00014883299999901567
vm,CoreML (CPU_AND_GPU),987,0.0002731250000014285
exec,CoreML (CPU_AND_GPU),988,0.00015233399999914354
vm,CoreML (CPU_AND_GPU),988,0.00025733299999863846
exec,CoreML (CPU_AND_GPU),989,0.00015137500000150794
vm,CoreML (CPU_AND_GPU),989,0.00023837500000034595
exec,CoreML (CPU_AND_GPU),990,0.0001523329999990608
vm,CoreML (CPU_AND_GPU),990,0.00024133299999995472
exec,CoreML (CPU_AND_GPU),991,0.00014995799999972803
vm,CoreML (CPU_AND_GPU),991,0.0002492079999996122
exec,CoreML (CPU_AND_GPU),992,0.00014870800000110762
vm,CoreML (CPU_AND_GPU),992,0.00023654199999967318
exec,CoreML (CPU_AND_GPU),993,0.0001554999999999751
vm,CoreML (CPU_AND_GPU),993,0.00024745799999870144
exec,CoreML (CPU_AND_GPU),994,0.00014695900000027962
vm,CoreML (CPU_AND_GPU),994,0.0002527079999996573
exec,CoreML (CPU_AND_GPU),995,0.0001497500000002816
vm,CoreML (CPU_AND_GPU),995,0.000224750000000995
exec,CoreML (CPU_AND_GPU),996,0.0001540420000001319
vm,CoreML (CPU_AND_GPU),996,0.00026095899999845074
exec,CoreML (CPU_AND_GPU),997,0.00016770800000109887
vm,CoreML (CPU_AND_GPU),997,0.00024920800000138854
exec,CoreML (CPU_AND_GPU),998,0.00015345799999977316
vm,CoreML (CPU_AND_GPU),998,0.0002455000000001206
exec,CoreML (CPU_AND_GPU),999,0.00015412499999989393
vm,CoreML (CPU_AND_GPU),999,0.0002468750000002018
exec,CoreML (CPU_AND_GPU),1000,0.00015112499999858642
vm,CoreML (CPU_AND_GPU),1000,0.00022979200000072808
exec,CoreML (CPU_ONLY),1,0.0002251250000000482
vm,CoreML (CPU_ONLY),1,0.00032195899999987176
exec,CoreML (CPU_ONLY),2,0.0001697500000013008
vm,CoreML (CPU_ONLY),2,0.0002741669999997143
exec,CoreML (CPU_ONLY),3,0.00016416699999943773
vm,CoreML (CPU_ONLY),3,0.00026845899999994316
exec,CoreML (CPU_ONLY),4,0.00018183299999918745
vm,CoreML (CPU_ONLY),4,0.0002457500000003776
exec,CoreML (CPU_ONLY),5,0.000162540999999905
vm,CoreML (CPU_ONLY),5,0.00024729200000006557
exec,CoreML (CPU_ONLY),6,0.000141707999999241
vm,CoreML (CPU_ONLY),6,0.00023187499999988148
exec,CoreML (CPU_ONLY),7,0.00016254199999998775
vm,CoreML (CPU_ONLY),7,0.0002367080000000854
exec,CoreML (CPU_ONLY),8,0.00012941600000004883
vm,CoreML (CPU_ONLY),8,0.00023991599999995117
exec,CoreML (CPU_ONLY),9,0.00012624999999921727
vm,CoreML (CPU_ONLY),9,0.00022020799999999952
exec,CoreML (CPU_ONLY),10,0.00013229199999997832
vm,CoreML (CPU_ONLY),10,0.00023237500000039546
exec,CoreML (CPU_ONLY),11,0.00013354200000037508
vm,CoreML (CPU_ONLY),11,0.0002284589999996811
exec,CoreML (CPU_ONLY),12,0.00012124999999940655
vm,CoreML (CPU_ONLY),12,0.00022558299999975162
exec,CoreML (CPU_ONLY),13,0.00012591700000008643
vm,CoreML (CPU_ONLY),13,0.00022945799999973815
exec,CoreML (CPU_ONLY),14,0.00013829099999895789
vm,CoreML (CPU_ONLY),14,0.0002289170000002727
exec,CoreML (CPU_ONLY),15,0.00013183300000108034
vm,CoreML (CPU_ONLY),15,0.00021200000000032304
exec,CoreML (CPU_ONLY),16,0.00012508300000035888
vm,CoreML (CPU_ONLY),16,0.0002259999999996154
exec,CoreML (CPU_ONLY),17,0.00012304200000023968
vm,CoreML (CPU_ONLY),17,0.00020129199999985303
exec,CoreML (CPU_ONLY),18,0.0001218339999997653
vm,CoreML (CPU_ONLY),18,0.0002347920000005388
exec,CoreML (CPU_ONLY),19,0.0001173750000003082
vm,CoreML (CPU_ONLY),19,0.0002774169999995024
exec,CoreML (CPU_ONLY),20,0.00012766599999913808
vm,CoreML (CPU_ONLY),20,0.00026612499999956185
exec,CoreML (CPU_ONLY),21,0.00012091600000019298
vm,CoreML (CPU_ONLY),21,0.00024399999999946687
exec,CoreML (CPU_ONLY),22,0.00012529199999988805
vm,CoreML (CPU_ONLY),22,0.00023299999999970566
exec,CoreML (CPU_ONLY),23,0.00011566699999931984
vm,CoreML (CPU_ONLY),23,0.00021549999999948
exec,CoreML (CPU_ONLY),24,0.00012087499999857698
vm,CoreML (CPU_ONLY),24,0.00023324999999996265
exec,CoreML (CPU_ONLY),25,0.00011841699999948219
vm,CoreML (CPU_ONLY),25,0.00023320800000004027
exec,CoreML (CPU_ONLY),26,0.0001330839999997835
vm,CoreML (CPU_ONLY),26,0.00021808300000003555
exec,CoreML (CPU_ONLY),27,0.00013749999999923546
vm,CoreML (CPU_ONLY),27,0.00022712500000032776
exec,CoreML (CPU_ONLY),28,0.00012237499999834256
vm,CoreML (CPU_ONLY),28,0.00023912500000022874
exec,CoreML (CPU_ONLY),29,0.00012808299999989003
vm,CoreML (CPU_ONLY),29,0.0002263329999996344
exec,CoreML (CPU_ONLY),30,0.00012608300000138684
vm,CoreML (CPU_ONLY),30,0.00024720900000030355
exec,CoreML (CPU_ONLY),31,0.00011829199999979778
vm,CoreML (CPU_ONLY),31,0.00021491700000009217
exec,CoreML (CPU_ONLY),32,0.00012537499999965007
vm,CoreML (CPU_ONLY),32,0.00022249999999957026
exec,CoreML (CPU_ONLY),33,0.0001281669999997348
vm,CoreML (CPU_ONLY),33,0.00021387500000003
exec,CoreML (CPU_ONLY),34,0.0001189579999998358
vm,CoreML (CPU_ONLY),34,0.00023354200000014202
exec,CoreML (CPU_ONLY),35,0.00012233300000019653
vm,CoreML (CPU_ONLY),35,0.0002310830000000763
exec,CoreML (CPU_ONLY),36,0.00011454199999860748
vm,CoreML (CPU_ONLY),36,0.00021858400000063227
exec,CoreML (CPU_ONLY),37,0.00012037499999983936
vm,CoreML (CPU_ONLY),37,0.00023266700000057483
exec,CoreML (CPU_ONLY),38,0.00012041699999976174
vm,CoreML (CPU_ONLY),38,0.00021749999999975955
exec,CoreML (CPU_ONLY),39,0.00011029200000045591
vm,CoreML (CPU_ONLY),39,0.0002310000000003143
exec,CoreML (CPU_ONLY),40,0.00011000000000116472
vm,CoreML (CPU_ONLY),40,0.00019866600000018053
exec,CoreML (CPU_ONLY),41,0.00011879100000022902
vm,CoreML (CPU_ONLY),41,0.0003501249999997569
exec,CoreML (CPU_ONLY),42,0.00012162500000023613
vm,CoreML (CPU_ONLY),42,0.00033733300000005073
exec,CoreML (CPU_ONLY),43,0.00012045899999968412
vm,CoreML (CPU_ONLY),43,0.00028287499999990473
exec,CoreML (CPU_ONLY),44,0.00011199999999966792
vm,CoreML (CPU_ONLY),44,0.000287667000000269
exec,CoreML (CPU_ONLY),45,0.0001227500000009485
vm,CoreML (CPU_ONLY),45,0.0002643330000005051
exec,CoreML (CPU_ONLY),46,0.0001122080000008907
vm,CoreML (CPU_ONLY),46,0.00023691600000042
exec,CoreML (CPU_ONLY),47,0.0001134999999994335
vm,CoreML (CPU_ONLY),47,0.00021466699999983518
exec,CoreML (CPU_ONLY),48,0.00010937499999918998
vm,CoreML (CPU_ONLY),48,0.00022437500000016541
exec,CoreML (CPU_ONLY),49,0.00011591600000038227
vm,CoreML (CPU_ONLY),49,0.00021795800000035115
exec,CoreML (CPU_ONLY),50,0.0001248329999992137
vm,CoreML (CPU_ONLY),50,0.000245291999999786
exec,CoreML (CPU_ONLY),51,0.00018495800000017937
vm,CoreML (CPU_ONLY),51,0.00031483300000001435
exec,CoreML (CPU_ONLY),52,0.00012620800000107124
vm,CoreML (CPU_ONLY),52,0.00024295900000037562
exec,CoreML (CPU_ONLY),53,0.00012170799999999815
vm,CoreML (CPU_ONLY),53,0.00023270800000041447
exec,CoreML (CPU_ONLY),54,0.0001220839999991341
vm,CoreML (CPU_ONLY),54,0.0002355419999995334
exec,CoreML (CPU_ONLY),55,0.00011129199999970751
vm,CoreML (CPU_ONLY),55,0.00021824999999964234
exec,CoreML (CPU_ONLY),56,0.00011637499999928025
vm,CoreML (CPU_ONLY),56,0.00021037499999998488
exec,CoreML (CPU_ONLY),57,0.00011962499999995657
vm,CoreML (CPU_ONLY),57,0.00026091699999941653
exec,CoreML (CPU_ONLY),58,0.00012037499999983936
vm,CoreML (CPU_ONLY),58,0.0002951250000000627
exec,CoreML (CPU_ONLY),59,0.00012145800000062934
vm,CoreML (CPU_ONLY),59,0.000331416999999945
exec,CoreML (CPU_ONLY),60,0.00012366599999857897
vm,CoreML (CPU_ONLY),60,0.0002508340000000331
exec,CoreML (CPU_ONLY),61,0.00012462499999976728
vm,CoreML (CPU_ONLY),61,0.00023816700000001134
exec,CoreML (CPU_ONLY),62,0.00013466700000108744
vm,CoreML (CPU_ONLY),62,0.0002182920000004529
exec,CoreML (CPU_ONLY),63,0.00012062500000098453
vm,CoreML (CPU_ONLY),63,0.0002372499999996336
exec,CoreML (CPU_ONLY),64,0.00011633399999944061
vm,CoreML (CPU_ONLY),64,0.00021320799999990925
exec,CoreML (CPU_ONLY),65,0.00011724999999884744
vm,CoreML (CPU_ONLY),65,0.00021687499999956117
exec,CoreML (CPU_ONLY),66,0.00011658299999872668
vm,CoreML (CPU_ONLY),66,0.00022879099999961738
exec,CoreML (CPU_ONLY),67,0.0001202909999999946
vm,CoreML (CPU_ONLY),67,0.00021116700000067823
exec,CoreML (CPU_ONLY),68,0.00012466699999968966
vm,CoreML (CPU_ONLY),68,0.00020429200000027237
exec,CoreML (CPU_ONLY),69,0.00011937500000058776
vm,CoreML (CPU_ONLY),69,0.0002060410000002122
exec,CoreML (CPU_ONLY),70,0.00012025000000015496
vm,CoreML (CPU_ONLY),70,0.00021991699999990288
exec,CoreML (CPU_ONLY),71,0.0001130830000004579
vm,CoreML (CPU_ONLY),71,0.00020170800000052225
exec,CoreML (CPU_ONLY),72,0.00012083399999873734
vm,CoreML (CPU_ONLY),72,0.0002465830000000224
exec,CoreML (CPU_ONLY),73,0.00011966599999979621
vm,CoreML (CPU_ONLY),73,0.00022208300000059467
exec,CoreML (CPU_ONLY),74,0.00012016599999853383
vm,CoreML (CPU_ONLY),74,0.00023983400000027189
exec,CoreML (CPU_ONLY),75,0.00011641699999920263
vm,CoreML (CPU_ONLY),75,0.0001982500000003995
exec,CoreML (CPU_ONLY),76,0.0001140829999997095
vm,CoreML (CPU_ONLY),76,0.00022441600000000506
exec,CoreML (CPU_ONLY),77,0.00011458299999844712
vm,CoreML (CPU_ONLY),77,0.0002124590000001092
exec,CoreML (CPU_ONLY),78,0.00012091699999849936
vm,CoreML (CPU_ONLY),78,0.00021454200000015078
exec,CoreML (CPU_ONLY),79,0.00012129199999932894
vm,CoreML (CPU_ONLY),79,0.00024020800000013054
exec,CoreML (CPU_ONLY),80,0.00011441699999892307
vm,CoreML (CPU_ONLY),80,0.00024237500000001688
exec,CoreML (CPU_ONLY),81,0.00010458300000060206
vm,CoreML (CPU_ONLY),81,0.0002399170000000339
exec,CoreML (CPU_ONLY),82,0.0001227500000009485
vm,CoreML (CPU_ONLY),82,0.0002584169999995112
exec,CoreML (CPU_ONLY),83,0.0001232919999996085
vm,CoreML (CPU_ONLY),83,0.00020020899999995123
exec,CoreML (CPU_ONLY),84,0.0001231669999999241
vm,CoreML (CPU_ONLY),84,0.00027124999999994515
exec,CoreML (CPU_ONLY),85,0.00012070899999905293
vm,CoreML (CPU_ONLY),85,0.00034733299999967215
exec,CoreML (CPU_ONLY),86,0.0001178330000008998
vm,CoreML (CPU_ONLY),86,0.00040133300000011474
exec,CoreML (CPU_ONLY),87,0.00011329199999998707
vm,CoreML (CPU_ONLY),87,0.0002782500000000354
exec,CoreML (CPU_ONLY),88,0.00011049999999990234
vm,CoreML (CPU_ONLY),88,0.00038745899999970135
exec,CoreML (CPU_ONLY),89,0.00012087500000035334
vm,CoreML (CPU_ONLY),89,0.00048524999999965956
exec,CoreML (CPU_ONLY),90,0.00012995800000048519
vm,CoreML (CPU_ONLY),90,0.00033233299999935184
exec,CoreML (CPU_ONLY),91,0.00011016699999899515
vm,CoreML (CPU_ONLY),91,0.0003217080000004202
exec,CoreML (CPU_ONLY),92,0.00010787500000120076
vm,CoreML (CPU_ONLY),92,0.0003753749999999556
exec,CoreML (CPU_ONLY),93,0.00012520799999826693
vm,CoreML (CPU_ONLY),93,0.00031362500000042814
exec,CoreML (CPU_ONLY),94,0.00012720900000040558
vm,CoreML (CPU_ONLY),94,0.00031970800000014066
exec,CoreML (CPU_ONLY),95,0.00011558300000125143
vm,CoreML (CPU_ONLY),95,0.00037399999999987443
exec,CoreML (CPU_ONLY),96,0.00011691699999971661
vm,CoreML (CPU_ONLY),96,0.0003307089999999846
exec,CoreML (CPU_ONLY),97,0.0001129580000007735
vm,CoreML (CPU_ONLY),97,0.0002758329999998921
exec,CoreML (CPU_ONLY),98,0.00013066599999866924
vm,CoreML (CPU_ONLY),98,0.0004407080000001784
exec,CoreML (CPU_ONLY),99,0.00012237499999834256
vm,CoreML (CPU_ONLY),99,0.0003001250000007616
exec,CoreML (CPU_ONLY),100,0.00012179099999976017
vm,CoreML (CPU_ONLY),100,0.0003489999999999327
exec,CoreML (CPU_ONLY),101,0.00019241699999916761
vm,CoreML (CPU_ONLY),101,0.0003487499999996757
exec,CoreML (CPU_ONLY),102,0.00012779099999882249
vm,CoreML (CPU_ONLY),102,0.0002646249999997963
exec,CoreML (CPU_ONLY),103,0.00012124999999940655
vm,CoreML (CPU_ONLY),103,0.0002416250000001341
exec,CoreML (CPU_ONLY),104,0.00011245800000025952
vm,CoreML (CPU_ONLY),104,0.000234042000000656
exec,CoreML (CPU_ONLY),105,0.00012037499999983936
vm,CoreML (CPU_ONLY),105,0.00022204199999986685
exec,CoreML (CPU_ONLY),106,0.00011537499999825229
vm,CoreML (CPU_ONLY),106,0.00021875000000015632
exec,CoreML (CPU_ONLY),107,0.0001142079999993939
vm,CoreML (CPU_ONLY),107,0.00022458399999969458
exec,CoreML (CPU_ONLY),108,0.00012304100000015694
vm,CoreML (CPU_ONLY),108,0.00023029099999938296
exec,CoreML (CPU_ONLY),109,0.00012987500000072316
vm,CoreML (CPU_ONLY),109,0.0002065420000008089
exec,CoreML (CPU_ONLY),110,0.00010120800000024133
vm,CoreML (CPU_ONLY),110,0.00020616699999997934
exec,CoreML (CPU_ONLY),111,9.820899999901656e-05
vm,CoreML (CPU_ONLY),111,0.00022225000000020145
exec,CoreML (CPU_ONLY),112,9.341700000042863e-05
vm,CoreML (CPU_ONLY),112,0.00021683300000052697
exec,CoreML (CPU_ONLY),113,0.00010341599999996731
vm,CoreML (CPU_ONLY),113,0.0002122920000005024
exec,CoreML (CPU_ONLY),114,9.570899999999938e-05
vm,CoreML (CPU_ONLY),114,0.00020983299999954852
exec,CoreML (CPU_ONLY),115,9.5667000000077e-05
vm,CoreML (CPU_ONLY),115,0.00022799999999989495
exec,CoreML (CPU_ONLY),116,9.933299999964618e-05
vm,CoreML (CPU_ONLY),116,0.0002139169999999524
exec,CoreML (CPU_ONLY),117,0.00010391600000048129
vm,CoreML (CPU_ONLY),117,0.00021708299999989578
exec,CoreML (CPU_ONLY),118,9.712499999992019e-05
vm,CoreML (CPU_ONLY),118,0.0002234170000008362
exec,CoreML (CPU_ONLY),119,9.470800000066504e-05
vm,CoreML (CPU_ONLY),119,0.00020420799999953942
exec,CoreML (CPU_ONLY),120,0.00010495899999973801
vm,CoreML (CPU_ONLY),120,0.00021041699999990726
exec,CoreML (CPU_ONLY),121,0.00012808299999989003
vm,CoreML (CPU_ONLY),121,0.00021225000000058003
exec,CoreML (CPU_ONLY),122,0.00010237500000087607
vm,CoreML (CPU_ONLY),122,0.00020420799999953942
exec,CoreML (CPU_ONLY),123,9.962500000071373e-05
vm,CoreML (CPU_ONLY),123,0.00020770799999958456
exec,CoreML (CPU_ONLY),124,9.741700000098774e-05
vm,CoreML (CPU_ONLY),124,0.00022604099999945504
exec,CoreML (CPU_ONLY),125,0.00010012499999945135
vm,CoreML (CPU_ONLY),125,0.0002254999999999896
exec,CoreML (CPU_ONLY),126,0.00010325000000044326
vm,CoreML (CPU_ONLY),126,0.0002149999999998542
exec,CoreML (CPU_ONLY),127,9.762500000043417e-05
vm,CoreML (CPU_ONLY),127,0.00021170800000014367
exec,CoreML (CPU_ONLY),128,9.545900000063057e-05
vm,CoreML (CPU_ONLY),128,0.00022112500000037727
exec,CoreML (CPU_ONLY),129,9.879100000098617e-05
vm,CoreML (CPU_ONLY),129,0.00020545900000001893
exec,CoreML (CPU_ONLY),130,0.0001264579999986637
vm,CoreML (CPU_ONLY),130,0.00022733399999985693
exec,CoreML (CPU_ONLY),131,0.00010108300000055692
vm,CoreML (CPU_ONLY),131,0.0002268330000001484
exec,CoreML (CPU_ONLY),132,0.00010254200000048286
vm,CoreML (CPU_ONLY),132,0.0002872920000003276
exec,CoreML (CPU_ONLY),133,0.00010641599999949847
vm,CoreML (CPU_ONLY),133,0.00022966600000007276
exec,CoreML (CPU_ONLY),134,0.00012191699999952732
vm,CoreML (CPU_ONLY),134,0.0002195000000000391
exec,CoreML (CPU_ONLY),135,0.00010354199999973446
vm,CoreML (CPU_ONLY),135,0.0002408750000002513
exec,CoreML (CPU_ONLY),136,0.00010374999999918089
vm,CoreML (CPU_ONLY),136,0.00022341599999986528
exec,CoreML (CPU_ONLY),137,9.90840000003601e-05
vm,CoreML (CPU_ONLY),137,0.00022266700000006523
exec,CoreML (CPU_ONLY),138,0.00012729100000008486
vm,CoreML (CPU_ONLY),138,0.00020979200000059706
exec,CoreML (CPU_ONLY),139,0.0001277500000007592
vm,CoreML (CPU_ONLY),139,0.00020287499999938063
exec,CoreML (CPU_ONLY),140,9.829200000055494e-05
vm,CoreML (CPU_ONLY),140,0.0002401670000002909
exec,CoreML (CPU_ONLY),141,0.00010058300000004294
vm,CoreML (CPU_ONLY),141,0.0002101249999997279
exec,CoreML (CPU_ONLY),142,9.59580000010618e-05
vm,CoreML (CPU_ONLY),142,0.00021479200000040777
exec,CoreML (CPU_ONLY),143,0.0001024580000006381
vm,CoreML (CPU_ONLY),143,0.00021908300000017533
exec,CoreML (CPU_ONLY),144,0.00012541699999957245
vm,CoreML (CPU_ONLY),144,0.000224833000000757
exec,CoreML (CPU_ONLY),145,0.00012500000000059686
vm,CoreML (CPU_ONLY),145,0.00022079100000027552
exec,CoreML (CPU_ONLY),146,0.00010070799999972735
vm,CoreML (CPU_ONLY),146,0.000226458000000207
exec,CoreML (CPU_ONLY),147,0.00010050000000028092
vm,CoreML (CPU_ONLY),147,0.00021287500000077841
exec,CoreML (CPU_ONLY),148,0.00010454200000076241
vm,CoreML (CPU_ONLY),148,0.00020954100000025733
exec,CoreML (CPU_ONLY),149,0.00010287499999961369
vm,CoreML (CPU_ONLY),149,0.00020724999999988114
exec,CoreML (CPU_ONLY),150,0.00011412499999963188
vm,CoreML (CPU_ONLY),150,0.00021679199999979915
exec,CoreML (CPU_ONLY),151,0.00019558400000008191
vm,CoreML (CPU_ONLY),151,0.00030641599999992053
exec,CoreML (CPU_ONLY),152,0.00012791699999858963
vm,CoreML (CPU_ONLY),152,0.0002552920000002956
exec,CoreML (CPU_ONLY),153,0.0001242499999989377
vm,CoreML (CPU_ONLY),153,0.00023604200000004738
exec,CoreML (CPU_ONLY),154,0.00010954200000057313
vm,CoreML (CPU_ONLY),154,0.0003045000000003739
exec,CoreML (CPU_ONLY),155,0.00010391700000056403
vm,CoreML (CPU_ONLY),155,0.00024262500000027387
exec,CoreML (CPU_ONLY),156,0.00010950000000065074
vm,CoreML (CPU_ONLY),156,0.00021737499999918697
exec,CoreML (CPU_ONLY),157,0.00013029099999961602
vm,CoreML (CPU_ONLY),157,0.00028149999999982356
exec,CoreML (CPU_ONLY),158,0.00010166699999913931
vm,CoreML (CPU_ONLY),158,0.0002588750000001028
exec,CoreML (CPU_ONLY),159,9.837500000031696e-05
vm,CoreML (CPU_ONLY),159,0.00024087499999936313
exec,CoreML (CPU_ONLY),160,0.00010412500000001046
vm,CoreML (CPU_ONLY),160,0.000233209000000123
exec,CoreML (CPU_ONLY),161,0.00010637499999965883
vm,CoreML (CPU_ONLY),161,0.00024516699999921343
exec,CoreML (CPU_ONLY),162,0.00010937499999918998
vm,CoreML (CPU_ONLY),162,0.00023433300000075263
exec,CoreML (CPU_ONLY),163,0.0001068750000001728
vm,CoreML (CPU_ONLY),163,0.00023066599999932436
exec,CoreML (CPU_ONLY),164,0.0001068750000001728
vm,CoreML (CPU_ONLY),164,0.00023716699999987156
exec,CoreML (CPU_ONLY),165,0.00010562499999977604
vm,CoreML (CPU_ONLY),165,0.00022341599999986528
exec,CoreML (CPU_ONLY),166,0.00010662499999902764
vm,CoreML (CPU_ONLY),166,0.0002364999999997508
exec,CoreML (CPU_ONLY),167,0.00010712499999954161
vm,CoreML (CPU_ONLY),167,0.00022312499999976865
exec,CoreML (CPU_ONLY),168,0.0001052920000006452
vm,CoreML (CPU_ONLY),168,0.0002405000000003099
exec,CoreML (CPU_ONLY),169,0.00010720800000108
vm,CoreML (CPU_ONLY),169,0.00027858400000013717
exec,CoreML (CPU_ONLY),170,0.00012620799999929488
vm,CoreML (CPU_ONLY),170,0.00025341700000058864
exec,CoreML (CPU_ONLY),171,9.987500000008254e-05
vm,CoreML (CPU_ONLY),171,0.00023275000000033685
exec,CoreML (CPU_ONLY),172,0.00010595800000068323
vm,CoreML (CPU_ONLY),172,0.00024429199999964624
exec,CoreML (CPU_ONLY),173,9.783399999996334e-05
vm,CoreML (CPU_ONLY),173,0.000258791000000258
exec,CoreML (CPU_ONLY),174,0.00010120800000024133
vm,CoreML (CPU_ONLY),174,0.00025312500000040927
exec,CoreML (CPU_ONLY),175,9.729199999952698e-05
vm,CoreML (CPU_ONLY),175,0.00025133299999957615
exec,CoreML (CPU_ONLY),176,0.00010070799999972735
vm,CoreML (CPU_ONLY),176,0.00023262500000065245
exec,CoreML (CPU_ONLY),177,0.00011675000000010982
vm,CoreML (CPU_ONLY),177,0.0002285409999993604
exec,CoreML (CPU_ONLY),178,0.00010583299999922247
vm,CoreML (CPU_ONLY),178,0.00025520800000045085
exec,CoreML (CPU_ONLY),179,0.00012495900000075721
vm,CoreML (CPU_ONLY),179,0.00023608299999988702
exec,CoreML (CPU_ONLY),180,0.00010079099999948937
vm,CoreML (CPU_ONLY),180,0.0002527910000003075
exec,CoreML (CPU_ONLY),181,0.00010495899999973801
vm,CoreML (CPU_ONLY),181,0.00023520900000040257
exec,CoreML (CPU_ONLY),182,0.00010579199999938282
vm,CoreML (CPU_ONLY),182,0.00024020800000013054
exec,CoreML (CPU_ONLY),183,0.00010129200000008609
vm,CoreML (CPU_ONLY),183,0.0002417499999998185
exec,CoreML (CPU_ONLY),184,0.00011829099999971504
vm,CoreML (CPU_ONLY),184,0.00023729199999955597
exec,CoreML (CPU_ONLY),185,0.00010145899999969288
vm,CoreML (CPU_ONLY),185,0.00025745900000018196
exec,CoreML (CPU_ONLY),186,9.499999999995623e-05
vm,CoreML (CPU_ONLY),186,0.00022729199999993455
exec,CoreML (CPU_ONLY),187,0.00010066599999980497
vm,CoreML (CPU_ONLY),187,0.000216415999999775
exec,CoreML (CPU_ONLY),188,0.00010987499999970396
vm,CoreML (CPU_ONLY),188,0.00026195799999939595
exec,CoreML (CPU_ONLY),189,9.608300000074621e-05
vm,CoreML (CPU_ONLY),189,0.00025095799999963475
exec,CoreML (CPU_ONLY),190,0.0001008339999994945
vm,CoreML (CPU_ONLY),190,0.000247166999999493
exec,CoreML (CPU_ONLY),191,0.00010720900000116274
vm,CoreML (CPU_ONLY),191,0.000215832999999499
exec,CoreML (CPU_ONLY),192,0.00012362499999873933
vm,CoreML (CPU_ONLY),192,0.0002799160000002132
exec,CoreML (CPU_ONLY),193,0.00012058399999936853
vm,CoreML (CPU_ONLY),193,0.00023662500000032338
exec,CoreML (CPU_ONLY),194,0.00011787499999904583
vm,CoreML (CPU_ONLY),194,0.00022337500000002564
exec,CoreML (CPU_ONLY),195,9.058299999864516e-05
vm,CoreML (CPU_ONLY),195,0.00025108299999931916
exec,CoreML (CPU_ONLY),196,0.0001227500000009485
vm,CoreML (CPU_ONLY),196,0.0002423330000000945
exec,CoreML (CPU_ONLY),197,0.00013237499999974034
vm,CoreML (CPU_ONLY),197,0.00021858299999966135
exec,CoreML (CPU_ONLY),198,0.00010125000000016371
vm,CoreML (CPU_ONLY),198,0.0002568750000007114
exec,CoreML (CPU_ONLY),199,9.962499999893737e-05
vm,CoreML (CPU_ONLY),199,0.00022983299999967954
exec,CoreML (CPU_ONLY),200,9.870799999944779e-05
vm,CoreML (CPU_ONLY),200,0.000269874999999864
exec,CoreML (CPU_ONLY),201,0.0001979169999994923
vm,CoreML (CPU_ONLY),201,0.00028020900000047533
exec,CoreML (CPU_ONLY),202,0.00012733300000000725
vm,CoreML (CPU_ONLY),202,0.00026829100000025363
exec,CoreML (CPU_ONLY),203,0.00012908399999922437
vm,CoreML (CPU_ONLY),203,0.00026620800000021205
exec,CoreML (CPU_ONLY),204,0.0001260000000016248
vm,CoreML (CPU_ONLY),204,0.00024179099999965814
exec,CoreML (CPU_ONLY),205,0.00010358300000135046
vm,CoreML (CPU_ONLY),205,0.00024183399999966326
exec,CoreML (CPU_ONLY),206,9.833400000047732e-05
vm,CoreML (CPU_ONLY),206,0.0002462500000000034
exec,CoreML (CPU_ONLY),207,9.716699999984257e-05
vm,CoreML (CPU_ONLY),207,0.00024804199999994836
exec,CoreML (CPU_ONLY),208,9.841700000023934e-05
vm,CoreML (CPU_ONLY),208,0.00023141600000009532
exec,CoreML (CPU_ONLY),209,0.00010395899999871006
vm,CoreML (CPU_ONLY),209,0.00022858300000017095
exec,CoreML (CPU_ONLY),210,0.0001014169999997705
vm,CoreML (CPU_ONLY),210,0.000249166000000578
exec,CoreML (CPU_ONLY),211,9.7416000000905e-05
vm,CoreML (CPU_ONLY),211,0.0002332909999998023
exec,CoreML (CPU_ONLY),212,0.00010554200000001401
vm,CoreML (CPU_ONLY),212,0.00023645799999982842
exec,CoreML (CPU_ONLY),213,0.00010274999999992929
vm,CoreML (CPU_ONLY),213,0.00024666599999978445
exec,CoreML (CPU_ONLY),214,0.00010120800000024133
vm,CoreML (CPU_ONLY),214,0.00023770800000022518
exec,CoreML (CPU_ONLY),215,0.00011925000000090336
vm,CoreML (CPU_ONLY),215,0.000245624999999805
exec,CoreML (CPU_ONLY),216,0.00010104200000071728
vm,CoreML (CPU_ONLY),216,0.0002341670000003404
exec,CoreML (CPU_ONLY),217,9.812500000094815e-05
vm,CoreML (CPU_ONLY),217,0.00024366699999944785
exec,CoreML (CPU_ONLY),218,0.00010016699999937373
vm,CoreML (CPU_ONLY),218,0.0002331660000001179
exec,CoreML (CPU_ONLY),219,0.0001042909999995345
vm,CoreML (CPU_ONLY),219,0.0002522080000000315
exec,CoreML (CPU_ONLY),220,0.00010458300000060206
vm,CoreML (CPU_ONLY),220,0.0002180840000001183
exec,CoreML (CPU_ONLY),221,0.00012425000000071407
vm,CoreML (CPU_ONLY),221,0.000223667000000205
exec,CoreML (CPU_ONLY),222,0.00010254200000048286
vm,CoreML (CPU_ONLY),222,0.0002274579999994586
exec,CoreML (CPU_ONLY),223,9.995799999984456e-05
vm,CoreML (CPU_ONLY),223,0.00027783300000017164
exec,CoreML (CPU_ONLY),224,9.795899999964774e-05
vm,CoreML (CPU_ONLY),224,0.00023337499999964706
exec,CoreML (CPU_ONLY),225,0.00010108400000063966
vm,CoreML (CPU_ONLY),225,0.00021837500000021492
exec,CoreML (CPU_ONLY),226,0.0001277089999991432
vm,CoreML (CPU_ONLY),226,0.0002358330000005182
exec,CoreML (CPU_ONLY),227,0.00011920800000098097
vm,CoreML (CPU_ONLY),227,0.00024341700000007904
exec,CoreML (CPU_ONLY),228,0.00010600000000060561
vm,CoreML (CPU_ONLY),228,0.0002519580000006627
exec,CoreML (CPU_ONLY),229,0.0001236669999986617
vm,CoreML (CPU_ONLY),229,0.00024320800000054987
exec,CoreML (CPU_ONLY),230,0.00012754200000131277
vm,CoreML (CPU_ONLY),230,0.00023712499999994918
exec,CoreML (CPU_ONLY),231,0.00012058300000106215
vm,CoreML (CPU_ONLY),231,0.0002575000000000216
exec,CoreML (CPU_ONLY),232,0.00011791700000074457
vm,CoreML (CPU_ONLY),232,0.00025291700000007467
exec,CoreML (CPU_ONLY),233,0.00010012499999945135
vm,CoreML (CPU_ONLY),233,0.00025533300000013526
exec,CoreML (CPU_ONLY),234,9.879200000106891e-05
vm,CoreML (CPU_ONLY),234,0.00023229199999974526
exec,CoreML (CPU_ONLY),235,9.779200000004096e-05
vm,CoreML (CPU_ONLY),235,0.00021204199999935724
exec,CoreML (CPU_ONLY),236,0.00010237500000087607
vm,CoreML (CPU_ONLY),236,0.00024420800000068965
exec,CoreML (CPU_ONLY),237,0.00011879200000031176
vm,CoreML (CPU_ONLY),237,0.0002539580000000541
exec,CoreML (CPU_ONLY),238,0.00011529199999849027
vm,CoreML (CPU_ONLY),238,0.0002257080000003242
exec,CoreML (CPU_ONLY),239,0.0001354999999989559
vm,CoreML (CPU_ONLY),239,0.00023762500000046316
exec,CoreML (CPU_ONLY),240,0.0001067089999988724
vm,CoreML (CPU_ONLY),240,0.00030141700000019256
exec,CoreML (CPU_ONLY),241,0.0001047079999985101
vm,CoreML (CPU_ONLY),241,0.0002565419999998042
exec,CoreML (CPU_ONLY),242,0.00010462500000052444
vm,CoreML (CPU_ONLY),242,0.00025666600000029405
exec,CoreML (CPU_ONLY),243,9.908299999850101e-05
vm,CoreML (CPU_ONLY),243,0.0002137919999993798
exec,CoreML (CPU_ONLY),244,0.0002466660000006726
vm,CoreML (CPU_ONLY),244,0.00023166699999954687
exec,CoreML (CPU_ONLY),245,0.00024337500000015666
vm,CoreML (CPU_ONLY),245,0.0002259999999996154
exec,CoreML (CPU_ONLY),246,0.00017649999999846955
vm,CoreML (CPU_ONLY),246,0.0002440829999992289
exec,CoreML (CPU_ONLY),247,0.00012812499999981242
vm,CoreML (CPU_ONLY),247,0.0002370830000000268
exec,CoreML (CPU_ONLY),248,0.00010604100000044525
vm,CoreML (CPU_ONLY),248,0.00024400000000035504
exec,CoreML (CPU_ONLY),249,9.837500000031696e-05
vm,CoreML (CPU_ONLY),249,0.0002219160000000997
exec,CoreML (CPU_ONLY),250,9.78329999998806e-05
vm,CoreML (CPU_ONLY),250,0.00025670900000029917
exec,CoreML (CPU_ONLY),251,0.00018120799999898907
vm,CoreML (CPU_ONLY),251,0.00028237499999939075
exec,CoreML (CPU_ONLY),252,0.00012008299999877181
vm,CoreML (CPU_ONLY),252,0.0002605410000002806
exec,CoreML (CPU_ONLY),253,0.00012595900000000881
vm,CoreML (CPU_ONLY),253,0.00024208399999992025
exec,CoreML (CPU_ONLY),254,0.00012662500000004684
vm,CoreML (CPU_ONLY),254,0.0002320830000002161
exec,CoreML (CPU_ONLY),255,0.00010179099999874097
vm,CoreML (CPU_ONLY),255,0.00025858400000000614
exec,CoreML (CPU_ONLY),256,9.995799999984456e-05
vm,CoreML (CPU_ONLY),256,0.00027220800000016254
exec,CoreML (CPU_ONLY),257,9.69580000003134e-05
vm,CoreML (CPU_ONLY),257,0.00023775000000014757
exec,CoreML (CPU_ONLY),258,9.675000000086698e-05
vm,CoreML (CPU_ONLY),258,0.0002814579999999012
exec,CoreML (CPU_ONLY),259,0.00010562499999977604
vm,CoreML (CPU_ONLY),259,0.00024733399999998795
exec,CoreML (CPU_ONLY),260,0.00012725000000024522
vm,CoreML (CPU_ONLY),260,0.00026712499999970163
exec,CoreML (CPU_ONLY),261,0.00010120800000024133
vm,CoreML (CPU_ONLY),261,0.00025012499999998994
exec,CoreML (CPU_ONLY),262,9.312499999936108e-05
vm,CoreML (CPU_ONLY),262,0.00024537499999954804
exec,CoreML (CPU_ONLY),263,0.00010216699999965329
vm,CoreML (CPU_ONLY),263,0.00024591599999990166
exec,CoreML (CPU_ONLY),264,0.00011412499999963188
vm,CoreML (CPU_ONLY),264,0.00022849999999952075
exec,CoreML (CPU_ONLY),265,0.00010670800000056602
vm,CoreML (CPU_ONLY),265,0.00023083299999981932
exec,CoreML (CPU_ONLY),266,0.00010687499999839645
vm,CoreML (CPU_ONLY),266,0.00021775000000001654
exec,CoreML (CPU_ONLY),267,9.479100000042706e-05
vm,CoreML (CPU_ONLY),267,0.0002974579999994731
exec,CoreML (CPU_ONLY),268,9.916600000003939e-05
vm,CoreML (CPU_ONLY),268,0.0002407500000005669
exec,CoreML (CPU_ONLY),269,0.00010475000000020884
vm,CoreML (CPU_ONLY),269,0.0002479580000001036
exec,CoreML (CPU_ONLY),270,0.00010404200000024844
vm,CoreML (CPU_ONLY),270,0.0002362919999994162
exec,CoreML (CPU_ONLY),271,0.00012595799999992607
vm,CoreML (CPU_ONLY),271,0.00023304200000051623
exec,CoreML (CPU_ONLY),272,0.0001152079999986455
vm,CoreML (CPU_ONLY),272,0.00024204099999991513
exec,CoreML (CPU_ONLY),273,0.00010316699999890488
vm,CoreML (CPU_ONLY),273,0.000245624999999805
exec,CoreML (CPU_ONLY),274,0.00010587499999914485
vm,CoreML (CPU_ONLY),274,0.00023570799999994563
exec,CoreML (CPU_ONLY),275,0.00012029200000007734
vm,CoreML (CPU_ONLY),275,0.00023775000000014757
exec,CoreML (CPU_ONLY),276,0.00013570800000017869
vm,CoreML (CPU_ONLY),276,0.00023450000000035942
exec,CoreML (CPU_ONLY),277,0.00013908299999876306
vm,CoreML (CPU_ONLY),277,0.00023995799999987355
exec,CoreML (CPU_ONLY),278,0.00010133299999992573
vm,CoreML (CPU_ONLY),278,0.00020808299999952595
exec,CoreML (CPU_ONLY),279,9.900000000051534e-05
vm,CoreML (CPU_ONLY),279,0.0002580830000002976
exec,CoreML (CPU_ONLY),280,9.829200000055494e-05
vm,CoreML (CPU_ONLY),280,0.00023154199999986247
exec,CoreML (CPU_ONLY),281,0.00011716600000077904
vm,CoreML (CPU_ONLY),281,0.0002681249999998414
exec,CoreML (CPU_ONLY),282,0.00010583300000099882
vm,CoreML (CPU_ONLY),282,0.00024858399999949654
exec,CoreML (CPU_ONLY),283,0.0001005420000002033
vm,CoreML (CPU_ONLY),283,0.00024900000000016576
exec,CoreML (CPU_ONLY),284,0.00010149999999953252
vm,CoreML (CPU_ONLY),284,0.00024083300000032892
exec,CoreML (CPU_ONLY),285,9.958400000087408e-05
vm,CoreML (CPU_ONLY),285,0.000225874999999931
exec,CoreML (CPU_ONLY),286,9.712499999992019e-05
vm,CoreML (CPU_ONLY),286,0.00023029100000027114
exec,CoreML (CPU_ONLY),287,9.970899999878213e-05
vm,CoreML (CPU_ONLY),287,0.0002161660000004062
exec,CoreML (CPU_ONLY),288,9.833299999861822e-05
vm,CoreML (CPU_ONLY),288,0.00025449999999960227
exec,CoreML (CPU_ONLY),289,9.916700000012213e-05
vm,CoreML (CPU_ONLY),289,0.00022979099999975716
exec,CoreML (CPU_ONLY),290,9.662500000118257e-05
vm,CoreML (CPU_ONLY),290,0.00023416699999945223
exec,CoreML (CPU_ONLY),291,0.00010087499999933414
vm,CoreML (CPU_ONLY),291,0.00027724999999989564
exec,CoreML (CPU_ONLY),292,9.908300000027737e-05
vm,CoreML (CPU_ONLY),292,0.0002453750000004362
exec,CoreML (CPU_ONLY),293,9.762500000043417e-05
vm,CoreML (CPU_ONLY),293,0.0002259160000006588
exec,CoreML (CPU_ONLY),294,9.870799999944779e-05
vm,CoreML (CPU_ONLY),294,0.0002797079999998786
exec,CoreML (CPU_ONLY),295,0.00010645799999942085
vm,CoreML (CPU_ONLY),295,0.00024983300000069875
exec,CoreML (CPU_ONLY),296,0.00010658299999910525
vm,CoreML (CPU_ONLY),296,0.0002468750000002018
exec,CoreML (CPU_ONLY),297,9.075000000002831e-05
vm,CoreML (CPU_ONLY),297,0.00023787500000072015
exec,CoreML (CPU_ONLY),298,0.00010333300000020529
vm,CoreML (CPU_ONLY),298,0.0002465000000002604
exec,CoreML (CPU_ONLY),299,0.00012737499999992963
vm,CoreML (CPU_ONLY),299,0.00023462500000004383
exec,CoreML (CPU_ONLY),300,0.000119832999999403
vm,CoreML (CPU_ONLY),300,0.00020779100000023476
exec,CoreML (CPU_ONLY),301,0.0001886249999998313
vm,CoreML (CPU_ONLY),301,0.0002589579999998648
exec,CoreML (CPU_ONLY),302,0.0001221250000007501
vm,CoreML (CPU_ONLY),302,0.0002929590000002591
exec,CoreML (CPU_ONLY),303,0.00012379200000012247
vm,CoreML (CPU_ONLY),303,0.000287083999999993
exec,CoreML (CPU_ONLY),304,0.00012116600000133815
vm,CoreML (CPU_ONLY),304,0.0002632500000006033
exec,CoreML (CPU_ONLY),305,9.900000000051534e-05
vm,CoreML (CPU_ONLY),305,0.00014291600000060356
exec,CoreML (CPU_ONLY),306,0.00010104100000063454
vm,CoreML (CPU_ONLY),306,0.0002549589999993884
exec,CoreML (CPU_ONLY),307,0.00010408300000008808
vm,CoreML (CPU_ONLY),307,0.0002528750000001523
exec,CoreML (CPU_ONLY),308,9.42090000002338e-05
vm,CoreML (CPU_ONLY),308,0.000256583000000532
exec,CoreML (CPU_ONLY),309,0.00010058300000004294
vm,CoreML (CPU_ONLY),309,0.00022708300000040538
exec,CoreML (CPU_ONLY),310,0.00010562499999977604
vm,CoreML (CPU_ONLY),310,0.0002654579999994411
exec,CoreML (CPU_ONLY),311,0.00011025000000053353
vm,CoreML (CPU_ONLY),311,0.00025516600000052847
exec,CoreML (CPU_ONLY),312,0.00010495799999965527
vm,CoreML (CPU_ONLY),312,0.00025295899999999705
exec,CoreML (CPU_ONLY),313,0.00010320800000052088
vm,CoreML (CPU_ONLY),313,0.00017429200000051992
exec,CoreML (CPU_ONLY),314,0.00010562499999977604
vm,CoreML (CPU_ONLY),314,0.0002405839999992665
exec,CoreML (CPU_ONLY),315,0.00010449999999906368
vm,CoreML (CPU_ONLY),315,0.00023620799999957143
exec,CoreML (CPU_ONLY),316,0.00010137499999984811
vm,CoreML (CPU_ONLY),316,0.00023129100000041092
exec,CoreML (CPU_ONLY),317,0.00011125000000156149
vm,CoreML (CPU_ONLY),317,0.00023129199999960548
exec,CoreML (CPU_ONLY),318,0.00010254100000040012
vm,CoreML (CPU_ONLY),318,0.00023887499999997175
exec,CoreML (CPU_ONLY),319,0.0001218339999997653
vm,CoreML (CPU_ONLY),319,0.00023008299999993653
exec,CoreML (CPU_ONLY),320,0.00014033300000093618
vm,CoreML (CPU_ONLY),320,0.0002706670000005573
exec,CoreML (CPU_ONLY),321,0.00010408300000008808
vm,CoreML (CPU_ONLY),321,0.0002302919999994657
exec,CoreML (CPU_ONLY),322,0.00010325000000044326
vm,CoreML (CPU_ONLY),322,0.0002374160000000458
exec,CoreML (CPU_ONLY),323,0.00010204199999996888
vm,CoreML (CPU_ONLY),323,0.00024166700000005648
exec,CoreML (CPU_ONLY),324,9.858299999976339e-05
vm,CoreML (CPU_ONLY),324,0.00023929199999983553
exec,CoreML (CPU_ONLY),325,0.00010141599999968776
vm,CoreML (CPU_ONLY),325,0.0002528750000001523
exec,CoreML (CPU_ONLY),326,0.00011612499999991144
vm,CoreML (CPU_ONLY),326,0.000225291999999655
exec,CoreML (CPU_ONLY),327,0.00013333300000084591
vm,CoreML (CPU_ONLY),327,0.00022170899999984783
exec,CoreML (CPU_ONLY),328,0.0001281669999997348
vm,CoreML (CPU_ONLY),328,0.00023541600000065444
exec,CoreML (CPU_ONLY),329,0.0001221250000007501
vm,CoreML (CPU_ONLY),329,0.0003050839999998445
exec,CoreML (CPU_ONLY),330,0.00012066700000090691
vm,CoreML (CPU_ONLY),330,0.0002533749999997781
exec,CoreML (CPU_ONLY),331,0.00012104099999987739
vm,CoreML (CPU_ONLY),331,0.00024187500000039108
exec,CoreML (CPU_ONLY),332,0.0001314590000003335
vm,CoreML (CPU_ONLY),332,0.00023437499999978684
exec,CoreML (CPU_ONLY),333,0.00011787500000082218
vm,CoreML (CPU_ONLY),333,0.0002538749999994039
exec,CoreML (CPU_ONLY),334,0.00011687499999979423
vm,CoreML (CPU_ONLY),334,0.000237707999999337
exec,CoreML (CPU_ONLY),335,9.962499999893737e-05
vm,CoreML (CPU_ONLY),335,0.00022750000000026915
exec,CoreML (CPU_ONLY),336,9.941699999949094e-05
vm,CoreML (CPU_ONLY),336,0.00023966699999977692
exec,CoreML (CPU_ONLY),337,0.00011975000000141733
vm,CoreML (CPU_ONLY),337,0.000259832999999432
exec,CoreML (CPU_ONLY),338,0.00013679199999927505
vm,CoreML (CPU_ONLY),338,0.00022175000000057565
exec,CoreML (CPU_ONLY),339,0.00010266700000016726
vm,CoreML (CPU_ONLY),339,0.00022962499999934494
exec,CoreML (CPU_ONLY),340,0.00010037499999882016
vm,CoreML (CPU_ONLY),340,0.0002500410000001452
exec,CoreML (CPU_ONLY),341,0.00010366599999933612
vm,CoreML (CPU_ONLY),341,0.0003318330000006142
exec,CoreML (CPU_ONLY),342,9.766700000035655e-05
vm,CoreML (CPU_ONLY),342,0.00023408300000049564
exec,CoreML (CPU_ONLY),343,9.983300000016015e-05
vm,CoreML (CPU_ONLY),343,0.00025270900000062824
exec,CoreML (CPU_ONLY),344,0.00011808300000026861
vm,CoreML (CPU_ONLY),344,0.00024845899999981214
exec,CoreML (CPU_ONLY),345,0.00010095799999909616
vm,CoreML (CPU_ONLY),345,0.00023741599999915763
exec,CoreML (CPU_ONLY),346,0.00010283299999969131
vm,CoreML (CPU_ONLY),346,0.00024337500000015666
exec,CoreML (CPU_ONLY),347,9.66669999993286e-05
vm,CoreML (CPU_ONLY),347,0.0002262499999998724
exec,CoreML (CPU_ONLY),348,0.00010287499999961369
vm,CoreML (CPU_ONLY),348,0.00023824999999977337
exec,CoreML (CPU_ONLY),349,0.00010162499999921693
vm,CoreML (CPU_ONLY),349,0.0002563339999994696
exec,CoreML (CPU_ONLY),350,0.00010487499999989325
vm,CoreML (CPU_ONLY),350,0.00021995899999982527
exec,CoreML (CPU_ONLY),351,0.00018850000000014688
vm,CoreML (CPU_ONLY),351,0.00027745799999934206
exec,CoreML (CPU_ONLY),352,0.00012254099999964296
vm,CoreML (CPU_ONLY),352,0.0002475419999994344
exec,CoreML (CPU_ONLY),353,0.00012629199999913965
vm,CoreML (CPU_ONLY),353,0.0002142499999999714
exec,CoreML (CPU_ONLY),354,0.00013758300000077384
vm,CoreML (CPU_ONLY),354,0.000256000000000256
exec,CoreML (CPU_ONLY),355,0.00010366599999933612
vm,CoreML (CPU_ONLY),355,0.0002471660000002984
exec,CoreML (CPU_ONLY),356,0.00010679199999863442
vm,CoreML (CPU_ONLY),356,0.0002369580000003424
exec,CoreML (CPU_ONLY),357,0.00010433299999945689
vm,CoreML (CPU_ONLY),357,0.0002455830000007708
exec,CoreML (CPU_ONLY),358,0.00012758299999937606
vm,CoreML (CPU_ONLY),358,0.00024445800000005846
exec,CoreML (CPU_ONLY),359,0.00010070799999972735
vm,CoreML (CPU_ONLY),359,0.00023462500000004383
exec,CoreML (CPU_ONLY),360,0.00010341700000005005
vm,CoreML (CPU_ONLY),360,0.000247499999999512
exec,CoreML (CPU_ONLY),361,0.00011366700000081664
vm,CoreML (CPU_ONLY),361,0.0002494159999999468
exec,CoreML (CPU_ONLY),362,9.895800000059296e-05
vm,CoreML (CPU_ONLY),362,0.0002495839999996363
exec,CoreML (CPU_ONLY),363,0.00010208300000158488
vm,CoreML (CPU_ONLY),363,0.000203416999999817
exec,CoreML (CPU_ONLY),364,0.00010066699999988771
vm,CoreML (CPU_ONLY),364,0.00029420900000065586
exec,CoreML (CPU_ONLY),365,0.00010416699999993284
vm,CoreML (CPU_ONLY),365,0.00022562500000056218
exec,CoreML (CPU_ONLY),366,0.00012616699999945524
vm,CoreML (CPU_ONLY),366,0.00024629200000081397
exec,CoreML (CPU_ONLY),367,9.912499999842339e-05
vm,CoreML (CPU_ONLY),367,0.00021525000000011119
exec,CoreML (CPU_ONLY),368,9.799999999948739e-05
vm,CoreML (CPU_ONLY),368,0.0002257080000003242
exec,CoreML (CPU_ONLY),369,9.76669999985802e-05
vm,CoreML (CPU_ONLY),369,0.00025141600000022635
exec,CoreML (CPU_ONLY),370,9.495900000011659e-05
vm,CoreML (CPU_ONLY),370,0.00020691699999986213
exec,CoreML (CPU_ONLY),371,0.00010033400000075687
vm,CoreML (CPU_ONLY),371,0.0002496660000002038
exec,CoreML (CPU_ONLY),372,9.704100000007543e-05
vm,CoreML (CPU_ONLY),372,0.00023766699999949736
exec,CoreML (CPU_ONLY),373,0.00011858300000078259
vm,CoreML (CPU_ONLY),373,0.0002577499999993904
exec,CoreML (CPU_ONLY),374,9.575000000161538e-05
vm,CoreML (CPU_ONLY),374,0.00024595799999982404
exec,CoreML (CPU_ONLY),375,9.975000000039813e-05
vm,CoreML (CPU_ONLY),375,0.00024616600000015865
exec,CoreML (CPU_ONLY),376,9.975000000039813e-05
vm,CoreML (CPU_ONLY),376,0.00023566600000002325
exec,CoreML (CPU_ONLY),377,0.00010050000000028092
vm,CoreML (CPU_ONLY),377,0.00024449999999998084
exec,CoreML (CPU_ONLY),378,0.0001173750000003082
vm,CoreML (CPU_ONLY),378,0.00020404200000001538
exec,CoreML (CPU_ONLY),379,0.00010441699999930165
vm,CoreML (CPU_ONLY),379,0.00023929099999975278
exec,CoreML (CPU_ONLY),380,0.00012733300000000725
vm,CoreML (CPU_ONLY),380,0.000301624999999639
exec,CoreML (CPU_ONLY),381,0.00011691599999963387
vm,CoreML (CPU_ONLY),381,0.00025533300000013526
exec,CoreML (CPU_ONLY),382,0.00010066699999988771
vm,CoreML (CPU_ONLY),382,0.00024208399999992025
exec,CoreML (CPU_ONLY),383,0.00012537499999965007
vm,CoreML (CPU_ONLY),383,0.0002314999999999401
exec,CoreML (CPU_ONLY),384,0.0001177919999992838
vm,CoreML (CPU_ONLY),384,0.00022091700000004266
exec,CoreML (CPU_ONLY),385,0.00010050000000028092
vm,CoreML (CPU_ONLY),385,0.00022808399999973972
exec,CoreML (CPU_ONLY),386,0.00010545800000016925
vm,CoreML (CPU_ONLY),386,0.00024395899999962722
exec,CoreML (CPU_ONLY),387,0.00012637499999890167
vm,CoreML (CPU_ONLY),387,0.00023700000000026478
exec,CoreML (CPU_ONLY),388,0.00012395899999972926
vm,CoreML (CPU_ONLY),388,0.00023799999999951638
exec,CoreML (CPU_ONLY),389,0.00011633300000113422
vm,CoreML (CPU_ONLY),389,0.00023641699999998878
exec,CoreML (CPU_ONLY),390,0.0001260409999996881
vm,CoreML (CPU_ONLY),390,0.00024091600000009095
exec,CoreML (CPU_ONLY),391,0.00011950000000027217
vm,CoreML (CPU_ONLY),391,0.00027112499999937256
exec,CoreML (CPU_ONLY),392,0.00011629200000129458
vm,CoreML (CPU_ONLY),392,0.0002895000000000536
exec,CoreML (CPU_ONLY),393,9.933399999972892e-05
vm,CoreML (CPU_ONLY),393,0.0002325829999998419
exec,CoreML (CPU_ONLY),394,0.0001106250000013631
vm,CoreML (CPU_ONLY),394,0.00024370800000017567
exec,CoreML (CPU_ONLY),395,0.00010641599999949847
vm,CoreML (CPU_ONLY),395,0.00021862500000047191
exec,CoreML (CPU_ONLY),396,0.00010170900000083805
vm,CoreML (CPU_ONLY),396,0.0002545410000003301
exec,CoreML (CPU_ONLY),397,0.00012820799999957444
vm,CoreML (CPU_ONLY),397,0.0002267079999995758
exec,CoreML (CPU_ONLY),398,0.00011866700000062735
vm,CoreML (CPU_ONLY),398,0.00022962500000023311
exec,CoreML (CPU_ONLY),399,0.0001183749999995598
vm,CoreML (CPU_ONLY),399,0.00023262500000065245
exec,CoreML (CPU_ONLY),400,0.00011729199999876982
vm,CoreML (CPU_ONLY),400,0.00024025000000005292
exec,CoreML (CPU_ONLY),401,0.0001849590000002621
vm,CoreML (CPU_ONLY),401,0.0002569999999995076
exec,CoreML (CPU_ONLY),402,0.00011908299999952021
vm,CoreML (CPU_ONLY),402,0.0002589159999999424
exec,CoreML (CPU_ONLY),403,0.00012204199999921173
vm,CoreML (CPU_ONLY),403,0.0002347500000006164
exec,CoreML (CPU_ONLY),404,0.00013604200000116862
vm,CoreML (CPU_ONLY),404,0.00023874999999939917
exec,CoreML (CPU_ONLY),405,0.00010658300000088161
vm,CoreML (CPU_ONLY),405,0.0002509169999997951
exec,CoreML (CPU_ONLY),406,9.558300000023223e-05
vm,CoreML (CPU_ONLY),406,0.0002195000000000391
exec,CoreML (CPU_ONLY),407,9.712499999992019e-05
vm,CoreML (CPU_ONLY),407,0.0002874159999999293
exec,CoreML (CPU_ONLY),408,0.00010316700000068124
vm,CoreML (CPU_ONLY),408,0.00022308299999984627
exec,CoreML (CPU_ONLY),409,0.00010858400000124391
vm,CoreML (CPU_ONLY),409,0.00026741599999979826
exec,CoreML (CPU_ONLY),410,0.00011304100000053552
vm,CoreML (CPU_ONLY),410,0.00020858300000003993
exec,CoreML (CPU_ONLY),411,9.700000000023579e-05
vm,CoreML (CPU_ONLY),411,0.00024825000000028297
exec,CoreML (CPU_ONLY),412,0.00010462499999874808
vm,CoreML (CPU_ONLY),412,0.00022516699999997059
exec,CoreML (CPU_ONLY),413,0.00010754199999851721
vm,CoreML (CPU_ONLY),413,0.0002127920000001282
exec,CoreML (CPU_ONLY),414,0.00010670800000056602
vm,CoreML (CPU_ONLY),414,0.0002688329999998018
exec,CoreML (CPU_ONLY),415,0.00010424999999969486
vm,CoreML (CPU_ONLY),415,0.00020600000000037255
exec,CoreML (CPU_ONLY),416,0.00010341700000005005
vm,CoreML (CPU_ONLY),416,0.00026037499999986835
exec,CoreML (CPU_ONLY),417,0.00010233300000095369
vm,CoreML (CPU_ONLY),417,0.0002070420000004347
exec,CoreML (CPU_ONLY),418,9.950000000102932e-05
vm,CoreML (CPU_ONLY),418,0.0002678749999995844
exec,CoreML (CPU_ONLY),419,0.00010320800000052088
vm,CoreML (CPU_ONLY),419,0.00022879199999970012
exec,CoreML (CPU_ONLY),420,0.00010025000000091211
vm,CoreML (CPU_ONLY),420,0.0002833330000004963
exec,CoreML (CPU_ONLY),421,0.00012054199999944615
vm,CoreML (CPU_ONLY),421,0.0002451670000001016
exec,CoreML (CPU_ONLY),422,0.00013412500000065108
vm,CoreML (CPU_ONLY),422,0.0002253750000003052
exec,CoreML (CPU_ONLY),423,0.0001011250000004793
vm,CoreML (CPU_ONLY),423,0.00023775000000014757
exec,CoreML (CPU_ONLY),424,0.00010004099999960658
vm,CoreML (CPU_ONLY),424,0.0002374579999999682
exec,CoreML (CPU_ONLY),425,0.00010366699999941886
vm,CoreML (CPU_ONLY),425,0.00021512500000042678
exec,CoreML (CPU_ONLY),426,0.00010091600000095013
vm,CoreML (CPU_ONLY),426,0.00023549999999961102
exec,CoreML (CPU_ONLY),427,9.791699999972536e-05
vm,CoreML (CPU_ONLY),427,0.00022312499999976865
exec,CoreML (CPU_ONLY),428,9.7374999999289e-05
vm,CoreML (CPU_ONLY),428,0.0002517500000003281
exec,CoreML (CPU_ONLY),429,9.658300000126019e-05
vm,CoreML (CPU_ONLY),429,0.00022870799999985536
exec,CoreML (CPU_ONLY),430,9.741699999921138e-05
vm,CoreML (CPU_ONLY),430,0.0002130420000003852
exec,CoreML (CPU_ONLY),431,9.979200000032051e-05
vm,CoreML (CPU_ONLY),431,0.00023641599999990603
exec,CoreML (CPU_ONLY),432,9.937499999956856e-05
vm,CoreML (CPU_ONLY),432,0.00023841700000026833
exec,CoreML (CPU_ONLY),433,9.775000000011858e-05
vm,CoreML (CPU_ONLY),433,0.00029162500000001756
exec,CoreML (CPU_ONLY),434,0.00010579200000115918
vm,CoreML (CPU_ONLY),434,0.0002558339999998438
exec,CoreML (CPU_ONLY),435,9.958300000079134e-05
vm,CoreML (CPU_ONLY),435,0.0002625839999996771
exec,CoreML (CPU_ONLY),436,9.799999999948739e-05
vm,CoreML (CPU_ONLY),436,0.00024395899999962722
exec,CoreML (CPU_ONLY),437,9.72499999996046e-05
vm,CoreML (CPU_ONLY),437,0.0002409999999999357
exec,CoreML (CPU_ONLY),438,9.875000000114653e-05
vm,CoreML (CPU_ONLY),438,0.0002472500000001432
exec,CoreML (CPU_ONLY),439,9.92909999997238e-05
vm,CoreML (CPU_ONLY),439,0.0002253750000003052
exec,CoreML (CPU_ONLY),440,9.937499999956856e-05
vm,CoreML (CPU_ONLY),440,0.00022241699999980824
exec,CoreML (CPU_ONLY),441,0.00012100000000003774
vm,CoreML (CPU_ONLY),441,0.00023095799999950373
exec,CoreML (CPU_ONLY),442,0.0001337499999998215
vm,CoreML (CPU_ONLY),442,0.0002308749999997417
exec,CoreML (CPU_ONLY),443,0.0001057089999996208
vm,CoreML (CPU_ONLY),443,0.00029125000000007617
exec,CoreML (CPU_ONLY),444,0.00011808300000026861
vm,CoreML (CPU_ONLY),444,0.00021558399999932476
exec,CoreML (CPU_ONLY),445,0.00012462499999976728
vm,CoreML (CPU_ONLY),445,0.0002819590000004979
exec,CoreML (CPU_ONLY),446,0.00012420899999909807
vm,CoreML (CPU_ONLY),446,0.0002528330000002299
exec,CoreML (CPU_ONLY),447,0.00012054099999936341
vm,CoreML (CPU_ONLY),447,0.0002245419999997722
exec,CoreML (CPU_ONLY),448,0.0001017080000007553
vm,CoreML (CPU_ONLY),448,0.00024287499999964268
exec,CoreML (CPU_ONLY),449,0.0001014169999997705
vm,CoreML (CPU_ONLY),449,0.00023749999999989058
exec,CoreML (CPU_ONLY),450,9.462499999912666e-05
vm,CoreML (CPU_ONLY),450,0.00023845800000010797
exec,CoreML (CPU_ONLY),451,0.00018670900000117285
vm,CoreML (CPU_ONLY),451,0.0002542499999993453
exec,CoreML (CPU_ONLY),452,0.00011754199999991499
vm,CoreML (CPU_ONLY),452,0.000266916999999367
exec,CoreML (CPU_ONLY),453,0.00011641700000097899
vm,CoreML (CPU_ONLY),453,0.0002449590000006552
exec,CoreML (CPU_ONLY),454,0.00011458400000030622
vm,CoreML (CPU_ONLY),454,0.0002521250000002695
exec,CoreML (CPU_ONLY),455,0.00013383399999966628
vm,CoreML (CPU_ONLY),455,0.00025562499999942645
exec,CoreML (CPU_ONLY),456,0.00012679099999957089
vm,CoreML (CPU_ONLY),456,0.0002310830000000763
exec,CoreML (CPU_ONLY),457,0.0001027080000000069
vm,CoreML (CPU_ONLY),457,0.0002691249999999812
exec,CoreML (CPU_ONLY),458,0.00010441700000107801
vm,CoreML (CPU_ONLY),458,0.0002175840000004925
exec,CoreML (CPU_ONLY),459,0.00010149999999953252
vm,CoreML (CPU_ONLY),459,0.00024987499999973295
exec,CoreML (CPU_ONLY),460,0.0001326670000008079
vm,CoreML (CPU_ONLY),460,0.00020745800000021575
exec,CoreML (CPU_ONLY),461,0.00012595799999992607
vm,CoreML (CPU_ONLY),461,0.0002241250000007966
exec,CoreML (CPU_ONLY),462,0.00012691699999933803
vm,CoreML (CPU_ONLY),462,0.00019774999999988552
exec,CoreML (CPU_ONLY),463,9.77080000001962e-05
vm,CoreML (CPU_ONLY),463,0.00026016699999953374
exec,CoreML (CPU_ONLY),464,9.808299999924941e-05
vm,CoreML (CPU_ONLY),464,0.00021304100000030246
exec,CoreML (CPU_ONLY),465,9.775000000011858e-05
vm,CoreML (CPU_ONLY),465,0.0002689580000003744
exec,CoreML (CPU_ONLY),466,0.00010016699999937373
vm,CoreML (CPU_ONLY),466,0.00025416699999958325
exec,CoreML (CPU_ONLY),467,0.00010495899999973801
vm,CoreML (CPU_ONLY),467,0.00024095900000009607
exec,CoreML (CPU_ONLY),468,0.00010420799999977248
vm,CoreML (CPU_ONLY),468,0.0002544579999996799
exec,CoreML (CPU_ONLY),469,0.00010895800000021438
vm,CoreML (CPU_ONLY),469,0.00023883300000004937
exec,CoreML (CPU_ONLY),470,0.00010445900000100039
vm,CoreML (CPU_ONLY),470,0.0002153329999998732
exec,CoreML (CPU_ONLY),471,0.00010383300000071927
vm,CoreML (CPU_ONLY),471,0.00022349999999971004
exec,CoreML (CPU_ONLY),472,0.00023999999999979593
vm,CoreML (CPU_ONLY),472,0.000300333000000208
exec,CoreML (CPU_ONLY),473,0.00024445800000094664
vm,CoreML (CPU_ONLY),473,0.000225874999999931
exec,CoreML (CPU_ONLY),474,0.00017754200000119624
vm,CoreML (CPU_ONLY),474,0.00027654199999993523
exec,CoreML (CPU_ONLY),475,0.00012687499999941565
vm,CoreML (CPU_ONLY),475,0.00022179200000049804
exec,CoreML (CPU_ONLY),476,0.0001238749999998845
vm,CoreML (CPU_ONLY),476,0.0003130840000000745
exec,CoreML (CPU_ONLY),477,0.00011525000000034424
vm,CoreML (CPU_ONLY),477,0.00022529200000054317
exec,CoreML (CPU_ONLY),478,0.00013095800000151314
vm,CoreML (CPU_ONLY),478,0.0002436660000002533
exec,CoreML (CPU_ONLY),479,0.00010095800000087252
vm,CoreML (CPU_ONLY),479,0.00024887499999959317
exec,CoreML (CPU_ONLY),480,9.72499999996046e-05
vm,CoreML (CPU_ONLY),480,0.00025158400000080405
exec,CoreML (CPU_ONLY),481,0.00010170899999906169
vm,CoreML (CPU_ONLY),481,0.00023866699999963714
exec,CoreML (CPU_ONLY),482,0.00010195800000012412
vm,CoreML (CPU_ONLY),482,0.00022537499999941701
exec,CoreML (CPU_ONLY),483,0.00010004099999960658
vm,CoreML (CPU_ONLY),483,0.00021270800000028345
exec,CoreML (CPU_ONLY),484,0.00010274999999992929
vm,CoreML (CPU_ONLY),484,0.0002620000000002065
exec,CoreML (CPU_ONLY),485,0.00010191600000020173
vm,CoreML (CPU_ONLY),485,0.00022870799999985536
exec,CoreML (CPU_ONLY),486,9.524999999932504e-05
vm,CoreML (CPU_ONLY),486,0.0002592080000001218
exec,CoreML (CPU_ONLY),487,0.00010195800000012412
vm,CoreML (CPU_ONLY),487,0.00023345799999940908
exec,CoreML (CPU_ONLY),488,0.00013024999999977638
vm,CoreML (CPU_ONLY),488,0.00022520799999981023
exec,CoreML (CPU_ONLY),489,0.00010162499999921693
vm,CoreML (CPU_ONLY),489,0.00022454200000066038
exec,CoreML (CPU_ONLY),490,0.00011816600000003064
vm,CoreML (CPU_ONLY),490,0.0002965829999999059
exec,CoreML (CPU_ONLY),491,9.920900000004451e-05
vm,CoreML (CPU_ONLY),491,0.00023520800000031983
exec,CoreML (CPU_ONLY),492,9.82910000004722e-05
vm,CoreML (CPU_ONLY),492,0.00021579200000054755
exec,CoreML (CPU_ONLY),493,9.741700000098774e-05
vm,CoreML (CPU_ONLY),493,0.0002169159999994008
exec,CoreML (CPU_ONLY),494,9.762500000043417e-05
vm,CoreML (CPU_ONLY),494,0.00026187499999963393
exec,CoreML (CPU_ONLY),495,0.00010408400000017082
vm,CoreML (CPU_ONLY),495,0.00023749999999989058
exec,CoreML (CPU_ONLY),496,0.00011866700000062735
vm,CoreML (CPU_ONLY),496,0.0002116660000002213
exec,CoreML (CPU_ONLY),497,0.00011816700000011338
vm,CoreML (CPU_ONLY),497,0.0002212080000001393
exec,CoreML (CPU_ONLY),498,0.0001014169999997705
vm,CoreML (CPU_ONLY),498,0.0002392090000000735
exec,CoreML (CPU_ONLY),499,0.0001045829999988257
vm,CoreML (CPU_ONLY),499,0.000245542000000043
exec,CoreML (CPU_ONLY),500,0.00011987499999932538
vm,CoreML (CPU_ONLY),500,0.0002475000000004002
exec,CoreML (CPU_ONLY),501,0.00018941699999963646
vm,CoreML (CPU_ONLY),501,0.0002746249999994177
exec,CoreML (CPU_ONLY),502,0.00011675000000010982
vm,CoreML (CPU_ONLY),502,0.00023900000000054433
exec,CoreML (CPU_ONLY),503,0.00011712499999916304
vm,CoreML (CPU_ONLY),503,0.0002409999999999357
exec,CoreML (CPU_ONLY),504,0.0001165409999988043
vm,CoreML (CPU_ONLY),504,0.0002425829999994633
exec,CoreML (CPU_ONLY),505,0.0001189579999998358
vm,CoreML (CPU_ONLY),505,0.00023462499999915565
exec,CoreML (CPU_ONLY),506,0.0001402499999993978
vm,CoreML (CPU_ONLY),506,0.0002454169999994704
exec,CoreML (CPU_ONLY),507,0.0001317500000013183
vm,CoreML (CPU_ONLY),507,0.0002635829999997341
exec,CoreML (CPU_ONLY),508,0.00010079199999957211
vm,CoreML (CPU_ONLY),508,0.00023299999999970566
exec,CoreML (CPU_ONLY),509,0.00010537499999863087
vm,CoreML (CPU_ONLY),509,0.00022737500000058475
exec,CoreML (CPU_ONLY),510,9.583299999960104e-05
vm,CoreML (CPU_ONLY),510,0.0002442089999998842
exec,CoreML (CPU_ONLY),511,9.141700000014907e-05
vm,CoreML (CPU_ONLY),511,0.00025925000000004417
exec,CoreML (CPU_ONLY),512,0.00010237499999909971
vm,CoreML (CPU_ONLY),512,0.00024574999999948943
exec,CoreML (CPU_ONLY),513,0.00012587500000016405
vm,CoreML (CPU_ONLY),513,0.00021608399999983874
exec,CoreML (CPU_ONLY),514,0.00011591699999868865
vm,CoreML (CPU_ONLY),514,0.00022974999999991752
exec,CoreML (CPU_ONLY),515,0.00010033299999889778
vm,CoreML (CPU_ONLY),515,0.00022829200000007432
exec,CoreML (CPU_ONLY),516,0.00010158299999929454
vm,CoreML (CPU_ONLY),516,0.00024458299999974287
exec,CoreML (CPU_ONLY),517,0.00010024999999913575
vm,CoreML (CPU_ONLY),517,0.00023404199999976782
exec,CoreML (CPU_ONLY),518,0.00011833399999972016
vm,CoreML (CPU_ONLY),518,0.00025979199999959235
exec,CoreML (CPU_ONLY),519,0.000127416999999852
vm,CoreML (CPU_ONLY),519,0.0002321659999999781
exec,CoreML (CPU_ONLY),520,0.00010020900000107247
vm,CoreML (CPU_ONLY),520,0.00022775000000052614
exec,CoreML (CPU_ONLY),521,0.00010050000000028092
vm,CoreML (CPU_ONLY),521,0.00026254099999967195
exec,CoreML (CPU_ONLY),522,0.00010408300000008808
vm,CoreML (CPU_ONLY),522,0.00024004100000052375
exec,CoreML (CPU_ONLY),523,0.00010166700000091566
vm,CoreML (CPU_ONLY),523,0.00022150000000031866
exec,CoreML (CPU_ONLY),524,0.00010758400000021595
vm,CoreML (CPU_ONLY),524,0.00021037499999998488
exec,CoreML (CPU_ONLY),525,0.00010050000000028092
vm,CoreML (CPU_ONLY),525,0.0002617499999999495
exec,CoreML (CPU_ONLY),526,0.00010362499999949648
vm,CoreML (CPU_ONLY),526,0.00023499999999998522
exec,CoreML (CPU_ONLY),527,0.00011850000000102057
vm,CoreML (CPU_ONLY),527,0.0002472080000002208
exec,CoreML (CPU_ONLY),528,0.0001020410000016625
vm,CoreML (CPU_ONLY),528,0.0002397089999996993
exec,CoreML (CPU_ONLY),529,9.979200000032051e-05
vm,CoreML (CPU_ONLY),529,0.00023533300000000423
exec,CoreML (CPU_ONLY),530,9.687500000055138e-05
vm,CoreML (CPU_ONLY),530,0.00023820799999985098
exec,CoreML (CPU_ONLY),531,9.691700000047376e-05
vm,CoreML (CPU_ONLY),531,0.00024766700000000696
exec,CoreML (CPU_ONLY),532,0.00011591700000046501
vm,CoreML (CPU_ONLY),532,0.0002501659999998296
exec,CoreML (CPU_ONLY),533,0.0001004170000005189
vm,CoreML (CPU_ONLY),533,0.00025783400000012335
exec,CoreML (CPU_ONLY),534,9.795899999964774e-05
vm,CoreML (CPU_ONLY),534,0.00025829099999974403
exec,CoreML (CPU_ONLY),535,0.00010129100000000335
vm,CoreML (CPU_ONLY),535,0.00022337500000002564
exec,CoreML (CPU_ONLY),536,9.658300000126019e-05
vm,CoreML (CPU_ONLY),536,0.00025962499999998556
exec,CoreML (CPU_ONLY),537,9.999999999976694e-05
vm,CoreML (CPU_ONLY),537,0.0002473329999999052
exec,CoreML (CPU_ONLY),538,0.00010074999999964973
vm,CoreML (CPU_ONLY),538,0.00021079199999984866
exec,CoreML (CPU_ONLY),539,9.845800000007898e-05
vm,CoreML (CPU_ONLY),539,0.00025358400000019543
exec,CoreML (CPU_ONLY),540,0.0002523750000005265
vm,CoreML (CPU_ONLY),540,0.00022779199999956035
exec,CoreML (CPU_ONLY),541,0.0002486249999993362
vm,CoreML (CPU_ONLY),541,0.0002557090000001594
exec,CoreML (CPU_ONLY),542,0.00017008399999873802
vm,CoreML (CPU_ONLY),542,0.00024033299999981494
exec,CoreML (CPU_ONLY),543,0.00011541599999986829
vm,CoreML (CPU_ONLY),543,0.0002043750000000344
exec,CoreML (CPU_ONLY),544,0.00012704199999902244
vm,CoreML (CPU_ONLY),544,0.00025258400000005565
exec,CoreML (CPU_ONLY),545,0.00010245899999894448
vm,CoreML (CPU_ONLY),545,0.0002409999999999357
exec,CoreML (CPU_ONLY),546,0.00010537500000040723
vm,CoreML (CPU_ONLY),546,0.00022925000000029172
exec,CoreML (CPU_ONLY),547,0.00010308299999906012
vm,CoreML (CPU_ONLY),547,0.0002521670000001919
exec,CoreML (CPU_ONLY),548,0.00010166599999905657
vm,CoreML (CPU_ONLY),548,0.0002468750000002018
exec,CoreML (CPU_ONLY),549,0.00012141699999901334
vm,CoreML (CPU_ONLY),549,0.0002570830000001578
exec,CoreML (CPU_ONLY),550,0.00012500000000059686
vm,CoreML (CPU_ONLY),550,0.00023262499999976427
exec,CoreML (CPU_ONLY),551,0.00018245899999946857
vm,CoreML (CPU_ONLY),551,0.0003011250000000132
exec,CoreML (CPU_ONLY),552,0.00011954200000019455
vm,CoreML (CPU_ONLY),552,0.0002466249999999448
exec,CoreML (CPU_ONLY),553,0.00011925000000090336
vm,CoreML (CPU_ONLY),553,0.00023041599999995555
exec,CoreML (CPU_ONLY),554,0.00011445800000053907
vm,CoreML (CPU_ONLY),554,0.00026816700000065197
exec,CoreML (CPU_ONLY),555,0.00011604200000014941
vm,CoreML (CPU_ONLY),555,0.0002319999999995659
exec,CoreML (CPU_ONLY),556,0.0001167920000000322
vm,CoreML (CPU_ONLY),556,0.00023570900000002837
exec,CoreML (CPU_ONLY),557,0.00012758299999937606
vm,CoreML (CPU_ONLY),557,0.00025549999999974204
exec,CoreML (CPU_ONLY),558,0.00013212500000037153
vm,CoreML (CPU_ONLY),558,0.0002303750000001159
exec,CoreML (CPU_ONLY),559,0.00010337500000012767
vm,CoreML (CPU_ONLY),559,0.00024166700000005648
exec,CoreML (CPU_ONLY),560,9.583299999960104e-05
vm,CoreML (CPU_ONLY),560,0.00024120800000027032
exec,CoreML (CPU_ONLY),561,9.766700000035655e-05
vm,CoreML (CPU_ONLY),561,0.0002237090000001274
exec,CoreML (CPU_ONLY),562,9.345900000035101e-05
vm,CoreML (CPU_ONLY),562,0.00026100000000006673
exec,CoreML (CPU_ONLY),563,9.641699999995978e-05
vm,CoreML (CPU_ONLY),563,0.00024004100000052375
exec,CoreML (CPU_ONLY),564,9.333299999880751e-05
vm,CoreML (CPU_ONLY),564,0.00024937500000010715
exec,CoreML (CPU_ONLY),565,0.0001040410000001657
vm,CoreML (CPU_ONLY),565,0.00023383300000023866
exec,CoreML (CPU_ONLY),566,0.00010479100000004848
vm,CoreML (CPU_ONLY),566,0.00023945799999935957
exec,CoreML (CPU_ONLY),567,0.0001057500000012368
vm,CoreML (CPU_ONLY),567,0.00024204199999999787
exec,CoreML (CPU_ONLY),568,0.00010529199999886885
vm,CoreML (CPU_ONLY),568,0.0002469579999999638
exec,CoreML (CPU_ONLY),569,0.00010487499999989325
vm,CoreML (CPU_ONLY),569,0.0002442910000004517
exec,CoreML (CPU_ONLY),570,9.533299999908706e-05
vm,CoreML (CPU_ONLY),570,0.0002488329999996708
exec,CoreML (CPU_ONLY),571,0.00010387500000064165
vm,CoreML (CPU_ONLY),571,0.00024741599999966724
exec,CoreML (CPU_ONLY),572,0.0001284580000007196
vm,CoreML (CPU_ONLY),572,0.00023370800000055425
exec,CoreML (CPU_ONLY),573,0.00012454200000000526
vm,CoreML (CPU_ONLY),573,0.00028812499999997243
exec,CoreML (CPU_ONLY),574,0.00012120799999948417
vm,CoreML (CPU_ONLY),574,0.0002528750000001523
exec,CoreML (CPU_ONLY),575,0.00012174999999992053
vm,CoreML (CPU_ONLY),575,0.0002546660000000145
exec,CoreML (CPU_ONLY),576,0.0001280420000000504
vm,CoreML (CPU_ONLY),576,0.00026087500000038233
exec,CoreML (CPU_ONLY),577,0.00012462499999976728
vm,CoreML (CPU_ONLY),577,0.00022966699999926732
exec,CoreML (CPU_ONLY),578,0.00010208299999980852
vm,CoreML (CPU_ONLY),578,0.0002397920000003495
exec,CoreML (CPU_ONLY),579,0.0001047079999985101
vm,CoreML (CPU_ONLY),579,0.00024270900000011864
exec,CoreML (CPU_ONLY),580,0.00011804200000042897
vm,CoreML (CPU_ONLY),580,0.00024570800000045523
exec,CoreML (CPU_ONLY),581,9.42090000002338e-05
vm,CoreML (CPU_ONLY),581,0.0002376660000003028
exec,CoreML (CPU_ONLY),582,9.720899999976496e-05
vm,CoreML (CPU_ONLY),582,0.0002356250000001836
exec,CoreML (CPU_ONLY),583,0.0001092079999995832
vm,CoreML (CPU_ONLY),583,0.00022158399999927525
exec,CoreML (CPU_ONLY),584,0.00010270900000008965
vm,CoreML (CPU_ONLY),584,0.00023816700000001134
exec,CoreML (CPU_ONLY),585,0.00012725000000024522
vm,CoreML (CPU_ONLY),585,0.00024095800000001333
exec,CoreML (CPU_ONLY),586,0.00012545800000118845
vm,CoreML (CPU_ONLY),586,0.0002409170000001737
exec,CoreML (CPU_ONLY),587,0.0001191249999994426
vm,CoreML (CPU_ONLY),587,0.0002259580000005812
exec,CoreML (CPU_ONLY),588,0.00010037500000059651
vm,CoreML (CPU_ONLY),588,0.0002399589999999563
exec,CoreML (CPU_ONLY),589,9.833300000039458e-05
vm,CoreML (CPU_ONLY),589,0.0002341670000003404
exec,CoreML (CPU_ONLY),590,0.0001000839999996117
vm,CoreML (CPU_ONLY),590,0.00027195799999990555
exec,CoreML (CPU_ONLY),591,0.00010016699999937373
vm,CoreML (CPU_ONLY),591,0.00028229100000043417
exec,CoreML (CPU_ONLY),592,0.00010387500000064165
vm,CoreML (CPU_ONLY),592,0.00024399999999946687
exec,CoreML (CPU_ONLY),593,0.0001062919999998968
vm,CoreML (CPU_ONLY),593,0.00021762500000033214
exec,CoreML (CPU_ONLY),594,0.0001202909999999946
vm,CoreML (CPU_ONLY),594,0.00020233300000072063
exec,CoreML (CPU_ONLY),595,0.0001197079999997186
vm,CoreML (CPU_ONLY),595,0.00027616699999999383
exec,CoreML (CPU_ONLY),596,9.98340000002429e-05
vm,CoreML (CPU_ONLY),596,0.00023941600000032537
exec,CoreML (CPU_ONLY),597,0.00010037500000059651
vm,CoreML (CPU_ONLY),597,0.00023754199999981296
exec,CoreML (CPU_ONLY),598,0.00010029200000083449
vm,CoreML (CPU_ONLY),598,0.00023962499999985454
exec,CoreML (CPU_ONLY),599,9.850000000000136e-05
vm,CoreML (CPU_ONLY),599,0.00023820799999985098
exec,CoreML (CPU_ONLY),600,0.00010450000000084003
vm,CoreML (CPU_ONLY),600,0.0002314999999999401
exec,CoreML (CPU_ONLY),601,0.00019270800000015242
vm,CoreML (CPU_ONLY),601,0.00026929200000047615
exec,CoreML (CPU_ONLY),602,0.00011429200000101503
vm,CoreML (CPU_ONLY),602,0.0002466249999999448
exec,CoreML (CPU_ONLY),603,0.00011675000000010982
vm,CoreML (CPU_ONLY),603,0.0002387909999992388
exec,CoreML (CPU_ONLY),604,0.00011762499999967702
vm,CoreML (CPU_ONLY),604,0.0002455839999999654
exec,CoreML (CPU_ONLY),605,0.00011833400000149652
vm,CoreML (CPU_ONLY),605,0.00020933299999992272
exec,CoreML (CPU_ONLY),606,0.00011158300000069232
vm,CoreML (CPU_ONLY),606,0.00022387499999965144
exec,CoreML (CPU_ONLY),607,0.00012174999999992053
vm,CoreML (CPU_ONLY),607,0.000269874999999864
exec,CoreML (CPU_ONLY),608,0.0002547909999996989
vm,CoreML (CPU_ONLY),608,0.00024095800000001333
exec,CoreML (CPU_ONLY),609,0.00023970800000050474
vm,CoreML (CPU_ONLY),609,0.0002555420000005526
exec,CoreML (CPU_ONLY),610,0.0001564999999992267
vm,CoreML (CPU_ONLY),610,0.0002563340000003578
exec,CoreML (CPU_ONLY),611,0.00013137499999871238
vm,CoreML (CPU_ONLY),611,0.00023179200000011946
exec,CoreML (CPU_ONLY),612,0.00010195900000020686
vm,CoreML (CPU_ONLY),612,0.0002453339999997084
exec,CoreML (CPU_ONLY),613,9.762500000043417e-05
vm,CoreML (CPU_ONLY),613,0.0002347500000006164
exec,CoreML (CPU_ONLY),614,0.0001048750000016696
vm,CoreML (CPU_ONLY),614,0.00023841700000026833
exec,CoreML (CPU_ONLY),615,9.908300000027737e-05
vm,CoreML (CPU_ONLY),615,0.00024795899999929816
exec,CoreML (CPU_ONLY),616,0.00010729200000092476
vm,CoreML (CPU_ONLY),616,0.00023570900000002837
exec,CoreML (CPU_ONLY),617,0.00010491599999973289
vm,CoreML (CPU_ONLY),617,0.0002635829999997341
exec,CoreML (CPU_ONLY),618,9.40840000005494e-05
vm,CoreML (CPU_ONLY),618,0.00022745800000034677
exec,CoreML (CPU_ONLY),619,0.00010120800000024133
vm,CoreML (CPU_ONLY),619,0.00027383399999969527
exec,CoreML (CPU_ONLY),620,0.0001044579999991413
vm,CoreML (CPU_ONLY),620,0.00039645900000007117
exec,CoreML (CPU_ONLY),621,0.00010500000000135401
vm,CoreML (CPU_ONLY),621,0.0003439580000001996
exec,CoreML (CPU_ONLY),622,0.00010429199999961725
vm,CoreML (CPU_ONLY),622,0.0003185830000003165
exec,CoreML (CPU_ONLY),623,9.449999999944225e-05
vm,CoreML (CPU_ONLY),623,0.0003895409999996602
exec,CoreML (CPU_ONLY),624,9.841599999838024e-05
vm,CoreML (CPU_ONLY),624,0.00023195800000053168
exec,CoreML (CPU_ONLY),625,0.00010300000000107445
vm,CoreML (CPU_ONLY),625,0.0003305829999993293
exec,CoreML (CPU_ONLY),626,0.00010325000000044326
vm,CoreML (CPU_ONLY),626,0.0003657080000003532
exec,CoreML (CPU_ONLY),627,0.00010666600000064363
vm,CoreML (CPU_ONLY),627,0.00025929199999996655
exec,CoreML (CPU_ONLY),628,0.00012079199999881496
vm,CoreML (CPU_ONLY),628,0.00024874999999990877
exec,CoreML (CPU_ONLY),629,0.00012558300000087286
vm,CoreML (CPU_ONLY),629,0.0002490829999999278
exec,CoreML (CPU_ONLY),630,0.00010291599999945333
vm,CoreML (CPU_ONLY),630,0.00025570800000007665
exec,CoreML (CPU_ONLY),631,0.00010025000000091211
vm,CoreML (CPU_ONLY),631,0.0002517499999994399
exec,CoreML (CPU_ONLY),632,9.745800000082738e-05
vm,CoreML (CPU_ONLY),632,0.00023970799999961656
exec,CoreML (CPU_ONLY),633,9.837500000031696e-05
vm,CoreML (CPU_ONLY),633,0.0002394170000004081
exec,CoreML (CPU_ONLY),634,0.00010504199999950004
vm,CoreML (CPU_ONLY),634,0.00025045800000000895
exec,CoreML (CPU_ONLY),635,0.0001271670000004832
vm,CoreML (CPU_ONLY),635,0.0002440829999992289
exec,CoreML (CPU_ONLY),636,0.000138375000000579
vm,CoreML (CPU_ONLY),636,0.000250290999999514
exec,CoreML (CPU_ONLY),637,0.00010175000000067769
vm,CoreML (CPU_ONLY),637,0.0002484579999997294
exec,CoreML (CPU_ONLY),638,0.00010125000000016371
vm,CoreML (CPU_ONLY),638,0.0002133750000004042
exec,CoreML (CPU_ONLY),639,0.00010037500000059651
vm,CoreML (CPU_ONLY),639,0.00023612500000069758
exec,CoreML (CPU_ONLY),640,9.933399999972892e-05
vm,CoreML (CPU_ONLY),640,0.00025008300000006756
exec,CoreML (CPU_ONLY),641,9.854199999992375e-05
vm,CoreML (CPU_ONLY),641,0.00023775000000014757
exec,CoreML (CPU_ONLY),642,9.987500000008254e-05
vm,CoreML (CPU_ONLY),642,0.00021324999999983163
exec,CoreML (CPU_ONLY),643,9.887500000083094e-05
vm,CoreML (CPU_ONLY),643,0.00026383400000007384
exec,CoreML (CPU_ONLY),644,0.00011966699999987895
vm,CoreML (CPU_ONLY),644,0.00023479100000045605
exec,CoreML (CPU_ONLY),645,0.0001050409999994173
vm,CoreML (CPU_ONLY),645,0.00022837500000072453
exec,CoreML (CPU_ONLY),646,0.00010579200000115918
vm,CoreML (CPU_ONLY),646,0.00023420800000018005
exec,CoreML (CPU_ONLY),647,9.63750000000374e-05
vm,CoreML (CPU_ONLY),647,0.0002818339999999253
exec,CoreML (CPU_ONLY),648,0.00010620800000005204
vm,CoreML (CPU_ONLY),648,0.0002731249999996521
exec,CoreML (CPU_ONLY),649,0.00011266699999978869
vm,CoreML (CPU_ONLY),649,0.0002465000000002604
exec,CoreML (CPU_ONLY),650,9.700000000023579e-05
vm,CoreML (CPU_ONLY),650,0.00025416699999958325
exec,CoreML (CPU_ONLY),651,0.00016875000000027285
vm,CoreML (CPU_ONLY),651,0.0003113749999998916
exec,CoreML (CPU_ONLY),652,0.00011658300000050303
vm,CoreML (CPU_ONLY),652,0.0002763339999996006
exec,CoreML (CPU_ONLY),653,0.00011866700000062735
vm,CoreML (CPU_ONLY),653,0.0002609170000003047
exec,CoreML (CPU_ONLY),654,0.00011645900000090137
vm,CoreML (CPU_ONLY),654,0.0002499159999995726
exec,CoreML (CPU_ONLY),655,0.0001241660000008693
vm,CoreML (CPU_ONLY),655,0.00024424999999972385
exec,CoreML (CPU_ONLY),656,0.00012433299999869973
vm,CoreML (CPU_ONLY),656,0.0002686250000003554
exec,CoreML (CPU_ONLY),657,0.00011904099999959783
vm,CoreML (CPU_ONLY),657,0.0002423330000000945
exec,CoreML (CPU_ONLY),658,0.00012708300000063844
vm,CoreML (CPU_ONLY),658,0.0002864159999997895
exec,CoreML (CPU_ONLY),659,9.954199999917535e-05
vm,CoreML (CPU_ONLY),659,0.0003742090000002918
exec,CoreML (CPU_ONLY),660,9.46659999989663e-05
vm,CoreML (CPU_ONLY),660,0.0003287079999996223
exec,CoreML (CPU_ONLY),661,0.00010008300000130532
vm,CoreML (CPU_ONLY),661,0.0002075420000000605
exec,CoreML (CPU_ONLY),662,9.483300000034944e-05
vm,CoreML (CPU_ONLY),662,0.0003063750000000809
exec,CoreML (CPU_ONLY),663,9.608400000082895e-05
vm,CoreML (CPU_ONLY),663,0.0003173749999998421
exec,CoreML (CPU_ONLY),664,0.00010254200000048286
vm,CoreML (CPU_ONLY),664,0.0003613329999998527
exec,CoreML (CPU_ONLY),665,9.758300000051179e-05
vm,CoreML (CPU_ONLY),665,0.00029224999999932777
exec,CoreML (CPU_ONLY),666,9.462499999912666e-05
vm,CoreML (CPU_ONLY),666,0.00025350000000035067
exec,CoreML (CPU_ONLY),667,9.416699999853506e-05
vm,CoreML (CPU_ONLY),667,0.0002512089999999745
exec,CoreML (CPU_ONLY),668,0.00010091700000103287
vm,CoreML (CPU_ONLY),668,0.00023566700000010599
exec,CoreML (CPU_ONLY),669,0.00010512500000103842
vm,CoreML (CPU_ONLY),669,0.00022825000000015194
exec,CoreML (CPU_ONLY),670,0.00010012499999945135
vm,CoreML (CPU_ONLY),670,0.0002381659999999286
exec,CoreML (CPU_ONLY),671,0.00010095800000087252
vm,CoreML (CPU_ONLY),671,0.00021604099999983362
exec,CoreML (CPU_ONLY),672,0.00010179200000060007
vm,CoreML (CPU_ONLY),672,0.00026583300000027066
exec,CoreML (CPU_ONLY),673,0.00010050000000028092
vm,CoreML (CPU_ONLY),673,0.0002485410000003796
exec,CoreML (CPU_ONLY),674,9.850000000000136e-05
vm,CoreML (CPU_ONLY),674,0.00023916600000006838
exec,CoreML (CPU_ONLY),675,0.00010125000000016371
vm,CoreML (CPU_ONLY),675,0.00024729200000006557
exec,CoreML (CPU_ONLY),676,9.933299999964618e-05
vm,CoreML (CPU_ONLY),676,0.0002194589999993113
exec,CoreML (CPU_ONLY),677,0.00011704100000109463
vm,CoreML (CPU_ONLY),677,0.00020420899999962216
exec,CoreML (CPU_ONLY),678,0.00011458300000022348
vm,CoreML (CPU_ONLY),678,0.00026162499999937694
exec,CoreML (CPU_ONLY),679,0.00010129100000000335
vm,CoreML (CPU_ONLY),679,0.00022195900000010482
exec,CoreML (CPU_ONLY),680,0.000119291000000743
vm,CoreML (CPU_ONLY),680,0.00023487499999941264
exec,CoreML (CPU_ONLY),681,0.0001019589999984305
vm,CoreML (CPU_ONLY),681,0.00021958299999980113
exec,CoreML (CPU_ONLY),682,9.887499999905458e-05
vm,CoreML (CPU_ONLY),682,0.0002511250000001297
exec,CoreML (CPU_ONLY),683,9.704200000015817e-05
vm,CoreML (CPU_ONLY),683,0.00026720800000035183
exec,CoreML (CPU_ONLY),684,9.295799999975429e-05
vm,CoreML (CPU_ONLY),684,0.0002472080000002208
exec,CoreML (CPU_ONLY),685,0.00010129100000000335
vm,CoreML (CPU_ONLY),685,0.00023295799999978328
exec,CoreML (CPU_ONLY),686,0.0001248329999992137
vm,CoreML (CPU_ONLY),686,0.0002835839999999479
exec,CoreML (CPU_ONLY),687,0.00014041700000078094
vm,CoreML (CPU_ONLY),687,0.00022345799999978766
exec,CoreML (CPU_ONLY),688,0.00013024999999977638
vm,CoreML (CPU_ONLY),688,0.0002965419999991781
exec,CoreML (CPU_ONLY),689,0.00010158399999937728
vm,CoreML (CPU_ONLY),689,0.00021712499999981816
exec,CoreML (CPU_ONLY),690,0.00012054199999944615
vm,CoreML (CPU_ONLY),690,0.0002703749999994898
exec,CoreML (CPU_ONLY),691,0.00010079200000134847
vm,CoreML (CPU_ONLY),691,0.0002275410000001088
exec,CoreML (CPU_ONLY),692,9.937499999956856e-05
vm,CoreML (CPU_ONLY),692,0.0002495410000005194
exec,CoreML (CPU_ONLY),693,0.00010183300000043971
vm,CoreML (CPU_ONLY),693,0.0002473749999998276
exec,CoreML (CPU_ONLY),694,9.404200000062701e-05
vm,CoreML (CPU_ONLY),694,0.0002417499999998185
exec,CoreML (CPU_ONLY),695,9.733299999936662e-05
vm,CoreML (CPU_ONLY),695,0.00023808399999936114
exec,CoreML (CPU_ONLY),696,0.00010666700000072638
vm,CoreML (CPU_ONLY),696,0.0002519999999996969
exec,CoreML (CPU_ONLY),697,0.0001034579999998897
vm,CoreML (CPU_ONLY),697,0.00023283300000009888
exec,CoreML (CPU_ONLY),698,0.00012599999999984846
vm,CoreML (CPU_ONLY),698,0.00023845899999930253
exec,CoreML (CPU_ONLY),699,0.00012029200000007734
vm,CoreML (CPU_ONLY),699,0.00022854199999944314
exec,CoreML (CPU_ONLY),700,0.00011454200000038384
vm,CoreML (CPU_ONLY),700,0.00021995899999982527
exec,CoreML (CPU_ONLY),701,0.00019662499999917316
vm,CoreML (CPU_ONLY),701,0.0002721250000004005
exec,CoreML (CPU_ONLY),702,0.00011716700000086178
vm,CoreML (CPU_ONLY),702,0.0002694580000000002
exec,CoreML (CPU_ONLY),703,0.00011337499999974909
vm,CoreML (CPU_ONLY),703,0.00022879100000050556
exec,CoreML (CPU_ONLY),704,0.00011887500000007378
vm,CoreML (CPU_ONLY),704,0.00025099999999955713
exec,CoreML (CPU_ONLY),705,0.0001136660000007339
vm,CoreML (CPU_ONLY),705,0.00025399999999997647
exec,CoreML (CPU_ONLY),706,0.00011979100000125698
vm,CoreML (CPU_ONLY),706,0.00024320800000054987
exec,CoreML (CPU_ONLY),707,0.00011154200000085268
vm,CoreML (CPU_ONLY),707,0.0002522499999999539
exec,CoreML (CPU_ONLY),708,0.00011316700000030266
vm,CoreML (CPU_ONLY),708,0.00022216700000043943
exec,CoreML (CPU_ONLY),709,0.00012058399999936853
vm,CoreML (CPU_ONLY),709,0.00023183400000004184
exec,CoreML (CPU_ONLY),710,0.00010074999999964973
vm,CoreML (CPU_ONLY),710,0.00022374999999996703
exec,CoreML (CPU_ONLY),711,9.633300000011502e-05
vm,CoreML (CPU_ONLY),711,0.00023295799999978328
exec,CoreML (CPU_ONLY),712,9.600000000098419e-05
vm,CoreML (CPU_ONLY),712,0.00023154199999986247
exec,CoreML (CPU_ONLY),713,9.904100000035498e-05
vm,CoreML (CPU_ONLY),713,0.0002497919999999709
exec,CoreML (CPU_ONLY),714,9.799999999948739e-05
vm,CoreML (CPU_ONLY),714,0.0002518330000000901
exec,CoreML (CPU_ONLY),715,9.674999999909062e-05
vm,CoreML (CPU_ONLY),715,0.00023412499999952985
exec,CoreML (CPU_ONLY),716,9.187500000074067e-05
vm,CoreML (CPU_ONLY),716,0.00023154199999986247
exec,CoreML (CPU_ONLY),717,9.779200000004096e-05
vm,CoreML (CPU_ONLY),717,0.0002452909999997033
exec,CoreML (CPU_ONLY),718,0.00010708300000139559
vm,CoreML (CPU_ONLY),718,0.0002475000000004002
exec,CoreML (CPU_ONLY),719,0.00010408300000008808
vm,CoreML (CPU_ONLY),719,0.00024970800000012616
exec,CoreML (CPU_ONLY),720,0.00010283299999969131
vm,CoreML (CPU_ONLY),720,0.00022679200000030875
exec,CoreML (CPU_ONLY),721,9.416600000022868e-05
vm,CoreML (CPU_ONLY),721,0.00023495800000006284
exec,CoreML (CPU_ONLY),722,0.000247166999999493
vm,CoreML (CPU_ONLY),722,0.000258375000000477
exec,CoreML (CPU_ONLY),723,0.00024074999999967872
vm,CoreML (CPU_ONLY),723,0.00023583299999963003
exec,CoreML (CPU_ONLY),724,0.0001797079999992235
vm,CoreML (CPU_ONLY),724,0.00029020899999920857
exec,CoreML (CPU_ONLY),725,0.0001208329999986546
vm,CoreML (CPU_ONLY),725,0.00023700000000026478
exec,CoreML (CPU_ONLY),726,9.887500000083094e-05
vm,CoreML (CPU_ONLY),726,0.00024166599999997374
exec,CoreML (CPU_ONLY),727,0.00010195800000012412
vm,CoreML (CPU_ONLY),727,0.00022820800000022956
exec,CoreML (CPU_ONLY),728,0.00010495799999965527
vm,CoreML (CPU_ONLY),728,0.00023054099999963995
exec,CoreML (CPU_ONLY),729,0.00011304200000061826
vm,CoreML (CPU_ONLY),729,0.00025387500000029206
exec,CoreML (CPU_ONLY),730,0.00010274999999992929
vm,CoreML (CPU_ONLY),730,0.00025320900000025404
exec,CoreML (CPU_ONLY),731,0.00010562499999977604
vm,CoreML (CPU_ONLY),731,0.0002459999999997464
exec,CoreML (CPU_ONLY),732,0.00010583299999922247
vm,CoreML (CPU_ONLY),732,0.0002412500000001927
exec,CoreML (CPU_ONLY),733,0.00010620900000013478
vm,CoreML (CPU_ONLY),733,0.00023183400000004184
exec,CoreML (CPU_ONLY),734,0.00010479100000004848
vm,CoreML (CPU_ONLY),734,0.00023549999999961102
exec,CoreML (CPU_ONLY),735,0.00010095800000087252
vm,CoreML (CPU_ONLY),735,0.00023412500000041803
exec,CoreML (CPU_ONLY),736,9.94170000012673e-05
vm,CoreML (CPU_ONLY),736,0.0002189169999997631
exec,CoreML (CPU_ONLY),737,9.958400000087408e-05
vm,CoreML (CPU_ONLY),737,0.00020479199999989817
exec,CoreML (CPU_ONLY),738,9.5667000000077e-05
vm,CoreML (CPU_ONLY),738,0.00024616600000015865
exec,CoreML (CPU_ONLY),739,9.766700000035655e-05
vm,CoreML (CPU_ONLY),739,0.0002521250000002695
exec,CoreML (CPU_ONLY),740,0.00011724999999884744
vm,CoreML (CPU_ONLY),740,0.00022708399999959994
exec,CoreML (CPU_ONLY),741,0.00010645799999942085
vm,CoreML (CPU_ONLY),741,0.00023862499999971476
exec,CoreML (CPU_ONLY),742,0.00010537500000040723
vm,CoreML (CPU_ONLY),742,0.0002467500000005174
exec,CoreML (CPU_ONLY),743,0.00011845899999940457
vm,CoreML (CPU_ONLY),743,0.0002308749999997417
exec,CoreML (CPU_ONLY),744,0.00012450000000008288
vm,CoreML (CPU_ONLY),744,0.0002693330000003158
exec,CoreML (CPU_ONLY),745,9.891599999889422e-05
vm,CoreML (CPU_ONLY),745,0.0002628749999997737
exec,CoreML (CPU_ONLY),746,9.962499999893737e-05
vm,CoreML (CPU_ONLY),746,0.0002515000000000711
exec,CoreML (CPU_ONLY),747,8.520799999978124e-05
vm,CoreML (CPU_ONLY),747,0.0002320830000002161
exec,CoreML (CPU_ONLY),748,0.00010283399999977405
vm,CoreML (CPU_ONLY),748,0.00025716599999991985
exec,CoreML (CPU_ONLY),749,0.00011845799999932183
vm,CoreML (CPU_ONLY),749,0.0002384590000001907
exec,CoreML (CPU_ONLY),750,0.00012654200000028482
vm,CoreML (CPU_ONLY),750,0.00026254200000064287
exec,CoreML (CPU_ONLY),751,0.00018291700000006017
vm,CoreML (CPU_ONLY),751,0.0003502080000004071
exec,CoreML (CPU_ONLY),752,0.00011800000000050659
vm,CoreML (CPU_ONLY),752,0.0003054999999996255
exec,CoreML (CPU_ONLY),753,0.00011391700000018545
vm,CoreML (CPU_ONLY),753,0.00023175000000019708
exec,CoreML (CPU_ONLY),754,0.00011549999999971305
vm,CoreML (CPU_ONLY),754,0.00025816700000014237
exec,CoreML (CPU_ONLY),755,0.00012149999999877537
vm,CoreML (CPU_ONLY),755,0.00021158300000045926
exec,CoreML (CPU_ONLY),756,0.00011329099999990433
vm,CoreML (CPU_ONLY),756,0.00024337500000015666
exec,CoreML (CPU_ONLY),757,0.00011379200000050105
vm,CoreML (CPU_ONLY),757,0.00023449999999947124
exec,CoreML (CPU_ONLY),758,0.00011458400000030622
vm,CoreML (CPU_ONLY),758,0.0002235839999995548
exec,CoreML (CPU_ONLY),759,0.00010620800000005204
vm,CoreML (CPU_ONLY),759,0.00025854200000008376
exec,CoreML (CPU_ONLY),760,0.00010033299999889778
vm,CoreML (CPU_ONLY),760,0.00023079099999989694
exec,CoreML (CPU_ONLY),761,9.76669999985802e-05
vm,CoreML (CPU_ONLY),761,0.0002505420000007419
exec,CoreML (CPU_ONLY),762,0.00010116700000040169
vm,CoreML (CPU_ONLY),762,0.00022916600000044696
exec,CoreML (CPU_ONLY),763,9.908399999858375e-05
vm,CoreML (CPU_ONLY),763,0.00022145900000047902
exec,CoreML (CPU_ONLY),764,9.775000000011858e-05
vm,CoreML (CPU_ONLY),764,0.00023712499999994918
exec,CoreML (CPU_ONLY),765,9.633300000011502e-05
vm,CoreML (CPU_ONLY),765,0.00022154200000024105
exec,CoreML (CPU_ONLY),766,9.770900000027893e-05
vm,CoreML (CPU_ONLY),766,0.00024670799999970683
exec,CoreML (CPU_ONLY),767,9.541699999893183e-05
vm,CoreML (CPU_ONLY),767,0.00023924999999991314
exec,CoreML (CPU_ONLY),768,0.00010108300000055692
vm,CoreML (CPU_ONLY),768,0.00023991599999995117
exec,CoreML (CPU_ONLY),769,9.916700000012213e-05
vm,CoreML (CPU_ONLY),769,0.00025441699999984024
exec,CoreML (CPU_ONLY),770,9.695900000039614e-05
vm,CoreML (CPU_ONLY),770,0.00023983400000027189
exec,CoreML (CPU_ONLY),771,9.945899999941332e-05
vm,CoreML (CPU_ONLY),771,0.00022433400000032577
exec,CoreML (CPU_ONLY),772,9.941699999949094e-05
vm,CoreML (CPU_ONLY),772,0.00023154199999986247
exec,CoreML (CPU_ONLY),773,0.00010216599999957054
vm,CoreML (CPU_ONLY),773,0.00020262500000001182
exec,CoreML (CPU_ONLY),774,0.000126875000001192
vm,CoreML (CPU_ONLY),774,0.0002472080000002208
exec,CoreML (CPU_ONLY),775,0.00011629199999951823
vm,CoreML (CPU_ONLY),775,0.0002247500000001068
exec,CoreML (CPU_ONLY),776,0.00011512499999888348
vm,CoreML (CPU_ONLY),776,0.00022791700000013293
exec,CoreML (CPU_ONLY),777,0.00013554200000065464
vm,CoreML (CPU_ONLY),777,0.0002050829999999948
exec,CoreML (CPU_ONLY),778,0.0001087499999989916
vm,CoreML (CPU_ONLY),778,0.0002843329999997479
exec,CoreML (CPU_ONLY),779,0.00012662500000004684
vm,CoreML (CPU_ONLY),779,0.000255083999999961
exec,CoreML (CPU_ONLY),780,9.962499999893737e-05
vm,CoreML (CPU_ONLY),780,0.0002559589999995282
exec,CoreML (CPU_ONLY),781,9.599999999920783e-05
vm,CoreML (CPU_ONLY),781,0.00022879199999970012
exec,CoreML (CPU_ONLY),782,9.708299999999781e-05
vm,CoreML (CPU_ONLY),782,0.0002148330000002474
exec,CoreML (CPU_ONLY),783,0.00010474999999843249
vm,CoreML (CPU_ONLY),783,0.00025425000000023346
exec,CoreML (CPU_ONLY),784,9.729199999952698e-05
vm,CoreML (CPU_ONLY),784,0.00022616700000011036
exec,CoreML (CPU_ONLY),785,9.804200000118612e-05
vm,CoreML (CPU_ONLY),785,0.00021212500000000745
exec,CoreML (CPU_ONLY),786,9.608300000074621e-05
vm,CoreML (CPU_ONLY),786,0.00028783299999979306
exec,CoreML (CPU_ONLY),787,9.733299999936662e-05
vm,CoreML (CPU_ONLY),787,0.00022287500000039984
exec,CoreML (CPU_ONLY),788,9.695900000039614e-05
vm,CoreML (CPU_ONLY),788,0.0003039170000000979
exec,CoreML (CPU_ONLY),789,9.63750000000374e-05
vm,CoreML (CPU_ONLY),789,0.0002566250000004544
exec,CoreML (CPU_ONLY),790,9.716699999984257e-05
vm,CoreML (CPU_ONLY),790,0.00024070899999983908
exec,CoreML (CPU_ONLY),791,9.825000000063255e-05
vm,CoreML (CPU_ONLY),791,0.0002569580000004734
exec,CoreML (CPU_ONLY),792,9.72499999996046e-05
vm,CoreML (CPU_ONLY),792,0.0002304999999998003
exec,CoreML (CPU_ONLY),793,0.00011762499999967702
vm,CoreML (CPU_ONLY),793,0.0002429999999993271
exec,CoreML (CPU_ONLY),794,9.866699999960815e-05
vm,CoreML (CPU_ONLY),794,0.00025900000000067536
exec,CoreML (CPU_ONLY),795,0.00010062499999996533
vm,CoreML (CPU_ONLY),795,0.000236250000000382
exec,CoreML (CPU_ONLY),796,9.400000000070463e-05
vm,CoreML (CPU_ONLY),796,0.00025904199999970956
exec,CoreML (CPU_ONLY),797,0.00010220899999957567
vm,CoreML (CPU_ONLY),797,0.00023341699999956944
exec,CoreML (CPU_ONLY),798,0.00010499999999957765
vm,CoreML (CPU_ONLY),798,0.000245542000000043
exec,CoreML (CPU_ONLY),799,0.0001207079999989702
vm,CoreML (CPU_ONLY),799,0.00022516699999997059
exec,CoreML (CPU_ONLY),800,0.00010408299999831172
vm,CoreML (CPU_ONLY),800,0.00022291700000032222
exec,CoreML (CPU_ONLY),801,0.00017499999999870397
vm,CoreML (CPU_ONLY),801,0.0002900000000005676
exec,CoreML (CPU_ONLY),802,0.00011629200000129458
vm,CoreML (CPU_ONLY),802,0.00024375000000009805
exec,CoreML (CPU_ONLY),803,0.00011887500000007378
vm,CoreML (CPU_ONLY),803,0.00022733399999985693
exec,CoreML (CPU_ONLY),804,0.00012070899999905293
vm,CoreML (CPU_ONLY),804,0.0002422499999994443
exec,CoreML (CPU_ONLY),805,0.00011412499999963188
vm,CoreML (CPU_ONLY),805,0.00024095800000001333
exec,CoreML (CPU_ONLY),806,0.00011033300000029556
vm,CoreML (CPU_ONLY),806,0.00025379199999964186
exec,CoreML (CPU_ONLY),807,0.00011645800000081863
vm,CoreML (CPU_ONLY),807,0.00024591599999990166
exec,CoreML (CPU_ONLY),808,0.00010937500000096634
vm,CoreML (CPU_ONLY),808,0.00023266700000057483
exec,CoreML (CPU_ONLY),809,0.00010654200000104197
vm,CoreML (CPU_ONLY),809,0.00024191700000031346
exec,CoreML (CPU_ONLY),810,0.00011475000000160662
vm,CoreML (CPU_ONLY),810,0.00025258400000005565
exec,CoreML (CPU_ONLY),811,0.0001270000000008764
vm,CoreML (CPU_ONLY),811,0.00024195799999926493
exec,CoreML (CPU_ONLY),812,0.00010029200000083449
vm,CoreML (CPU_ONLY),812,0.0002324160000002351
exec,CoreML (CPU_ONLY),813,9.554200000039259e-05
vm,CoreML (CPU_ONLY),813,0.00023554200000042158
exec,CoreML (CPU_ONLY),814,9.937499999956856e-05
vm,CoreML (CPU_ONLY),814,0.00023083299999981932
exec,CoreML (CPU_ONLY),815,9.712499999992019e-05
vm,CoreML (CPU_ONLY),815,0.00021329099999967127
exec,CoreML (CPU_ONLY),816,0.00010266700000016726
vm,CoreML (CPU_ONLY),816,0.00026220799999965294
exec,CoreML (CPU_ONLY),817,9.816700000087053e-05
vm,CoreML (CPU_ONLY),817,0.00023875000000028734
exec,CoreML (CPU_ONLY),818,9.558300000023223e-05
vm,CoreML (CPU_ONLY),818,0.00024020800000013054
exec,CoreML (CPU_ONLY),819,9.737500000106536e-05
vm,CoreML (CPU_ONLY),819,0.0002445419999999032
exec,CoreML (CPU_ONLY),820,9.499999999995623e-05
vm,CoreML (CPU_ONLY),820,0.00022104099999964433
exec,CoreML (CPU_ONLY),821,9.704100000007543e-05
vm,CoreML (CPU_ONLY),821,0.00024616600000015865
exec,CoreML (CPU_ONLY),822,9.958299999901499e-05
vm,CoreML (CPU_ONLY),822,0.00026929199999958797
exec,CoreML (CPU_ONLY),823,9.804200000118612e-05
vm,CoreML (CPU_ONLY),823,0.0003231249999995356
exec,CoreML (CPU_ONLY),824,9.508299999971825e-05
vm,CoreML (CPU_ONLY),824,0.00025604100000009566
exec,CoreML (CPU_ONLY),825,9.966699999885975e-05
vm,CoreML (CPU_ONLY),825,0.00038391699999973383
exec,CoreML (CPU_ONLY),826,9.683299999885264e-05
vm,CoreML (CPU_ONLY),826,0.0003174580000004923
exec,CoreML (CPU_ONLY),827,9.662499999940621e-05
vm,CoreML (CPU_ONLY),827,0.0003545000000002574
exec,CoreML (CPU_ONLY),828,0.00010374999999918089
vm,CoreML (CPU_ONLY),828,0.0003263750000002119
exec,CoreML (CPU_ONLY),829,0.00011929199999904938
vm,CoreML (CPU_ONLY),829,0.0002942920000004179
exec,CoreML (CPU_ONLY),830,0.00012445900000024324
vm,CoreML (CPU_ONLY),830,0.0002943750000001799
exec,CoreML (CPU_ONLY),831,0.00010133400000000847
vm,CoreML (CPU_ONLY),831,0.0002751249999999317
exec,CoreML (CPU_ONLY),832,9.95409999990926e-05
vm,CoreML (CPU_ONLY),832,0.00026258400000056525
exec,CoreML (CPU_ONLY),833,0.00010437500000115563
vm,CoreML (CPU_ONLY),833,0.0002424999999997013
exec,CoreML (CPU_ONLY),834,0.00010108300000055692
vm,CoreML (CPU_ONLY),834,0.00023324999999996265
exec,CoreML (CPU_ONLY),835,0.00024812500000059856
vm,CoreML (CPU_ONLY),835,0.0002212080000001393
exec,CoreML (CPU_ONLY),836,0.0002476250000000846
vm,CoreML (CPU_ONLY),836,0.00023274999999944868
exec,CoreML (CPU_ONLY),837,0.00017595900000166864
vm,CoreML (CPU_ONLY),837,0.00025591600000041126
exec,CoreML (CPU_ONLY),838,0.00012962500000135435
vm,CoreML (CPU_ONLY),838,0.000226791000000226
exec,CoreML (CPU_ONLY),839,0.00010162500000099328
vm,CoreML (CPU_ONLY),839,0.0002314999999999401
exec,CoreML (CPU_ONLY),840,0.0001005420000002033
vm,CoreML (CPU_ONLY),840,0.00022974999999991752
exec,CoreML (CPU_ONLY),841,0.00010437500000115563
vm,CoreML (CPU_ONLY),841,0.0002394589999994423
exec,CoreML (CPU_ONLY),842,0.0001014169999997705
vm,CoreML (CPU_ONLY),842,0.00023487499999941264
exec,CoreML (CPU_ONLY),843,0.0001194160000004274
vm,CoreML (CPU_ONLY),843,0.00022825000000015194
exec,CoreML (CPU_ONLY),844,0.0001009589999991789
vm,CoreML (CPU_ONLY),844,0.0002289589999993069
exec,CoreML (CPU_ONLY),845,9.925000000166051e-05
vm,CoreML (CPU_ONLY),845,0.00022295799999927368
exec,CoreML (CPU_ONLY),846,0.00010416699999993284
vm,CoreML (CPU_ONLY),846,0.00023545900000065956
exec,CoreML (CPU_ONLY),847,0.00012079200000059132
vm,CoreML (CPU_ONLY),847,0.00024129200000011508
exec,CoreML (CPU_ONLY),848,0.00010362500000127284
vm,CoreML (CPU_ONLY),848,0.0002410000000008239
exec,CoreML (CPU_ONLY),849,0.00010254200000048286
vm,CoreML (CPU_ONLY),849,0.00023129199999960548
exec,CoreML (CPU_ONLY),850,0.0001010839999988633
vm,CoreML (CPU_ONLY),850,0.00022470800000018443
exec,CoreML (CPU_ONLY),851,0.00018908400000050563
vm,CoreML (CPU_ONLY),851,0.00025041699999928113
exec,CoreML (CPU_ONLY),852,0.00012270799999924975
vm,CoreML (CPU_ONLY),852,0.00024900000000016576
exec,CoreML (CPU_ONLY),853,0.00011729100000046344
vm,CoreML (CPU_ONLY),853,0.0002313749999993675
exec,CoreML (CPU_ONLY),854,0.0001134999999994335
vm,CoreML (CPU_ONLY),854,0.00025904199999970956
exec,CoreML (CPU_ONLY),855,0.00011491699999943705
vm,CoreML (CPU_ONLY),855,0.00022595899999977576
exec,CoreML (CPU_ONLY),856,0.00011100000000041632
vm,CoreML (CPU_ONLY),856,0.00026037499999986835
exec,CoreML (CPU_ONLY),857,0.00011504200000089781
vm,CoreML (CPU_ONLY),857,0.00023670900000016815
exec,CoreML (CPU_ONLY),858,0.00011179100000013875
vm,CoreML (CPU_ONLY),858,0.00023429200000002481
exec,CoreML (CPU_ONLY),859,0.00011608299999998906
vm,CoreML (CPU_ONLY),859,0.00023566700000010599
exec,CoreML (CPU_ONLY),860,0.00011054199999982472
vm,CoreML (CPU_ONLY),860,0.00023620799999957143
exec,CoreML (CPU_ONLY),861,0.00011741700000023059
vm,CoreML (CPU_ONLY),861,0.0002473749999998276
exec,CoreML (CPU_ONLY),862,0.00012470800000130566
vm,CoreML (CPU_ONLY),862,0.0002409999999999357
exec,CoreML (CPU_ONLY),863,0.00010175000000067769
vm,CoreML (CPU_ONLY),863,0.0002447910000000775
exec,CoreML (CPU_ONLY),864,9.704200000015817e-05
vm,CoreML (CPU_ONLY),864,0.0002310830000000763
exec,CoreML (CPU_ONLY),865,0.00010487499999989325
vm,CoreML (CPU_ONLY),865,0.00024633299999976543
exec,CoreML (CPU_ONLY),866,9.658399999956657e-05
vm,CoreML (CPU_ONLY),866,0.0002395840000000149
exec,CoreML (CPU_ONLY),867,0.00010358300000135046
vm,CoreML (CPU_ONLY),867,0.00021816699999988032
exec,CoreML (CPU_ONLY),868,0.00011479199999975265
vm,CoreML (CPU_ONLY),868,0.00025241599999947795
exec,CoreML (CPU_ONLY),869,0.0001337499999998215
vm,CoreML (CPU_ONLY),869,0.00023700000000026478
exec,CoreML (CPU_ONLY),870,0.0001035829999995741
vm,CoreML (CPU_ONLY),870,0.0002367080000000854
exec,CoreML (CPU_ONLY),871,9.741700000098774e-05
vm,CoreML (CPU_ONLY),871,0.0002325829999998419
exec,CoreML (CPU_ONLY),872,0.00012191600000122094
vm,CoreML (CPU_ONLY),872,0.00023304200000051623
exec,CoreML (CPU_ONLY),873,0.00012212499999897375
vm,CoreML (CPU_ONLY),873,0.00023333299999972468
exec,CoreML (CPU_ONLY),874,0.0001336670000000595
vm,CoreML (CPU_ONLY),874,0.00025549999999974204
exec,CoreML (CPU_ONLY),875,0.00010466600000036408
vm,CoreML (CPU_ONLY),875,0.00023329199999988504
exec,CoreML (CPU_ONLY),876,9.900000000051534e-05
vm,CoreML (CPU_ONLY),876,0.00022829200000007432
exec,CoreML (CPU_ONLY),877,9.912500000019975e-05
vm,CoreML (CPU_ONLY),877,0.0002356250000001836
exec,CoreML (CPU_ONLY),878,9.745899999913377e-05
vm,CoreML (CPU_ONLY),878,0.00022970799999999514
exec,CoreML (CPU_ONLY),879,0.00010004199999968932
vm,CoreML (CPU_ONLY),879,0.00022954100000038835
exec,CoreML (CPU_ONLY),880,0.00010279099999976893
vm,CoreML (CPU_ONLY),880,0.0002280409999997346
exec,CoreML (CPU_ONLY),881,0.0001020000000000465
vm,CoreML (CPU_ONLY),881,0.00021204200000024542
exec,CoreML (CPU_ONLY),882,9.945800000110694e-05
vm,CoreML (CPU_ONLY),882,0.00026033299999994597
exec,CoreML (CPU_ONLY),883,0.00010387500000064165
vm,CoreML (CPU_ONLY),883,0.0002644590000002722
exec,CoreML (CPU_ONLY),884,9.387500000102023e-05
vm,CoreML (CPU_ONLY),884,0.00022274999999982725
exec,CoreML (CPU_ONLY),885,0.00010429100000131086
vm,CoreML (CPU_ONLY),885,0.00023304100000043348
exec,CoreML (CPU_ONLY),886,0.00010354199999973446
vm,CoreML (CPU_ONLY),886,0.00027075000000031935
exec,CoreML (CPU_ONLY),887,0.00010516699999918444
vm,CoreML (CPU_ONLY),887,0.00023466599999988347
exec,CoreML (CPU_ONLY),888,0.0001254579999994121
vm,CoreML (CPU_ONLY),888,0.00026304200000026867
exec,CoreML (CPU_ONLY),889,0.00010154099999937216
vm,CoreML (CPU_ONLY),889,0.00025524999999948506
exec,CoreML (CPU_ONLY),890,0.00010320799999874453
vm,CoreML (CPU_ONLY),890,0.0002708340000001641
exec,CoreML (CPU_ONLY),891,0.0001337919999997439
vm,CoreML (CPU_ONLY),891,0.00022991600000032975
exec,CoreML (CPU_ONLY),892,0.00010045900000044128
vm,CoreML (CPU_ONLY),892,0.00024058400000015467
exec,CoreML (CPU_ONLY),893,0.00010187499999858574
vm,CoreML (CPU_ONLY),893,0.0002501659999998296
exec,CoreML (CPU_ONLY),894,0.00010045900000044128
vm,CoreML (CPU_ONLY),894,0.00022720800000008978
exec,CoreML (CPU_ONLY),895,0.00010274999999992929
vm,CoreML (CPU_ONLY),895,0.00021654200000043033
exec,CoreML (CPU_ONLY),896,0.0001048340000000536
vm,CoreML (CPU_ONLY),896,0.00025262500000078347
exec,CoreML (CPU_ONLY),897,0.00012541699999957245
vm,CoreML (CPU_ONLY),897,0.00023645799999982842
exec,CoreML (CPU_ONLY),898,0.0001004170000005189
vm,CoreML (CPU_ONLY),898,0.00020745800000021575
exec,CoreML (CPU_ONLY),899,9.199999999864872e-05
vm,CoreML (CPU_ONLY),899,0.0002796250000001166
exec,CoreML (CPU_ONLY),900,9.958299999901499e-05
vm,CoreML (CPU_ONLY),900,0.00024462500000055343
exec,CoreML (CPU_ONLY),901,0.0001870420000003037
vm,CoreML (CPU_ONLY),901,0.00026025000000018395
exec,CoreML (CPU_ONLY),902,0.00010970900000017991
vm,CoreML (CPU_ONLY),902,0.00020966700000002447
exec,CoreML (CPU_ONLY),903,0.00011545800000156703
vm,CoreML (CPU_ONLY),903,0.00030091700000056676
exec,CoreML (CPU_ONLY),904,0.00011808400000035135
vm,CoreML (CPU_ONLY),904,0.0003112089999994794
exec,CoreML (CPU_ONLY),905,0.00011299999999891952
vm,CoreML (CPU_ONLY),905,0.00031808399999988524
exec,CoreML (CPU_ONLY),906,0.00010774999999974
vm,CoreML (CPU_ONLY),906,0.00028579199999967386
exec,CoreML (CPU_ONLY),907,0.00010649999999934323
vm,CoreML (CPU_ONLY),907,0.0003553749999998246
exec,CoreML (CPU_ONLY),908,0.0001107909999991108
vm,CoreML (CPU_ONLY),908,0.00026595800000084324
exec,CoreML (CPU_ONLY),909,0.00011195799999974554
vm,CoreML (CPU_ONLY),909,0.00036991600000035874
exec,CoreML (CPU_ONLY),910,0.00011304200000061826
vm,CoreML (CPU_ONLY),910,0.000267499999999643
exec,CoreML (CPU_ONLY),911,0.0001093329999992676
vm,CoreML (CPU_ONLY),911,0.00024337500000015666
exec,CoreML (CPU_ONLY),912,0.00011604100000006667
vm,CoreML (CPU_ONLY),912,0.00022508299999923764
exec,CoreML (CPU_ONLY),913,0.00010620800000005204
vm,CoreML (CPU_ONLY),913,0.00021858299999966135
exec,CoreML (CPU_ONLY),914,9.800000000126374e-05
vm,CoreML (CPU_ONLY),914,0.0002885419999998362
exec,CoreML (CPU_ONLY),915,0.00010008299999952897
vm,CoreML (CPU_ONLY),915,0.00024929199999945695
exec,CoreML (CPU_ONLY),916,0.00010262500000024488
vm,CoreML (CPU_ONLY),916,0.0002367080000000854
exec,CoreML (CPU_ONLY),917,0.00010541600000024687
vm,CoreML (CPU_ONLY),917,0.00028770800000010865
exec,CoreML (CPU_ONLY),918,0.00010187500000036209
vm,CoreML (CPU_ONLY),918,0.00021054099999950893
exec,CoreML (CPU_ONLY),919,0.00010691700000009519
vm,CoreML (CPU_ONLY),919,0.00023870800000036496
exec,CoreML (CPU_ONLY),920,0.00010441700000107801
vm,CoreML (CPU_ONLY),920,0.000235749999999868
exec,CoreML (CPU_ONLY),921,0.00010375000000095724
vm,CoreML (CPU_ONLY),921,0.00026666599999991547
exec,CoreML (CPU_ONLY),922,0.00010658299999910525
vm,CoreML (CPU_ONLY),922,0.0002476250000000846
exec,CoreML (CPU_ONLY),923,0.0001034579999998897
vm,CoreML (CPU_ONLY),923,0.00023616699999973179
exec,CoreML (CPU_ONLY),924,9.20830000001871e-05
vm,CoreML (CPU_ONLY),924,0.00027037500000037795
exec,CoreML (CPU_ONLY),925,0.00010029100000075175
vm,CoreML (CPU_ONLY),925,0.0002474580000004778
exec,CoreML (CPU_ONLY),926,0.00012120899999956691
vm,CoreML (CPU_ONLY),926,0.00023375000000047663
exec,CoreML (CPU_ONLY),927,0.00024816599999866185
vm,CoreML (CPU_ONLY),927,0.0002507909999991398
exec,CoreML (CPU_ONLY),928,0.00024304200000102583
vm,CoreML (CPU_ONLY),928,0.00021187500000063864
exec,CoreML (CPU_ONLY),929,0.00015887500000033583
vm,CoreML (CPU_ONLY),929,0.0002589159999999424
exec,CoreML (CPU_ONLY),930,0.0001282919999994192
vm,CoreML (CPU_ONLY),930,0.0002392090000000735
exec,CoreML (CPU_ONLY),931,9.995799999984456e-05
vm,CoreML (CPU_ONLY),931,0.000228415999999676
exec,CoreML (CPU_ONLY),932,9.316699999928346e-05
vm,CoreML (CPU_ONLY),932,0.000256000000000256
exec,CoreML (CPU_ONLY),933,9.962499999893737e-05
vm,CoreML (CPU_ONLY),933,0.00024362500000041365
exec,CoreML (CPU_ONLY),934,0.00010091600000095013
vm,CoreML (CPU_ONLY),934,0.0002274590000004295
exec,CoreML (CPU_ONLY),935,0.00010400000000032605
vm,CoreML (CPU_ONLY),935,0.00022754200000019154
exec,CoreML (CPU_ONLY),936,9.570899999999938e-05
vm,CoreML (CPU_ONLY),936,0.0002764160000001681
exec,CoreML (CPU_ONLY),937,9.912500000019975e-05
vm,CoreML (CPU_ONLY),937,0.00025220900000011426
exec,CoreML (CPU_ONLY),938,0.0001004170000005189
vm,CoreML (CPU_ONLY),938,0.0002183339999994871
exec,CoreML (CPU_ONLY),939,0.00010320800000052088
vm,CoreML (CPU_ONLY),939,0.00023345899999949182
exec,CoreML (CPU_ONLY),940,9.391699999916625e-05
vm,CoreML (CPU_ONLY),940,0.0002107910000006541
exec,CoreML (CPU_ONLY),941,0.00010137499999984811
vm,CoreML (CPU_ONLY),941,0.0002654579999994411
exec,CoreML (CPU_ONLY),942,0.00010016700000115009
vm,CoreML (CPU_ONLY),942,0.00029650000000014387
exec,CoreML (CPU_ONLY),943,9.245799999924031e-05
vm,CoreML (CPU_ONLY),943,0.00027608300000014907
exec,CoreML (CPU_ONLY),944,9.80840000011085e-05
vm,CoreML (CPU_ONLY),944,0.0002568339999999836
exec,CoreML (CPU_ONLY),945,0.00010679200000041078
vm,CoreML (CPU_ONLY),945,0.00025145800000014873
exec,CoreML (CPU_ONLY),946,0.00010258399999862888
vm,CoreML (CPU_ONLY),946,0.00022199999999994446
exec,CoreML (CPU_ONLY),947,0.00010512499999926206
vm,CoreML (CPU_ONLY),947,0.0002404589999995821
exec,CoreML (CPU_ONLY),948,0.00010520900000088318
vm,CoreML (CPU_ONLY),948,0.00022279199999974963
exec,CoreML (CPU_ONLY),949,0.0001045829999988257
vm,CoreML (CPU_ONLY),949,0.00024941700000002953
exec,CoreML (CPU_ONLY),950,0.00010683300000025042
vm,CoreML (CPU_ONLY),950,0.00023412500000041803
exec,CoreML (CPU_ONLY),951,0.00019050000000042644
vm,CoreML (CPU_ONLY),951,0.00026487500000005326
exec,CoreML (CPU_ONLY),952,0.00011225000000081309
vm,CoreML (CPU_ONLY),952,0.0002595410000001408
exec,CoreML (CPU_ONLY),953,0.00011662499999864906
vm,CoreML (CPU_ONLY),953,0.00025037500000024693
exec,CoreML (CPU_ONLY),954,0.00012066699999913055
vm,CoreML (CPU_ONLY),954,0.00022579100000008623
exec,CoreML (CPU_ONLY),955,0.00011841599999939945
vm,CoreML (CPU_ONLY),955,0.0002563750000001974
exec,CoreML (CPU_ONLY),956,0.00011745900000015297
vm,CoreML (CPU_ONLY),956,0.00023274999999944868
exec,CoreML (CPU_ONLY),957,0.000106625000000804
vm,CoreML (CPU_ONLY),957,0.0002455000000001206
exec,CoreML (CPU_ONLY),958,0.00010791699999934679
vm,CoreML (CPU_ONLY),958,0.00021233299999945388
exec,CoreML (CPU_ONLY),959,0.00011220799999911435
vm,CoreML (CPU_ONLY),959,0.00027929100000001483
exec,CoreML (CPU_ONLY),960,0.00011375000000057867
vm,CoreML (CPU_ONLY),960,0.00024641600000041564
exec,CoreML (CPU_ONLY),961,0.0001157920000007806
vm,CoreML (CPU_ONLY),961,0.0002596660000007134
exec,CoreML (CPU_ONLY),962,0.0001093340000011267
vm,CoreML (CPU_ONLY),962,0.0002151249999995386
exec,CoreML (CPU_ONLY),963,0.00011508300000073746
vm,CoreML (CPU_ONLY),963,0.0002114159999999643
exec,CoreML (CPU_ONLY),964,0.00012916700000076276
vm,CoreML (CPU_ONLY),964,0.0002730839999998125
exec,CoreML (CPU_ONLY),965,0.00010895900000029712
vm,CoreML (CPU_ONLY),965,0.00022933300000005374
exec,CoreML (CPU_ONLY),966,0.00010750000000037119
vm,CoreML (CPU_ONLY),966,0.00027637500000032844
exec,CoreML (CPU_ONLY),967,0.00010541700000032961
vm,CoreML (CPU_ONLY),967,0.00023654100000047862
exec,CoreML (CPU_ONLY),968,0.00010812500000056957
vm,CoreML (CPU_ONLY),968,0.00022287500000039984
exec,CoreML (CPU_ONLY),969,0.00010295799999937572
vm,CoreML (CPU_ONLY),969,0.00027658299999977487
exec,CoreML (CPU_ONLY),970,0.00010224999999941531
vm,CoreML (CPU_ONLY),970,0.00021637499999993537
exec,CoreML (CPU_ONLY),971,0.00010300000000107445
vm,CoreML (CPU_ONLY),971,0.00025366699999995745
exec,CoreML (CPU_ONLY),972,0.00010849999999962279
vm,CoreML (CPU_ONLY),972,0.00025670800000021643
exec,CoreML (CPU_ONLY),973,0.00011020900000069389
vm,CoreML (CPU_ONLY),973,0.00021108400000002803
exec,CoreML (CPU_ONLY),974,0.00010441699999930165
vm,CoreML (CPU_ONLY),974,0.00026016699999953374
exec,CoreML (CPU_ONLY),975,0.00010287499999961369
vm,CoreML (CPU_ONLY),975,0.00022958299999942255
exec,CoreML (CPU_ONLY),976,0.0001058750000009212
vm,CoreML (CPU_ONLY),976,0.0002337089999997488
exec,CoreML (CPU_ONLY),977,0.00010366599999933612
vm,CoreML (CPU_ONLY),977,0.0002294169999998985
exec,CoreML (CPU_ONLY),978,0.00010208299999980852
vm,CoreML (CPU_ONLY),978,0.00024574999999948943
exec,CoreML (CPU_ONLY),979,0.0001014169999997705
vm,CoreML (CPU_ONLY),979,0.00022483400000083975
exec,CoreML (CPU_ONLY),980,0.00011808400000035135
vm,CoreML (CPU_ONLY),980,0.00024049999999942173
exec,CoreML (CPU_ONLY),981,0.0001014580000013865
vm,CoreML (CPU_ONLY),981,0.00024141699999979949
exec,CoreML (CPU_ONLY),982,0.00010108299999878056
vm,CoreML (CPU_ONLY),982,0.0002287089999999381
exec,CoreML (CPU_ONLY),983,0.00010120800000024133
vm,CoreML (CPU_ONLY),983,0.0002417499999998185
exec,CoreML (CPU_ONLY),984,9.999999999976694e-05
vm,CoreML (CPU_ONLY),984,0.00024570799999956705
exec,CoreML (CPU_ONLY),985,9.937500000134492e-05
vm,CoreML (CPU_ONLY),985,0.0002402919999999753
exec,CoreML (CPU_ONLY),986,0.00010004200000146568
vm,CoreML (CPU_ONLY),986,0.0002242919999995152
exec,CoreML (CPU_ONLY),987,9.295799999975429e-05
vm,CoreML (CPU_ONLY),987,0.00022541600000014483
exec,CoreML (CPU_ONLY),988,0.00010158399999937728
vm,CoreML (CPU_ONLY),988,0.000245209000000024
exec,CoreML (CPU_ONLY),989,0.00010791699999934679
vm,CoreML (CPU_ONLY),989,0.0002827920000001427
exec,CoreML (CPU_ONLY),990,0.00010475000000020884
vm,CoreML (CPU_ONLY),990,0.00025245900000037125
exec,CoreML (CPU_ONLY),991,0.00012245899999996368
vm,CoreML (CPU_ONLY),991,0.00023379100000031627
exec,CoreML (CPU_ONLY),992,0.00013712500000018224
vm,CoreML (CPU_ONLY),992,0.00022783399999948273
exec,CoreML (CPU_ONLY),993,0.00010708399999970197
vm,CoreML (CPU_ONLY),993,0.00025841700000039936
exec,CoreML (CPU_ONLY),994,9.645799999979943e-05
vm,CoreML (CPU_ONLY),994,0.0002401670000002909
exec,CoreML (CPU_ONLY),995,9.879099999920982e-05
vm,CoreML (CPU_ONLY),995,0.00021645800000058557
exec,CoreML (CPU_ONLY),996,0.0001009589999991789
vm,CoreML (CPU_ONLY),996,0.00025608300000001805
exec,CoreML (CPU_ONLY),997,0.0001160840000000718
vm,CoreML (CPU_ONLY),997,0.00023974999999953894
exec,CoreML (CPU_ONLY),998,0.00010741700000060916
vm,CoreML (CPU_ONLY),998,0.00025462500000017485
exec,CoreML (CPU_ONLY),999,0.00010820900000041433
vm,CoreML (CPU_ONLY),999,0.00024787500000034157
exec,CoreML (CPU_ONLY),1000,0.00010475000000020884
vm,CoreML (CPU_ONLY),1000,0.0002942919999995297
exec,GPU (MLX),1,0.042468167
vm,GPU (MLX),1,0.042504333000000005
exec,GPU (MLX),2,0.042258125000000035
vm,GPU (MLX),2,0.04255466600000002
exec,GPU (MLX),3,0.042448041999999964
vm,GPU (MLX),3,0.04259533300000007
exec,GPU (MLX),4,0.04213241700000003
vm,GPU (MLX),4,0.04258841600000007
exec,GPU (MLX),5,0.042466915999999966
vm,GPU (MLX),5,0.04348287499999992
exec,GPU (MLX),6,0.04217237500000004
vm,GPU (MLX),6,0.04278104100000002
exec,GPU (MLX),7,0.04248537500000005
vm,GPU (MLX),7,0.042668583999999954
exec,GPU (MLX),8,0.04217137500000012
vm,GPU (MLX),8,0.042749458999999934
exec,GPU (MLX),9,0.04248287500000014
vm,GPU (MLX),9,0.04265037500000002
exec,GPU (MLX),10,0.04217208399999994
vm,GPU (MLX),10,0.04279829099999999
exec,GPU (MLX),11,0.0424770000000001
vm,GPU (MLX),11,0.04268583299999995
exec,GPU (MLX),12,0.04216308400000002
vm,GPU (MLX),12,0.04278695899999985
exec,GPU (MLX),13,0.04253775000000015
vm,GPU (MLX),13,0.042696832999999934
exec,GPU (MLX),14,0.04217362499999999
vm,GPU (MLX),14,0.04288995799999995
exec,GPU (MLX),15,0.04253429200000003
vm,GPU (MLX),15,0.04282216699999997
exec,GPU (MLX),16,0.04217220900000007
vm,GPU (MLX),16,0.043087833000000186
exec,GPU (MLX),17,0.04267712499999998
vm,GPU (MLX),17,0.04329337499999997
exec,GPU (MLX),18,0.04233733399999995
vm,GPU (MLX),18,0.04306658299999988
exec,GPU (MLX),19,0.042597499999999844
vm,GPU (MLX),19,0.04308687499999997
exec,GPU (MLX),20,0.04226879100000014
vm,GPU (MLX),20,0.04315629199999993
exec,GPU (MLX),21,0.04261524999999988
vm,GPU (MLX),21,0.04315970799999991
exec,GPU (MLX),22,0.04223729200000004
vm,GPU (MLX),22,0.04322520799999996
exec,GPU (MLX),23,0.04259879199999994
vm,GPU (MLX),23,0.04334041700000002
exec,GPU (MLX),24,0.04226145899999989
vm,GPU (MLX),24,0.04336641600000024
exec,GPU (MLX),25,0.04259550000000001
vm,GPU (MLX),25,0.04318262500000003
exec,GPU (MLX),26,0.04227837499999998
vm,GPU (MLX),26,0.04334016700000021
exec,GPU (MLX),27,0.042613583000000066
vm,GPU (MLX),27,0.043244083999999905
exec,GPU (MLX),28,0.04226466699999998
vm,GPU (MLX),28,0.04343408400000026
exec,GPU (MLX),29,0.04259612500000021
vm,GPU (MLX),29,0.04323445800000014
exec,GPU (MLX),30,0.04225616600000004
vm,GPU (MLX),30,0.04353687500000003
exec,GPU (MLX),31,0.04260741700000015
vm,GPU (MLX),31,0.044046417000000115
exec,GPU (MLX),32,0.04230920799999982
vm,GPU (MLX),32,0.04312787500000015
exec,GPU (MLX),33,0.04254891599999988
vm,GPU (MLX),33,0.04369458299999973
exec,GPU (MLX),34,0.042261624999999636
vm,GPU (MLX),34,0.044547167000000165
exec,GPU (MLX),35,0.04270662500000011
vm,GPU (MLX),35,0.04363399999999995
exec,GPU (MLX),36,0.04227620799999965
vm,GPU (MLX),36,0.043118832999999857
exec,GPU (MLX),37,0.04264679199999977
vm,GPU (MLX),37,0.043856332999999914
exec,GPU (MLX),38,0.042325125000000074
vm,GPU (MLX),38,0.04442129099999992
exec,GPU (MLX),39,0.04261245800000024
vm,GPU (MLX),39,0.043395416000000075
exec,GPU (MLX),40,0.04227820799999993
vm,GPU (MLX),40,0.043730084000000335
exec,GPU (MLX),41,0.04275366699999994
vm,GPU (MLX),41,0.04371849999999977
exec,GPU (MLX),42,0.042309583000000206
vm,GPU (MLX),42,0.04352845800000038
exec,GPU (MLX),43,0.042690374999999836
vm,GPU (MLX),43,0.04356366699999992
exec,GPU (MLX),44,0.04232933400000016
vm,GPU (MLX),44,0.04354324999999992
exec,GPU (MLX),45,0.04274425000000015
vm,GPU (MLX),45,0.04366662500000018
exec,GPU (MLX),46,0.04230045800000015
vm,GPU (MLX),46,0.04356150000000003
exec,GPU (MLX),47,0.04266083399999987
vm,GPU (MLX),47,0.0435206250000002
exec,GPU (MLX),48,0.04230520800000015
vm,GPU (MLX),48,0.04364541700000002
exec,GPU (MLX),49,0.04267683300000025
vm,GPU (MLX),49,0.04366312499999969
exec,GPU (MLX),50,0.04231870900000034
vm,GPU (MLX),50,0.04436966699999978
exec,GPU (MLX),51,0.04266620799999998
vm,GPU (MLX),51,0.04258416700000023
exec,GPU (MLX),52,0.042374375000000075
vm,GPU (MLX),52,0.04268183300000006
exec,GPU (MLX),53,0.04269645799999999
vm,GPU (MLX),53,0.04266029199999988
exec,GPU (MLX),54,0.042320167000000186
vm,GPU (MLX),54,0.043220874999999825
exec,GPU (MLX),55,0.04272037500000003
vm,GPU (MLX),55,0.042978457999999886
exec,GPU (MLX),56,0.04235624999999965
vm,GPU (MLX),56,0.043169833000000324
exec,GPU (MLX),57,0.042690792000000144
vm,GPU (MLX),57,0.042584749999999616
exec,GPU (MLX),58,0.04235212499999985
vm,GPU (MLX),58,0.042667542000000225
exec,GPU (MLX),59,0.0431704160000006
vm,GPU (MLX),59,0.0426079580000005
exec,GPU (MLX),60,0.04246179200000011
vm,GPU (MLX),60,0.04263258299999961
exec,GPU (MLX),61,0.042816917000000565
vm,GPU (MLX),61,0.042572125000000405
exec,GPU (MLX),62,0.0423539169999998
vm,GPU (MLX),62,0.04267662500000036
exec,GPU (MLX),63,0.04273424999999964
vm,GPU (MLX),63,0.04262320800000019
exec,GPU (MLX),64,0.04236150000000016
vm,GPU (MLX),64,0.04356020799999971
exec,GPU (MLX),65,0.04272487500000022
vm,GPU (MLX),65,0.04284095900000029
exec,GPU (MLX),66,0.04237641699999983
vm,GPU (MLX),66,0.04354612499999977
exec,GPU (MLX),67,0.04272579199999971
vm,GPU (MLX),67,0.04288358300000006
exec,GPU (MLX),68,0.042338250000000244
vm,GPU (MLX),68,0.042696875000000745
exec,GPU (MLX),69,0.04271987500000041
vm,GPU (MLX),69,0.04274233299999963
exec,GPU (MLX),70,0.042408749999999884
vm,GPU (MLX),70,0.042900165999999906
exec,GPU (MLX),71,0.042726041999999964
vm,GPU (MLX),71,0.04279879100000006
exec,GPU (MLX),72,0.04237700000000011
vm,GPU (MLX),72,0.04366249999999994
exec,GPU (MLX),73,0.04276750000000007
vm,GPU (MLX),73,0.04316329099999994
exec,GPU (MLX),74,0.04238499999999945
vm,GPU (MLX),74,0.04304379199999975
exec,GPU (MLX),75,0.04273262500000019
vm,GPU (MLX),75,0.042891709000000056
exec,GPU (MLX),76,0.0424239170000007
vm,GPU (MLX),76,0.0429245000000007
exec,GPU (MLX),77,0.04275658300000007
vm,GPU (MLX),77,0.04293649999999971
exec,GPU (MLX),78,0.04234937499999969
vm,GPU (MLX),78,0.04293049999999976
exec,GPU (MLX),79,0.042768999999999835
vm,GPU (MLX),79,0.04309762500000058
exec,GPU (MLX),80,0.04254129200000012
vm,GPU (MLX),80,0.043040666999999644
exec,GPU (MLX),81,0.04272395800000073
vm,GPU (MLX),81,0.043039124999999956
exec,GPU (MLX),82,0.04239775000000012
vm,GPU (MLX),82,0.04412262499999997
exec,GPU (MLX),83,0.042765000000000164
vm,GPU (MLX),83,0.043935207999999726
exec,GPU (MLX),84,0.04241287500000013
vm,GPU (MLX),84,0.04360045800000023
exec,GPU (MLX),85,0.042782666999999996
vm,GPU (MLX),85,0.04311629100000047
exec,GPU (MLX),86,0.04243895799999997
vm,GPU (MLX),86,0.04319566699999999
exec,GPU (MLX),87,0.04278166699999986
vm,GPU (MLX),87,0.04344812500000028
exec,GPU (MLX),88,0.04240600000000061
vm,GPU (MLX),88,0.04378720899999955
exec,GPU (MLX),89,0.04284429199999984
vm,GPU (MLX),89,0.043640791999999706
exec,GPU (MLX),90,0.04239279100000015
vm,GPU (MLX),90,0.04425354199999987
exec,GPU (MLX),91,0.0427851669999999
vm,GPU (MLX),91,0.04316508299999988
exec,GPU (MLX),92,0.04237995900000069
vm,GPU (MLX),92,0.04337362500000008
exec,GPU (MLX),93,0.04275224999999949
vm,GPU (MLX),93,0.043170791999999736
exec,GPU (MLX),94,0.04241070800000024
vm,GPU (MLX),94,0.043270708000000546
exec,GPU (MLX),95,0.04272316700000012
vm,GPU (MLX),95,0.043227667000000025
exec,GPU (MLX),96,0.04239999999999977
vm,GPU (MLX),96,0.043304250000000266
exec,GPU (MLX),97,0.042765667000000285
vm,GPU (MLX),97,0.04336329200000044
exec,GPU (MLX),98,0.0424343330000001
vm,GPU (MLX),98,0.04329070800000068
exec,GPU (MLX),99,0.04276116600000002
vm,GPU (MLX),99,0.04348924999999948
exec,GPU (MLX),100,0.04249704099999985
vm,GPU (MLX),100,0.043405625000000114
exec,GPU (MLX),101,0.042762458000000336
vm,GPU (MLX),101,0.04354662500000028
exec,GPU (MLX),102,0.04240099999999991
vm,GPU (MLX),102,0.043406583999999526
exec,GPU (MLX),103,0.042753042000000185
vm,GPU (MLX),103,0.04329554199999919
exec,GPU (MLX),104,0.042389083999999855
vm,GPU (MLX),104,0.04332624999999979
exec,GPU (MLX),105,0.042817874999999894
vm,GPU (MLX),105,0.0437969159999998
exec,GPU (MLX),106,0.04240304100000003
vm,GPU (MLX),106,0.04328312499999942
exec,GPU (MLX),107,0.04280237499999995
vm,GPU (MLX),107,0.04348758300000011
exec,GPU (MLX),108,0.04243158400000002
vm,GPU (MLX),108,0.04332729199999985
exec,GPU (MLX),109,0.0427588339999998
vm,GPU (MLX),109,0.04315566599999965
exec,GPU (MLX),110,0.0423846250000004
vm,GPU (MLX),110,0.04312662499999931
exec,GPU (MLX),111,0.0427639580000001
vm,GPU (MLX),111,0.04319449999999936
exec,GPU (MLX),112,0.042444458000000296
vm,GPU (MLX),112,0.043287874999999865
exec,GPU (MLX),113,0.04276562500000036
vm,GPU (MLX),113,0.04327316600000053
exec,GPU (MLX),114,0.04241129199999971
vm,GPU (MLX),114,0.04334949999999971
exec,GPU (MLX),115,0.0427482079999999
vm,GPU (MLX),115,0.04330658299999968
exec,GPU (MLX),116,0.04241462500000015
vm,GPU (MLX),116,0.044117334000000064
exec,GPU (MLX),117,0.04276220800000008
vm,GPU (MLX),117,0.044200541999999565
exec,GPU (MLX),118,0.042398291000000476
vm,GPU (MLX),118,0.043533041999999966
exec,GPU (MLX),119,0.04281537499999999
vm,GPU (MLX),119,0.043367458000000525
exec,GPU (MLX),120,0.0424206250000001
vm,GPU (MLX),120,0.04337841699999956
exec,GPU (MLX),121,0.04272654200000048
vm,GPU (MLX),121,0.043473207999999985
exec,GPU (MLX),122,0.042393083999999526
vm,GPU (MLX),122,0.043499041999999655
exec,GPU (MLX),123,0.04299004200000045
vm,GPU (MLX),123,0.044266417000000224
exec,GPU (MLX),124,0.042402749999999934
vm,GPU (MLX),124,0.04359912500000007
exec,GPU (MLX),125,0.04278454099999962
vm,GPU (MLX),125,0.043417292000000884
exec,GPU (MLX),126,0.04242954200000071
vm,GPU (MLX),126,0.0433733329999999
exec,GPU (MLX),127,0.042761666999999726
vm,GPU (MLX),127,0.0437012499999998
exec,GPU (MLX),128,0.042404583000000606
vm,GPU (MLX),128,0.04340804199999937
exec,GPU (MLX),129,0.04274508399999988
vm,GPU (MLX),129,0.04342812500000015
exec,GPU (MLX),130,0.04239866699999961
vm,GPU (MLX),130,0.04334362500000033
exec,GPU (MLX),131,0.04276279099999947
vm,GPU (MLX),131,0.0433326669999996
exec,GPU (MLX),132,0.04241662499999954
vm,GPU (MLX),132,0.04373420800000005
exec,GPU (MLX),133,0.042759750000000096
vm,GPU (MLX),133,0.04377554100000047
exec,GPU (MLX),134,0.042404540999999796
vm,GPU (MLX),134,0.04321125000000059
exec,GPU (MLX),135,0.042759583999998796
vm,GPU (MLX),135,0.043292499999999734
exec,GPU (MLX),136,0.04239624999999947
vm,GPU (MLX),136,0.0431995839999999
exec,GPU (MLX),137,0.04279929199999977
vm,GPU (MLX),137,0.043097624999999695
exec,GPU (MLX),138,0.04238774999999961
vm,GPU (MLX),138,0.043350165999999746
exec,GPU (MLX),139,0.042742083000000264
vm,GPU (MLX),139,0.0434150829999993
exec,GPU (MLX),140,0.04244883299999991
vm,GPU (MLX),140,0.043987291999998845
exec,GPU (MLX),141,0.04276387499999856
vm,GPU (MLX),141,0.044458624999998975
exec,GPU (MLX),142,0.04239462500000002
vm,GPU (MLX),142,0.04434966700000054
exec,GPU (MLX),143,0.04277679099999965
vm,GPU (MLX),143,0.04335141600000014
exec,GPU (MLX),144,0.0424019169999994
vm,GPU (MLX),144,0.043350500000000736
exec,GPU (MLX),145,0.04291383400000015
vm,GPU (MLX),145,0.04423112500000137
exec,GPU (MLX),146,0.04240291699999865
vm,GPU (MLX),146,0.043260040999999916
exec,GPU (MLX),147,0.04277487499999921
vm,GPU (MLX),147,0.044059499999999474
exec,GPU (MLX),148,0.04240587500000004
vm,GPU (MLX),148,0.04383479200000018
exec,GPU (MLX),149,0.042767791000001054
vm,GPU (MLX),149,0.04336691700000017
exec,GPU (MLX),150,0.0423999170000009
vm,GPU (MLX),150,0.04463216699999961
exec,GPU (MLX),151,0.04278850000000034
vm,GPU (MLX),151,0.044425125000000065
exec,GPU (MLX),152,0.042400457999999475
vm,GPU (MLX),152,0.04376337499999927
exec,GPU (MLX),153,0.042763417000001525
vm,GPU (MLX),153,0.0435848330000006
exec,GPU (MLX),154,0.04240725000000012
vm,GPU (MLX),154,0.04329345800000084
exec,GPU (MLX),155,0.04275833300000009
vm,GPU (MLX),155,0.043265040999999727
exec,GPU (MLX),156,0.042388749999998865
vm,GPU (MLX),156,0.04349320900000109
exec,GPU (MLX),157,0.042752750000000006
vm,GPU (MLX),157,0.043372041999999666
exec,GPU (MLX),158,0.04241566600000013
vm,GPU (MLX),158,0.04324899999999943
exec,GPU (MLX),159,0.04280883300000049
vm,GPU (MLX),159,0.04321249999999921
exec,GPU (MLX),160,0.04240966599999929
vm,GPU (MLX),160,0.04325320800000121
exec,GPU (MLX),161,0.0427727080000011
vm,GPU (MLX),161,0.04323916699999941
exec,GPU (MLX),162,0.042382542000000356
vm,GPU (MLX),162,0.04341716600000112
exec,GPU (MLX),163,0.04276745900000023
vm,GPU (MLX),163,0.04332924999999932
exec,GPU (MLX),164,0.04242758300000027
vm,GPU (MLX),164,0.043250708000000415
exec,GPU (MLX),165,0.042811249999999745
vm,GPU (MLX),165,0.04324170900000013
exec,GPU (MLX),166,0.04239729100000034
vm,GPU (MLX),166,0.04346529200000049
exec,GPU (MLX),167,0.04274987500000016
vm,GPU (MLX),167,0.04345800000000111
exec,GPU (MLX),168,0.042405958000001576
vm,GPU (MLX),168,0.04416670799999878
exec,GPU (MLX),169,0.04275370899999942
vm,GPU (MLX),169,0.045229374999999905
exec,GPU (MLX),170,0.04240199999999916
vm,GPU (MLX),170,0.04335870899999961
exec,GPU (MLX),171,0.04277858300000048
vm,GPU (MLX),171,0.04318358299999936
exec,GPU (MLX),172,0.04241495800000017
vm,GPU (MLX),172,0.04333508300000055
exec,GPU (MLX),173,0.0427639580000001
vm,GPU (MLX),173,0.04429408299999871
exec,GPU (MLX),174,0.04239162499999871
vm,GPU (MLX),174,0.04368083399999989
exec,GPU (MLX),175,0.04276679200000011
vm,GPU (MLX),175,0.04438616699999898
exec,GPU (MLX),176,0.04250799999999977
vm,GPU (MLX),176,0.04372070799999861
exec,GPU (MLX),177,0.042796209000000474
vm,GPU (MLX),177,0.04381099999999982
exec,GPU (MLX),178,0.042425332999998844
vm,GPU (MLX),178,0.044835209000000376
exec,GPU (MLX),179,0.0427804579999993
vm,GPU (MLX),179,0.043229332999999315
exec,GPU (MLX),180,0.04241420900000037
vm,GPU (MLX),180,0.044506584000000515
exec,GPU (MLX),181,0.042746415999999954
vm,GPU (MLX),181,0.04393379200000069
exec,GPU (MLX),182,0.04242158399999951
vm,GPU (MLX),182,0.043427207999998885
exec,GPU (MLX),183,0.04277579200000048
vm,GPU (MLX),183,0.044017375000001024
exec,GPU (MLX),184,0.04274408399999885
vm,GPU (MLX),184,0.04412533300000021
exec,GPU (MLX),185,0.04274954200000103
vm,GPU (MLX),185,0.04469945800000019
exec,GPU (MLX),186,0.04243287500000115
vm,GPU (MLX),186,0.04449325000000037
exec,GPU (MLX),187,0.04275158300000115
vm,GPU (MLX),187,0.04346433399999938
exec,GPU (MLX),188,0.04240466699999956
vm,GPU (MLX),188,0.04339650000000006
exec,GPU (MLX),189,0.04275691700000017
vm,GPU (MLX),189,0.04360879200000056
exec,GPU (MLX),190,0.04240666599999976
vm,GPU (MLX),190,0.0437537920000004
exec,GPU (MLX),191,0.04276225000000089
vm,GPU (MLX),191,0.04386654099999987
exec,GPU (MLX),192,0.042374499999999315
vm,GPU (MLX),192,0.043874250000000004
exec,GPU (MLX),193,0.04285266599999993
vm,GPU (MLX),193,0.043478792000000155
exec,GPU (MLX),194,0.042419833000000295
vm,GPU (MLX),194,0.043583458999998825
exec,GPU (MLX),195,0.04278400000000104
vm,GPU (MLX),195,0.04363145800000012
exec,GPU (MLX),196,0.042417792000000176
vm,GPU (MLX),196,0.04370487499999953
exec,GPU (MLX),197,0.042775667000000794
vm,GPU (MLX),197,0.04328404099999972
exec,GPU (MLX),198,0.042402542000001375
vm,GPU (MLX),198,0.04371850000000066
exec,GPU (MLX),199,0.04278145900000041
vm,GPU (MLX),199,0.04332858399999928
exec,GPU (MLX),200,0.04247599999999885
vm,GPU (MLX),200,0.04357120799999947
exec,GPU (MLX),201,0.04275116700000048
vm,GPU (MLX),201,0.04392945800000092
exec,GPU (MLX),202,0.042411790999999255
vm,GPU (MLX),202,0.04412800000000061
exec,GPU (MLX),203,0.04275441600000107
vm,GPU (MLX),203,0.04416425000000146
exec,GPU (MLX),204,0.042410333999999494
vm,GPU (MLX),204,0.04368808299999927
exec,GPU (MLX),205,0.042786624999999745
vm,GPU (MLX),205,0.04382524999999937
exec,GPU (MLX),206,0.04241716699999998
vm,GPU (MLX),206,0.04411533299999881
exec,GPU (MLX),207,0.04278058300000076
vm,GPU (MLX),207,0.04373599999999911
exec,GPU (MLX),208,0.04239995800000074
vm,GPU (MLX),208,0.04417950000000026
exec,GPU (MLX),209,0.04274495800000011
vm,GPU (MLX),209,0.04386320800000121
exec,GPU (MLX),210,0.04240754099999933
vm,GPU (MLX),210,0.043737957999999466
exec,GPU (MLX),211,0.042804582999998786
vm,GPU (MLX),211,0.04334491699999887
exec,GPU (MLX),212,0.04240262499999936
vm,GPU (MLX),212,0.04368920799999998
exec,GPU (MLX),213,0.042885458000000654
vm,GPU (MLX),213,0.043444625000001125
exec,GPU (MLX),214,0.04240308299999995
vm,GPU (MLX),214,0.04350333300000031
exec,GPU (MLX),215,0.04276791700000082
vm,GPU (MLX),215,0.04343266699999937
exec,GPU (MLX),216,0.04238704199999965
vm,GPU (MLX),216,0.043463124999998826
exec,GPU (MLX),217,0.04273650000000018
vm,GPU (MLX),217,0.04346591699999891
exec,GPU (MLX),218,0.042417125000000055
vm,GPU (MLX),218,0.04362804199999992
exec,GPU (MLX),219,0.04274616599999881
vm,GPU (MLX),219,0.04421404200000012
exec,GPU (MLX),220,0.042664249999999626
vm,GPU (MLX),220,0.044177292000000534
exec,GPU (MLX),221,0.04275200000000012
vm,GPU (MLX),221,0.04375774999999926
exec,GPU (MLX),222,0.042401749999999794
vm,GPU (MLX),222,0.04351229200000084
exec,GPU (MLX),223,0.04277616699999953
vm,GPU (MLX),223,0.043418250000000214
exec,GPU (MLX),224,0.0423919589999997
vm,GPU (MLX),224,0.04383483300000002
exec,GPU (MLX),225,0.042912125000000856
vm,GPU (MLX),225,0.04377908399999875
exec,GPU (MLX),226,0.04277429200000071
vm,GPU (MLX),226,0.044131833000001564
exec,GPU (MLX),227,0.04291650000000047
vm,GPU (MLX),227,0.043920457999998774
exec,GPU (MLX),228,0.04241033299999941
vm,GPU (MLX),228,0.04395395799999946
exec,GPU (MLX),229,0.042862459000000186
vm,GPU (MLX),229,0.04425737500000082
exec,GPU (MLX),230,0.04270449999999926
vm,GPU (MLX),230,0.044170624999999575
exec,GPU (MLX),231,0.04285029200000068
vm,GPU (MLX),231,0.04422112499999997
exec,GPU (MLX),232,0.042418749999999505
vm,GPU (MLX),232,0.04422829199999967
exec,GPU (MLX),233,0.04276512500000074
vm,GPU (MLX),233,0.04426395799999838
exec,GPU (MLX),234,0.042414208000000286
vm,GPU (MLX),234,0.04440991699999941
exec,GPU (MLX),235,0.04282300000000028
vm,GPU (MLX),235,0.044621334000000346
exec,GPU (MLX),236,0.042508542000000205
vm,GPU (MLX),236,0.04539000000000115
exec,GPU (MLX),237,0.042761999999999745
vm,GPU (MLX),237,0.04430291699999955
exec,GPU (MLX),238,0.042406082999999484
vm,GPU (MLX),238,0.044232291000000146
exec,GPU (MLX),239,0.04276183300000014
vm,GPU (MLX),239,0.044069666000000396
exec,GPU (MLX),240,0.042411999999998784
vm,GPU (MLX),240,0.04435154100000105
exec,GPU (MLX),241,0.04275233400000111
vm,GPU (MLX),241,0.044299750000000415
exec,GPU (MLX),242,0.04241500000000009
vm,GPU (MLX),242,0.04450225000000074
exec,GPU (MLX),243,0.042851749999998745
vm,GPU (MLX),243,0.044089416999998576
exec,GPU (MLX),244,0.04241066599999854
vm,GPU (MLX),244,0.04431670900000029
exec,GPU (MLX),245,0.042742083000000264
vm,GPU (MLX),245,0.04410900000000062
exec,GPU (MLX),246,0.04245483300000075
vm,GPU (MLX),246,0.044224207999999265
exec,GPU (MLX),247,0.04279112500000082
vm,GPU (MLX),247,0.04410133300000041
exec,GPU (MLX),248,0.04240866700000012
vm,GPU (MLX),248,0.0445019999999996
exec,GPU (MLX),249,0.042792375000001215
vm,GPU (MLX),249,0.04455800000000032
exec,GPU (MLX),250,0.04242729200000106
vm,GPU (MLX),250,0.044721875000000466
exec,GPU (MLX),251,0.04278150000000025
vm,GPU (MLX),251,0.04286462499999999
exec,GPU (MLX),252,0.04242499999999971
vm,GPU (MLX),252,0.042891125000000585
exec,GPU (MLX),253,0.04279599999999917
vm,GPU (MLX),253,0.043016791999999526
exec,GPU (MLX),254,0.04253166700000044
vm,GPU (MLX),254,0.042661292000001794
exec,GPU (MLX),255,0.0427852090000016
vm,GPU (MLX),255,0.04301908300000079
exec,GPU (MLX),256,0.04240891699999949
vm,GPU (MLX),256,0.04257241699999881
exec,GPU (MLX),257,0.04278245899999966
vm,GPU (MLX),257,0.04278500000000207
exec,GPU (MLX),258,0.042408124999999686
vm,GPU (MLX),258,0.04280541700000029
exec,GPU (MLX),259,0.04277166600000015
vm,GPU (MLX),259,0.04294379099999901
exec,GPU (MLX),260,0.04252745800000035
vm,GPU (MLX),260,0.04414891700000112
exec,GPU (MLX),261,0.042769957999999164
vm,GPU (MLX),261,0.04327704199999971
exec,GPU (MLX),262,0.04238608300000024
vm,GPU (MLX),262,0.04319558299999926
exec,GPU (MLX),263,0.04276687499999987
vm,GPU (MLX),263,0.043263207999999054
exec,GPU (MLX),264,0.04255224999999996
vm,GPU (MLX),264,0.042982292000001365
exec,GPU (MLX),265,0.042911667000000264
vm,GPU (MLX),265,0.04278712500000026
exec,GPU (MLX),266,0.042457624999999055
vm,GPU (MLX),266,0.04314112500000178
exec,GPU (MLX),267,0.042789207999998524
vm,GPU (MLX),267,0.04327608299999852
exec,GPU (MLX),268,0.042390082999999024
vm,GPU (MLX),268,0.04394841599999921
exec,GPU (MLX),269,0.04275720800000116
vm,GPU (MLX),269,0.043283625000000825
exec,GPU (MLX),270,0.042415374999999145
vm,GPU (MLX),270,0.0434179580000027
exec,GPU (MLX),271,0.042788375000000656
vm,GPU (MLX),271,0.04338345900000107
exec,GPU (MLX),272,0.04237670799999904
vm,GPU (MLX),272,0.04307154199999985
exec,GPU (MLX),273,0.042779499999998194
vm,GPU (MLX),273,0.04313924999999941
exec,GPU (MLX),274,0.042403707999998375
vm,GPU (MLX),274,0.04340887499999724
exec,GPU (MLX),275,0.04277237500000197
vm,GPU (MLX),275,0.04399525000000182
exec,GPU (MLX),276,0.042415500000000605
vm,GPU (MLX),276,0.043595166999999435
exec,GPU (MLX),277,0.04275537499999871
vm,GPU (MLX),277,0.04383125000000021
exec,GPU (MLX),278,0.0424259169999992
vm,GPU (MLX),278,0.04560216699999842
exec,GPU (MLX),279,0.04273629200000073
vm,GPU (MLX),279,0.04560999999999993
exec,GPU (MLX),280,0.042369499999999505
vm,GPU (MLX),280,0.043732957999999655
exec,GPU (MLX),281,0.04278354099999859
vm,GPU (MLX),281,0.04370970899999804
exec,GPU (MLX),282,0.0424330839999989
vm,GPU (MLX),282,0.044366417000002656
exec,GPU (MLX),283,0.042798292000000515
vm,GPU (MLX),283,0.044564457999999973
exec,GPU (MLX),284,0.04239787499999892
vm,GPU (MLX),284,0.04367137499999885
exec,GPU (MLX),285,0.042775208999998426
vm,GPU (MLX),285,0.04421404200000012
exec,GPU (MLX),286,0.04241345900000226
vm,GPU (MLX),286,0.043638249999997214
exec,GPU (MLX),287,0.04279445899999956
vm,GPU (MLX),287,0.043713791999998364
exec,GPU (MLX),288,0.04242362500000141
vm,GPU (MLX),288,0.04363995900000006
exec,GPU (MLX),289,0.04278724999999994
vm,GPU (MLX),289,0.04353237500000162
exec,GPU (MLX),290,0.04240137500000074
vm,GPU (MLX),290,0.04348666699999981
exec,GPU (MLX),291,0.042749707999998776
vm,GPU (MLX),291,0.043314041000002135
exec,GPU (MLX),292,0.042429750000000155
vm,GPU (MLX),292,0.04357745900000154
exec,GPU (MLX),293,0.04274999999999807
vm,GPU (MLX),293,0.0435848330000006
exec,GPU (MLX),294,0.04240212499999885
vm,GPU (MLX),294,0.04393458399999872
exec,GPU (MLX),295,0.042765040999999115
vm,GPU (MLX),295,0.04432283299999895
exec,GPU (MLX),296,0.042399875000000975
vm,GPU (MLX),296,0.04420791700000137
exec,GPU (MLX),297,0.042739957999998524
vm,GPU (MLX),297,0.043439917000000605
exec,GPU (MLX),298,0.04239895799999971
vm,GPU (MLX),298,0.043780832999999575
exec,GPU (MLX),299,0.0428038750000006
vm,GPU (MLX),299,0.04338350000000091
exec,GPU (MLX),300,0.042428207999996914
vm,GPU (MLX),300,0.04346858299999923
exec,GPU (MLX),301,0.04276641699999928
vm,GPU (MLX),301,0.043464749999998276
exec,GPU (MLX),302,0.04244054200000136
vm,GPU (MLX),302,0.04359962499999881
exec,GPU (MLX),303,0.042773083000000156
vm,GPU (MLX),303,0.04343091699999846
exec,GPU (MLX),304,0.042422208000001405
vm,GPU (MLX),304,0.0435070830000015
exec,GPU (MLX),305,0.0427697089999981
vm,GPU (MLX),305,0.04338358300000067
exec,GPU (MLX),306,0.042490000000000805
vm,GPU (MLX),306,0.043573584000000665
exec,GPU (MLX),307,0.042757249999997526
vm,GPU (MLX),307,0.04348954199999966
exec,GPU (MLX),308,0.04239933299999876
vm,GPU (MLX),308,0.0435614589999993
exec,GPU (MLX),309,0.042757707999999894
vm,GPU (MLX),309,0.04361324999999994
exec,GPU (MLX),310,0.04242962500000047
vm,GPU (MLX),310,0.04375695899999954
exec,GPU (MLX),311,0.04273245900000333
vm,GPU (MLX),311,0.043766583000000026
exec,GPU (MLX),312,0.04240016600000018
vm,GPU (MLX),312,0.0443556249999979
exec,GPU (MLX),313,0.042808709000002665
vm,GPU (MLX),313,0.04404429200000237
exec,GPU (MLX),314,0.04241566600000013
vm,GPU (MLX),314,0.04414899999999733
exec,GPU (MLX),315,0.04274362499999995
vm,GPU (MLX),315,0.0440934999999989
exec,GPU (MLX),316,0.04242749999999873
vm,GPU (MLX),316,0.044213917000000436
exec,GPU (MLX),317,0.0428004169999987
vm,GPU (MLX),317,0.044265957999996886
exec,GPU (MLX),318,0.042386584000002614
vm,GPU (MLX),318,0.04430091600000097
exec,GPU (MLX),319,0.04278179099999946
vm,GPU (MLX),319,0.04507899999999765
exec,GPU (MLX),320,0.04242570799999967
vm,GPU (MLX),320,0.04421891599999839
exec,GPU (MLX),321,0.042762040999999584
vm,GPU (MLX),321,0.044244124999998746
exec,GPU (MLX),322,0.042407457999999565
vm,GPU (MLX),322,0.04474270900000121
exec,GPU (MLX),323,0.042883875000001126
vm,GPU (MLX),323,0.045062166000001014
exec,GPU (MLX),324,0.04243749999999835
vm,GPU (MLX),324,0.0448939579999994
exec,GPU (MLX),325,0.042825832999998426
vm,GPU (MLX),325,0.04493508300000215
exec,GPU (MLX),326,0.042438125000000326
vm,GPU (MLX),326,0.04442845800000228
exec,GPU (MLX),327,0.04278612499999923
vm,GPU (MLX),327,0.044495333000000414
exec,GPU (MLX),328,0.042404167000000825
vm,GPU (MLX),328,0.04527574999999828
exec,GPU (MLX),329,0.042739416999999946
vm,GPU (MLX),329,0.045388040999998935
exec,GPU (MLX),330,0.04240199999999916
vm,GPU (MLX),330,0.04531116699999771
exec,GPU (MLX),331,0.04279874999999933
vm,GPU (MLX),331,0.04472091599999928
exec,GPU (MLX),332,0.04239499999999907
vm,GPU (MLX),332,0.04462133400000212
exec,GPU (MLX),333,0.04273745899999781
vm,GPU (MLX),333,0.04474320799999987
exec,GPU (MLX),334,0.04244350000000097
vm,GPU (MLX),334,0.04477479199999834
exec,GPU (MLX),335,0.042896500000001225
vm,GPU (MLX),335,0.04495629200000195
exec,GPU (MLX),336,0.04241733400000314
vm,GPU (MLX),336,0.04503191600000278
exec,GPU (MLX),337,0.04277016600000039
vm,GPU (MLX),337,0.0447631250000029
exec,GPU (MLX),338,0.04242987499999984
vm,GPU (MLX),338,0.0447814159999993
exec,GPU (MLX),339,0.04275720800000116
vm,GPU (MLX),339,0.04486179100000243
exec,GPU (MLX),340,0.04245037499999782
vm,GPU (MLX),340,0.044965874999999045
exec,GPU (MLX),341,0.042780000000000484
vm,GPU (MLX),341,0.04498183300000136
exec,GPU (MLX),342,0.0424217089999992
vm,GPU (MLX),342,0.04511708400000103
exec,GPU (MLX),343,0.04276966700000173
vm,GPU (MLX),343,0.04510441700000101
exec,GPU (MLX),344,0.0423807079999996
vm,GPU (MLX),344,0.04517408299999914
exec,GPU (MLX),345,0.042780874999998275
vm,GPU (MLX),345,0.04557270800000168
exec,GPU (MLX),346,0.04241533400000108
vm,GPU (MLX),346,0.045362457999999606
exec,GPU (MLX),347,0.04276529199999857
vm,GPU (MLX),347,0.0451606670000011
exec,GPU (MLX),348,0.04241754099999895
vm,GPU (MLX),348,0.04517908300000073
exec,GPU (MLX),349,0.04279295900000335
vm,GPU (MLX),349,0.04558091600000225
exec,GPU (MLX),350,0.042387583000000006
vm,GPU (MLX),350,0.04527987500000208
exec,GPU (MLX),351,0.04276083399999919
vm,GPU (MLX),351,0.04534762500000156
exec,GPU (MLX),352,0.04244512500000042
vm,GPU (MLX),352,0.04578116700000123
exec,GPU (MLX),353,0.04280583299999918
vm,GPU (MLX),353,0.04536654200000001
exec,GPU (MLX),354,0.04240733399999996
vm,GPU (MLX),354,0.04585720800000104
exec,GPU (MLX),355,0.04279525000000106
vm,GPU (MLX),355,0.045395040999999026
exec,GPU (MLX),356,0.04238383300000237
vm,GPU (MLX),356,0.04537445899999781
exec,GPU (MLX),357,0.04276220799999919
vm,GPU (MLX),357,0.04543733399999894
exec,GPU (MLX),358,0.04243145799999937
vm,GPU (MLX),358,0.04547729200000106
exec,GPU (MLX),359,0.04281804200000039
vm,GPU (MLX),359,0.04560970800000064
exec,GPU (MLX),360,0.04243733399999883
vm,GPU (MLX),360,0.04555808299999953
exec,GPU (MLX),361,0.04275924999999958
vm,GPU (MLX),361,0.045513916000000876
exec,GPU (MLX),362,0.04240004200000058
vm,GPU (MLX),362,0.045814416999999
exec,GPU (MLX),363,0.04278004200000041
vm,GPU (MLX),363,0.04614249999999842
exec,GPU (MLX),364,0.04239058399999962
vm,GPU (MLX),364,0.046372250000001
exec,GPU (MLX),365,0.042774124999997554
vm,GPU (MLX),365,0.045456041999997865
exec,GPU (MLX),366,0.0424283329999966
vm,GPU (MLX),366,0.045549707999999356
exec,GPU (MLX),367,0.04275241700000265
vm,GPU (MLX),367,0.045606042000002844
exec,GPU (MLX),368,0.042381333000001575
vm,GPU (MLX),368,0.045479457999999084
exec,GPU (MLX),369,0.04277658399999851
vm,GPU (MLX),369,0.045621208000000024
exec,GPU (MLX),370,0.04243400000000008
vm,GPU (MLX),370,0.04552629200000169
exec,GPU (MLX),371,0.042912707999999355
vm,GPU (MLX),371,0.0454142080000004
exec,GPU (MLX),372,0.04241570800000005
vm,GPU (MLX),372,0.04553845799999934
exec,GPU (MLX),373,0.042801209000000284
vm,GPU (MLX),373,0.04550516699999818
exec,GPU (MLX),374,0.04241516699999792
vm,GPU (MLX),374,0.045451458000002276
exec,GPU (MLX),375,0.04278183399999946
vm,GPU (MLX),375,0.045578917000000274
exec,GPU (MLX),376,0.042531457999999134
vm,GPU (MLX),376,0.04548416699999791
exec,GPU (MLX),377,0.04275179200000068
vm,GPU (MLX),377,0.04551566700000009
exec,GPU (MLX),378,0.04244016699999875
vm,GPU (MLX),378,0.045881833999999344
exec,GPU (MLX),379,0.04280408400000013
vm,GPU (MLX),379,0.045498041000001876
exec,GPU (MLX),380,0.04241529200000116
vm,GPU (MLX),380,0.04597833300000076
exec,GPU (MLX),381,0.04277349999999913
vm,GPU (MLX),381,0.04551462499999914
exec,GPU (MLX),382,0.04237374999999943
vm,GPU (MLX),382,0.04601412500000279
exec,GPU (MLX),383,0.04275566700000155
vm,GPU (MLX),383,0.04548545900000178
exec,GPU (MLX),384,0.04241612499999903
vm,GPU (MLX),384,0.04553549999999973
exec,GPU (MLX),385,0.04275695899999832
vm,GPU (MLX),385,0.045556416000000155
exec,GPU (MLX),386,0.04245691599999901
vm,GPU (MLX),386,0.04555245799999952
exec,GPU (MLX),387,0.0427944999999994
vm,GPU (MLX),387,0.04547908300000003
exec,GPU (MLX),388,0.04242062500000188
vm,GPU (MLX),388,0.045479540999998846
exec,GPU (MLX),389,0.04274870899999783
vm,GPU (MLX),389,0.045446542000000534
exec,GPU (MLX),390,0.0424024999999979
vm,GPU (MLX),390,0.04561400000000049
exec,GPU (MLX),391,0.042773042000000316
vm,GPU (MLX),391,0.04551833300000041
exec,GPU (MLX),392,0.042403374999999244
vm,GPU (MLX),392,0.04550462499999952
exec,GPU (MLX),393,0.04274933299999972
vm,GPU (MLX),393,0.04554595899999825
exec,GPU (MLX),394,0.042436458999997484
vm,GPU (MLX),394,0.04550758299999913
exec,GPU (MLX),395,0.042770374999999916
vm,GPU (MLX),395,0.04601629100000082
exec,GPU (MLX),396,0.0424041250000009
vm,GPU (MLX),396,0.04585525000000246
exec,GPU (MLX),397,0.0427552079999991
vm,GPU (MLX),397,0.046158750000000026
exec,GPU (MLX),398,0.04243279199999961
vm,GPU (MLX),398,0.04546099999999953
exec,GPU (MLX),399,0.042773582999998894
vm,GPU (MLX),399,0.045529084000001774
exec,GPU (MLX),400,0.04242233300000109
vm,GPU (MLX),400,0.04552049999999852
exec,GPU (MLX),401,0.04278395800000112
vm,GPU (MLX),401,0.04580758299999843
exec,GPU (MLX),402,0.042403917000001456
vm,GPU (MLX),402,0.04563849999999903
exec,GPU (MLX),403,0.04274445799999782
vm,GPU (MLX),403,0.04552379100000081
exec,GPU (MLX),404,0.042396292000002944
vm,GPU (MLX),404,0.04575854199999796
exec,GPU (MLX),405,0.04280704100000321
vm,GPU (MLX),405,0.04546016700000166
exec,GPU (MLX),406,0.042429834
vm,GPU (MLX),406,0.04551570799999993
exec,GPU (MLX),407,0.04276287500000109
vm,GPU (MLX),407,0.045408958000003
exec,GPU (MLX),408,0.04242374999999754
vm,GPU (MLX),408,0.04548516699999894
exec,GPU (MLX),409,0.04276254099999832
vm,GPU (MLX),409,0.0455113340000004
exec,GPU (MLX),410,0.0423905419999997
vm,GPU (MLX),410,0.046027708000000445
exec,GPU (MLX),411,0.0427732909999996
vm,GPU (MLX),411,0.046135624999998015
exec,GPU (MLX),412,0.04250504199999838
vm,GPU (MLX),412,0.04555674999999937
exec,GPU (MLX),413,0.04277758299999945
vm,GPU (MLX),413,0.04598595799999927
exec,GPU (MLX),414,0.04240037499999971
vm,GPU (MLX),414,0.04560625000000229
exec,GPU (MLX),415,0.042781124999997644
vm,GPU (MLX),415,0.04557454200000066
exec,GPU (MLX),416,0.04239929199999892
vm,GPU (MLX),416,0.04549112500000163
exec,GPU (MLX),417,0.042773500000002684
vm,GPU (MLX),417,0.045494832999999346
exec,GPU (MLX),418,0.04241687500000069
vm,GPU (MLX),418,0.04598966699999707
exec,GPU (MLX),419,0.0428012080000002
vm,GPU (MLX),419,0.045419375000001594
exec,GPU (MLX),420,0.04240216599999869
vm,GPU (MLX),420,0.04545379199999999
exec,GPU (MLX),421,0.0427666670000022
vm,GPU (MLX),421,0.0454334170000017
exec,GPU (MLX),422,0.042417125000000055
vm,GPU (MLX),422,0.045384290999997745
exec,GPU (MLX),423,0.042803457999998074
vm,GPU (MLX),423,0.04543195800000177
exec,GPU (MLX),424,0.04241100000000131
vm,GPU (MLX),424,0.04532437499999986
exec,GPU (MLX),425,0.04288591699999955
vm,GPU (MLX),425,0.04540104100000164
exec,GPU (MLX),426,0.04255145799999838
vm,GPU (MLX),426,0.045481165999998296
exec,GPU (MLX),427,0.04277341699999937
vm,GPU (MLX),427,0.045435874999999015
exec,GPU (MLX),428,0.04243600000000214
vm,GPU (MLX),428,0.045913124999998445
exec,GPU (MLX),429,0.0428242499999989
vm,GPU (MLX),429,0.0460645839999998
exec,GPU (MLX),430,0.04242483399999841
vm,GPU (MLX),430,0.04542004199999994
exec,GPU (MLX),431,0.04288312499999947
vm,GPU (MLX),431,0.04541475000000261
exec,GPU (MLX),432,0.042395583000001125
vm,GPU (MLX),432,0.04540929199999866
exec,GPU (MLX),433,0.04282404199999945
vm,GPU (MLX),433,0.045343625000001
exec,GPU (MLX),434,0.042436499999997324
vm,GPU (MLX),434,0.04547091700000294
exec,GPU (MLX),435,0.042761458000001085
vm,GPU (MLX),435,0.04541908299999875
exec,GPU (MLX),436,0.04244204199999757
vm,GPU (MLX),436,0.04600254100000001
exec,GPU (MLX),437,0.04278037499999954
vm,GPU (MLX),437,0.04546016699999811
exec,GPU (MLX),438,0.042376250000000226
vm,GPU (MLX),438,0.04545045800000125
exec,GPU (MLX),439,0.04276612499999999
vm,GPU (MLX),439,0.045414083000000716
exec,GPU (MLX),440,0.04243391600000024
vm,GPU (MLX),440,0.045767874999999236
exec,GPU (MLX),441,0.04279074999999821
vm,GPU (MLX),441,0.04552754199999853
exec,GPU (MLX),442,0.04266212499999966
vm,GPU (MLX),442,0.045422375000001125
exec,GPU (MLX),443,0.04276537500000188
vm,GPU (MLX),443,0.04534720799999903
exec,GPU (MLX),444,0.04242108300000069
vm,GPU (MLX),444,0.045506374999998656
exec,GPU (MLX),445,0.0427650419999992
vm,GPU (MLX),445,0.04602837499999879
exec,GPU (MLX),446,0.042414416999999816
vm,GPU (MLX),446,0.04606279200000074
exec,GPU (MLX),447,0.042773375000003
vm,GPU (MLX),447,0.045405125000002045
exec,GPU (MLX),448,0.04241908400000227
vm,GPU (MLX),448,0.045278249999999076
exec,GPU (MLX),449,0.042767375000000385
vm,GPU (MLX),449,0.04533987499999981
exec,GPU (MLX),450,0.042419500000001165
vm,GPU (MLX),450,0.04539320800000013
exec,GPU (MLX),451,0.04281266699999975
vm,GPU (MLX),451,0.045806500000001193
exec,GPU (MLX),452,0.04241437499999989
vm,GPU (MLX),452,0.04566499999999962
exec,GPU (MLX),453,0.04277424999999724
vm,GPU (MLX),453,0.045110000000001094
exec,GPU (MLX),454,0.04242662500000094
vm,GPU (MLX),454,0.04517275000000254
exec,GPU (MLX),455,0.04277125000000126
vm,GPU (MLX),455,0.045133708000001604
exec,GPU (MLX),456,0.0423932090000001
vm,GPU (MLX),456,0.045130000000000337
exec,GPU (MLX),457,0.04277516599999842
vm,GPU (MLX),457,0.045070582999997555
exec,GPU (MLX),458,0.04248083400000269
vm,GPU (MLX),458,0.04511429099999731
exec,GPU (MLX),459,0.04278308299999978
vm,GPU (MLX),459,0.04512004200000064
exec,GPU (MLX),460,0.04241504199999824
vm,GPU (MLX),460,0.045208541000000935
exec,GPU (MLX),461,0.04290983299999951
vm,GPU (MLX),461,0.045709958000003326
exec,GPU (MLX),462,0.042527207999999206
vm,GPU (MLX),462,0.045117833999999135
exec,GPU (MLX),463,0.04276933399999905
vm,GPU (MLX),463,0.04507783400000065
exec,GPU (MLX),464,0.04238779099999945
vm,GPU (MLX),464,0.045002457999999024
exec,GPU (MLX),465,0.04280333299999839
vm,GPU (MLX),465,0.04501708400000126
exec,GPU (MLX),466,0.04240241700000169
vm,GPU (MLX),466,0.045091750000000985
exec,GPU (MLX),467,0.042767624999999754
vm,GPU (MLX),467,0.044816000000000855
exec,GPU (MLX),468,0.04241883300000282
vm,GPU (MLX),468,0.045329292000001686
exec,GPU (MLX),469,0.04277670800000166
vm,GPU (MLX),469,0.04500066700000005
exec,GPU (MLX),470,0.04241591699999958
vm,GPU (MLX),470,0.04521191599999952
exec,GPU (MLX),471,0.04276970799999802
vm,GPU (MLX),471,0.044833249999999936
exec,GPU (MLX),472,0.04250120900000098
vm,GPU (MLX),472,0.04479204100000089
exec,GPU (MLX),473,0.04276033300000037
vm,GPU (MLX),473,0.04477174999999889
exec,GPU (MLX),474,0.042386416999999454
vm,GPU (MLX),474,0.04484533400000146
exec,GPU (MLX),475,0.04279199999999861
vm,GPU (MLX),475,0.04490466600000076
exec,GPU (MLX),476,0.04284137500000185
vm,GPU (MLX),476,0.0449311659999978
exec,GPU (MLX),477,0.04278366600000183
vm,GPU (MLX),477,0.044919792000001735
exec,GPU (MLX),478,0.04239733300000026
vm,GPU (MLX),478,0.04481145799999808
exec,GPU (MLX),479,0.042868500000000864
vm,GPU (MLX),479,0.04503229099999828
exec,GPU (MLX),480,0.04240129099999734
vm,GPU (MLX),480,0.04559237499999824
exec,GPU (MLX),481,0.042756707999998866
vm,GPU (MLX),481,0.044800084000002016
exec,GPU (MLX),482,0.04251950000000093
vm,GPU (MLX),482,0.04482550000000174
exec,GPU (MLX),483,0.04281154200000259
vm,GPU (MLX),483,0.04479087500000034
exec,GPU (MLX),484,0.04242987499999984
vm,GPU (MLX),484,0.04459800000000058
exec,GPU (MLX),485,0.04270187499999878
vm,GPU (MLX),485,0.04463591699999725
exec,GPU (MLX),486,0.04243029200000237
vm,GPU (MLX),486,0.04477783299999771
exec,GPU (MLX),487,0.042905375000000134
vm,GPU (MLX),487,0.04483979200000121
exec,GPU (MLX),488,0.0423999170000009
vm,GPU (MLX),488,0.04475804100000147
exec,GPU (MLX),489,0.042784333000000174
vm,GPU (MLX),489,0.04476587499999951
exec,GPU (MLX),490,0.04243254200000024
vm,GPU (MLX),490,0.04476008399999998
exec,GPU (MLX),491,0.042741209000002556
vm,GPU (MLX),491,0.04466449999999966
exec,GPU (MLX),492,0.042388707999997166
vm,GPU (MLX),492,0.04482550000000174
exec,GPU (MLX),493,0.042824666000001343
vm,GPU (MLX),493,0.0446731249999992
exec,GPU (MLX),494,0.04241291599999997
vm,GPU (MLX),494,0.04466358399999848
exec,GPU (MLX),495,0.04280516699999737
vm,GPU (MLX),495,0.04518333400000074
exec,GPU (MLX),496,0.042419459000001325
vm,GPU (MLX),496,0.044659416999998314
exec,GPU (MLX),497,0.04280650000000108
vm,GPU (MLX),497,0.04465137499999727
exec,GPU (MLX),498,0.042429208000001495
vm,GPU (MLX),498,0.044608833999998154
exec,GPU (MLX),499,0.04277154200000055
vm,GPU (MLX),499,0.04454558300000144
exec,GPU (MLX),500,0.04241912499999856
vm,GPU (MLX),500,0.0445758749999996
exec,GPU (MLX),501,0.04296037499999983
vm,GPU (MLX),501,0.043660833000000565
exec,GPU (MLX),502,0.04239766599999939
vm,GPU (MLX),502,0.04414191600000095
exec,GPU (MLX),503,0.04278237499999804
vm,GPU (MLX),503,0.043809833000000964
exec,GPU (MLX),504,0.042454750000000985
vm,GPU (MLX),504,0.04376662499999995
exec,GPU (MLX),505,0.04275325000000052
vm,GPU (MLX),505,0.04355083300000118
exec,GPU (MLX),506,0.04237937499999944
vm,GPU (MLX),506,0.04304212499999949
exec,GPU (MLX),507,0.042811750000002036
vm,GPU (MLX),507,0.04298862499999956
exec,GPU (MLX),508,0.042404749999999325
vm,GPU (MLX),508,0.04300620800000132
exec,GPU (MLX),509,0.04277099999999834
vm,GPU (MLX),509,0.04298208299999828
exec,GPU (MLX),510,0.04242562499999991
vm,GPU (MLX),510,0.04317116699999701
exec,GPU (MLX),511,0.04282229200000032
vm,GPU (MLX),511,0.04353854200000029
exec,GPU (MLX),512,0.04253987499999923
vm,GPU (MLX),512,0.0432015409999984
exec,GPU (MLX),513,0.042790208999999635
vm,GPU (MLX),513,0.04375004100000268
exec,GPU (MLX),514,0.04243879100000214
vm,GPU (MLX),514,0.04332112499999852
exec,GPU (MLX),515,0.042770332999999994
vm,GPU (MLX),515,0.043352750000000384
exec,GPU (MLX),516,0.04240566700000059
vm,GPU (MLX),516,0.04334274999999721
exec,GPU (MLX),517,0.04294750000000036
vm,GPU (MLX),517,0.043266166999998745
exec,GPU (MLX),518,0.04241937500000148
vm,GPU (MLX),518,0.04340795899999961
exec,GPU (MLX),519,0.04276020800000069
vm,GPU (MLX),519,0.04425091600000286
exec,GPU (MLX),520,0.04241566600000013
vm,GPU (MLX),520,0.04355791700000111
exec,GPU (MLX),521,0.04280266700000013
vm,GPU (MLX),521,0.0436412500000003
exec,GPU (MLX),522,0.04240199999999916
vm,GPU (MLX),522,0.043834332999999503
exec,GPU (MLX),523,0.042756707999998866
vm,GPU (MLX),523,0.04378979199999833
exec,GPU (MLX),524,0.04239079199999907
vm,GPU (MLX),524,0.04378779199999627
exec,GPU (MLX),525,0.04275270800000186
vm,GPU (MLX),525,0.0442164589999976
exec,GPU (MLX),526,0.04240104200000161
vm,GPU (MLX),526,0.04388233299999911
exec,GPU (MLX),527,0.04274824999999893
vm,GPU (MLX),527,0.04392712499999618
exec,GPU (MLX),528,0.04239650000000239
vm,GPU (MLX),528,0.04431875000000218
exec,GPU (MLX),529,0.042971041000001264
vm,GPU (MLX),529,0.044805750000001865
exec,GPU (MLX),530,0.04241404200000076
vm,GPU (MLX),530,0.04461316599999776
exec,GPU (MLX),531,0.042781624999999934
vm,GPU (MLX),531,0.044468334000001164
exec,GPU (MLX),532,0.04243941699999709
vm,GPU (MLX),532,0.04399324999999976
exec,GPU (MLX),533,0.04276758299999983
vm,GPU (MLX),533,0.04455845899999389
exec,GPU (MLX),534,0.042406875000001065
vm,GPU (MLX),534,0.045209874999997623
exec,GPU (MLX),535,0.042751459000001546
vm,GPU (MLX),535,0.04415158300000144
exec,GPU (MLX),536,0.04239291700000081
vm,GPU (MLX),536,0.044181666000000064
exec,GPU (MLX),537,0.04314045799999988
vm,GPU (MLX),537,0.04420629100000184
exec,GPU (MLX),538,0.04241275000000044
vm,GPU (MLX),538,0.04421383300000059
exec,GPU (MLX),539,0.042803207999998705
vm,GPU (MLX),539,0.04418108299999801
exec,GPU (MLX),540,0.042408208000001224
vm,GPU (MLX),540,0.04428345800000244
exec,GPU (MLX),541,0.04277237499999842
vm,GPU (MLX),541,0.044241166999995585
exec,GPU (MLX),542,0.04241754199999903
vm,GPU (MLX),542,0.044379165999998804
exec,GPU (MLX),543,0.042759415999999106
vm,GPU (MLX),543,0.04469208399999758
exec,GPU (MLX),544,0.042382666999998264
vm,GPU (MLX),544,0.0444771669999966
exec,GPU (MLX),545,0.0427704999999996
vm,GPU (MLX),545,0.044727749999999844
exec,GPU (MLX),546,0.04244124999999954
vm,GPU (MLX),546,0.044543208000000334
exec,GPU (MLX),547,0.04283204200000057
vm,GPU (MLX),547,0.04437545900000117
exec,GPU (MLX),548,0.04238858400000112
vm,GPU (MLX),548,0.04445704199999767
exec,GPU (MLX),549,0.04277341699999937
vm,GPU (MLX),549,0.0445504169999964
exec,GPU (MLX),550,0.04240579100000019
vm,GPU (MLX),550,0.04476158399999974
exec,GPU (MLX),551,0.04281250000000014
vm,GPU (MLX),551,0.04534825000000353
exec,GPU (MLX),552,0.042396166999996154
vm,GPU (MLX),552,0.04485700000000037
exec,GPU (MLX),553,0.04278708300000034
vm,GPU (MLX),553,0.04443050000000426
exec,GPU (MLX),554,0.04243149999999929
vm,GPU (MLX),554,0.04435612500000019
exec,GPU (MLX),555,0.04276954099999841
vm,GPU (MLX),555,0.04441104200000012
exec,GPU (MLX),556,0.042410707999998465
vm,GPU (MLX),556,0.04439825000000042
exec,GPU (MLX),557,0.042764290999997456
vm,GPU (MLX),557,0.04444300000000112
exec,GPU (MLX),558,0.04248991699999749
vm,GPU (MLX),558,0.04457387499999754
exec,GPU (MLX),559,0.04276641700000283
vm,GPU (MLX),559,0.044601374999999166
exec,GPU (MLX),560,0.04247612500000031
vm,GPU (MLX),560,0.044654957999995304
exec,GPU (MLX),561,0.042776541999998585
vm,GPU (MLX),561,0.04470954099999602
exec,GPU (MLX),562,0.042405291999997985
vm,GPU (MLX),562,0.04467420899999297
exec,GPU (MLX),563,0.042764708999996515
vm,GPU (MLX),563,0.04462408399999873
exec,GPU (MLX),564,0.042462041000000283
vm,GPU (MLX),564,0.044705708999998706
exec,GPU (MLX),565,0.04278316699999607
vm,GPU (MLX),565,0.0446745830000026
exec,GPU (MLX),566,0.0426341249999993
vm,GPU (MLX),566,0.044723291999993364
exec,GPU (MLX),567,0.04278679200000113
vm,GPU (MLX),567,0.04478575000000262
exec,GPU (MLX),568,0.042420542000002115
vm,GPU (MLX),568,0.04537066700000025
exec,GPU (MLX),569,0.04272395799999629
vm,GPU (MLX),569,0.04468187500000198
exec,GPU (MLX),570,0.04237900000000394
vm,GPU (MLX),570,0.045079583999999784
exec,GPU (MLX),571,0.04300108300000005
vm,GPU (MLX),571,0.0447443750000005
exec,GPU (MLX),572,0.04240987500000415
vm,GPU (MLX),572,0.04491695799999462
exec,GPU (MLX),573,0.04277241599999826
vm,GPU (MLX),573,0.04481487500000014
exec,GPU (MLX),574,0.04244466600000152
vm,GPU (MLX),574,0.0448164589999962
exec,GPU (MLX),575,0.042760166000000766
vm,GPU (MLX),575,0.0447881670000001
exec,GPU (MLX),576,0.04240670799999435
vm,GPU (MLX),576,0.04488970900000311
exec,GPU (MLX),577,0.042708417000000054
vm,GPU (MLX),577,0.044711292000002345
exec,GPU (MLX),578,0.0425553329999957
vm,GPU (MLX),578,0.04470070800000059
exec,GPU (MLX),579,0.04273812499999963
vm,GPU (MLX),579,0.04519287500000502
exec,GPU (MLX),580,0.04240379200000177
vm,GPU (MLX),580,0.044847208000000194
exec,GPU (MLX),581,0.042780000000000484
vm,GPU (MLX),581,0.04507308299999835
exec,GPU (MLX),582,0.04244283300000262
vm,GPU (MLX),582,0.04482829100000174
exec,GPU (MLX),583,0.04325670799999415
vm,GPU (MLX),583,0.044819791999998415
exec,GPU (MLX),584,0.04240687499999751
vm,GPU (MLX),584,0.04461320800000124
exec,GPU (MLX),585,0.042801917000005574
vm,GPU (MLX),585,0.044765666000003534
exec,GPU (MLX),586,0.042399499999994816
vm,GPU (MLX),586,0.04488912499999742
exec,GPU (MLX),587,0.042753666999999496
vm,GPU (MLX),587,0.044888500000006104
exec,GPU (MLX),588,0.04240345800000256
vm,GPU (MLX),588,0.04485729199999611
exec,GPU (MLX),589,0.04275504200000313
vm,GPU (MLX),589,0.04476058400000227
exec,GPU (MLX),590,0.04242579200000307
vm,GPU (MLX),590,0.04472175000000078
exec,GPU (MLX),591,0.04275837499999824
vm,GPU (MLX),591,0.044738415999994174
exec,GPU (MLX),592,0.04244895800000137
vm,GPU (MLX),592,0.04484116600000476
exec,GPU (MLX),593,0.04276208299999951
vm,GPU (MLX),593,0.0448996669999957
exec,GPU (MLX),594,0.04240324999999956
vm,GPU (MLX),594,0.04493970900000477
exec,GPU (MLX),595,0.042794000000000665
vm,GPU (MLX),595,0.04485391599999389
exec,GPU (MLX),596,0.04238212500000316
vm,GPU (MLX),596,0.045180041999998366
exec,GPU (MLX),597,0.0427464999999998
vm,GPU (MLX),597,0.04475933300000179
exec,GPU (MLX),598,0.04240649999999846
vm,GPU (MLX),598,0.04483945900000208
exec,GPU (MLX),599,0.0427870420000005
vm,GPU (MLX),599,0.04483820899999813
exec,GPU (MLX),600,0.04251983399999659
vm,GPU (MLX),600,0.04490129099999507
exec,GPU (MLX),601,0.04280354200000147
vm,GPU (MLX),601,0.04486725000000291
exec,GPU (MLX),602,0.04241995900000006
vm,GPU (MLX),602,0.044787417000001994
exec,GPU (MLX),603,0.04279416600000019
vm,GPU (MLX),603,0.04506195800000512
exec,GPU (MLX),604,0.04242954100000418
vm,GPU (MLX),604,0.044889416000003735
exec,GPU (MLX),605,0.042762332999998875
vm,GPU (MLX),605,0.044864375000003065
exec,GPU (MLX),606,0.04243929199999741
vm,GPU (MLX),606,0.044988084000003425
exec,GPU (MLX),607,0.0428850830000016
vm,GPU (MLX),607,0.04495470799999879
exec,GPU (MLX),608,0.04239162500000049
vm,GPU (MLX),608,0.044778374999999926
exec,GPU (MLX),609,0.04277366699999874
vm,GPU (MLX),609,0.044726666999999054
exec,GPU (MLX),610,0.04240566699999704
vm,GPU (MLX),610,0.04478083300000435
exec,GPU (MLX),611,0.04275870899999745
vm,GPU (MLX),611,0.044761292000004005
exec,GPU (MLX),612,0.04238537500000206
vm,GPU (MLX),612,0.045763000000000886
exec,GPU (MLX),613,0.04278795900000176
vm,GPU (MLX),613,0.04523662500000114
exec,GPU (MLX),614,0.04237533300000251
vm,GPU (MLX),614,0.04466575000000006
exec,GPU (MLX),615,0.0427358749999982
vm,GPU (MLX),615,0.04470770800000423
exec,GPU (MLX),616,0.04242770799999818
vm,GPU (MLX),616,0.044821957999999995
exec,GPU (MLX),617,0.04280333300000194
vm,GPU (MLX),617,0.0448437500000054
exec,GPU (MLX),618,0.042431125000000236
vm,GPU (MLX),618,0.04487025000000244
exec,GPU (MLX),619,0.042812374999996905
vm,GPU (MLX),619,0.04558358300000265
exec,GPU (MLX),620,0.0424350410000045
vm,GPU (MLX),620,0.04481266599999856
exec,GPU (MLX),621,0.04276370800000251
vm,GPU (MLX),621,0.04482112500000568
exec,GPU (MLX),622,0.04240945800000162
vm,GPU (MLX),622,0.04483950000000192
exec,GPU (MLX),623,0.04274024999999426
vm,GPU (MLX),623,0.044874292000002924
exec,GPU (MLX),624,0.04263479099999756
vm,GPU (MLX),624,0.044879790999999614
exec,GPU (MLX),625,0.04278266699999733
vm,GPU (MLX),625,0.044779417000000876
exec,GPU (MLX),626,0.0423937919999986
vm,GPU (MLX),626,0.044766582999997695
exec,GPU (MLX),627,0.042811249999999745
vm,GPU (MLX),627,0.044746749999994506
exec,GPU (MLX),628,0.042386749999998585
vm,GPU (MLX),628,0.04472654199999937
exec,GPU (MLX),629,0.04274616700000422
vm,GPU (MLX),629,0.045144332999996095
exec,GPU (MLX),630,0.04240708300000051
vm,GPU (MLX),630,0.04576904199999632
exec,GPU (MLX),631,0.04276045800000361
vm,GPU (MLX),631,0.044874165999999605
exec,GPU (MLX),632,0.042382207999999366
vm,GPU (MLX),632,0.04485499999999831
exec,GPU (MLX),633,0.042746166000000585
vm,GPU (MLX),633,0.04473362499999922
exec,GPU (MLX),634,0.04254395899999963
vm,GPU (MLX),634,0.04479770900000091
exec,GPU (MLX),635,0.04274170800000121
vm,GPU (MLX),635,0.044764792000002274
exec,GPU (MLX),636,0.04242991699999976
vm,GPU (MLX),636,0.045046542000001466
exec,GPU (MLX),637,0.04279016699999971
vm,GPU (MLX),637,0.04490600000000455
exec,GPU (MLX),638,0.04240025000000003
vm,GPU (MLX),638,0.04481487500000014
exec,GPU (MLX),639,0.042747125000005326
vm,GPU (MLX),639,0.04470279200000249
exec,GPU (MLX),640,0.042411791999995785
vm,GPU (MLX),640,0.04472795799999574
exec,GPU (MLX),641,0.042788457999996865
vm,GPU (MLX),641,0.04476075000000179
exec,GPU (MLX),642,0.042397999999998603
vm,GPU (MLX),642,0.04500287499999445
exec,GPU (MLX),643,0.042778667000000326
vm,GPU (MLX),643,0.04490720799999792
exec,GPU (MLX),644,0.042390167000000645
vm,GPU (MLX),644,0.044848291000000984
exec,GPU (MLX),645,0.042793125000002874
vm,GPU (MLX),645,0.04481187500000061
exec,GPU (MLX),646,0.04238904199999638
vm,GPU (MLX),646,0.04476158399999974
exec,GPU (MLX),647,0.042761041999995086
vm,GPU (MLX),647,0.04541404199999732
exec,GPU (MLX),648,0.04241224999999815
vm,GPU (MLX),648,0.045582084000002965
exec,GPU (MLX),649,0.04275879199999366
vm,GPU (MLX),649,0.044856000000002894
exec,GPU (MLX),650,0.04238287500000126
vm,GPU (MLX),650,0.04485612499999547
exec,GPU (MLX),651,0.042776582999998425
vm,GPU (MLX),651,0.046679582999999525
exec,GPU (MLX),652,0.04238541700000553
vm,GPU (MLX),652,0.04485204099999862
exec,GPU (MLX),653,0.04278266699999733
vm,GPU (MLX),653,0.04486195799999848
exec,GPU (MLX),654,0.04245000000000232
vm,GPU (MLX),654,0.04471724999999793
exec,GPU (MLX),655,0.04278225000000191
vm,GPU (MLX),655,0.04449087500000104
exec,GPU (MLX),656,0.04238883299999685
vm,GPU (MLX),656,0.04460166700000201
exec,GPU (MLX),657,0.042746999999998536
vm,GPU (MLX),657,0.04455529100000177
exec,GPU (MLX),658,0.04239783300000255
vm,GPU (MLX),658,0.04462275000000204
exec,GPU (MLX),659,0.04279629199999846
vm,GPU (MLX),659,0.044709375000003604
exec,GPU (MLX),660,0.0423796660000022
vm,GPU (MLX),660,0.04478524999999678
exec,GPU (MLX),661,0.04278133300000064
vm,GPU (MLX),661,0.0447603340000029
exec,GPU (MLX),662,0.042409874999997044
vm,GPU (MLX),662,0.04469375000000042
exec,GPU (MLX),663,0.04276891699999652
vm,GPU (MLX),663,0.045406041999996205
exec,GPU (MLX),664,0.04250129199999719
vm,GPU (MLX),664,0.045154333000006375
exec,GPU (MLX),665,0.042752374999999176
vm,GPU (MLX),665,0.04476716700000338
exec,GPU (MLX),666,0.042422459000000856
vm,GPU (MLX),666,0.04481908300000015
exec,GPU (MLX),667,0.04272045899999455
vm,GPU (MLX),667,0.04466758400000259
exec,GPU (MLX),668,0.04237983400000189
vm,GPU (MLX),668,0.04468695799999978
exec,GPU (MLX),669,0.04276099999999872
vm,GPU (MLX),669,0.04460629100000091
exec,GPU (MLX),670,0.042425708000003226
vm,GPU (MLX),670,0.04511670800000189
exec,GPU (MLX),671,0.04275654199999934
vm,GPU (MLX),671,0.04471858299999809
exec,GPU (MLX),672,0.042390375000003644
vm,GPU (MLX),672,0.04483895900000334
exec,GPU (MLX),673,0.04279245800000098
vm,GPU (MLX),673,0.04481387500000267
exec,GPU (MLX),674,0.04253716600000246
vm,GPU (MLX),674,0.04468695899999631
exec,GPU (MLX),675,0.04277208300000268
vm,GPU (MLX),675,0.044689791999999784
exec,GPU (MLX),676,0.042408500000000515
vm,GPU (MLX),676,0.04468566700000309
exec,GPU (MLX),677,0.04274479200000059
vm,GPU (MLX),677,0.04471949999999936
exec,GPU (MLX),678,0.042429332999994074
vm,GPU (MLX),678,0.04473887500000018
exec,GPU (MLX),679,0.042861291999997775
vm,GPU (MLX),679,0.045200125000000924
exec,GPU (MLX),680,0.042434833999998034
vm,GPU (MLX),680,0.0448349580000027
exec,GPU (MLX),681,0.04276154200000093
vm,GPU (MLX),681,0.04542516700000476
exec,GPU (MLX),682,0.042438875000001985
vm,GPU (MLX),682,0.044679583000004186
exec,GPU (MLX),683,0.04276404200000172
vm,GPU (MLX),683,0.044567708000002426
exec,GPU (MLX),684,0.04250879200000668
vm,GPU (MLX),684,0.04472437500000126
exec,GPU (MLX),685,0.042754999999999654
vm,GPU (MLX),685,0.04655908300000533
exec,GPU (MLX),686,0.04242541600000038
vm,GPU (MLX),686,0.04539675000000187
exec,GPU (MLX),687,0.04284937499999586
vm,GPU (MLX),687,0.04491512500000283
exec,GPU (MLX),688,0.04253183300000529
vm,GPU (MLX),688,0.045030167000000176
exec,GPU (MLX),689,0.042792625000004136
vm,GPU (MLX),689,0.04517687500000278
exec,GPU (MLX),690,0.042450083000005634
vm,GPU (MLX),690,0.044919792000001735
exec,GPU (MLX),691,0.04278495900000223
vm,GPU (MLX),691,0.045185416999999006
exec,GPU (MLX),692,0.04240837500000083
vm,GPU (MLX),692,0.044814166999998406
exec,GPU (MLX),693,0.0427645830000003
vm,GPU (MLX),693,0.045217999999998426
exec,GPU (MLX),694,0.042448583000002316
vm,GPU (MLX),694,0.04493354099999891
exec,GPU (MLX),695,0.04279687500000051
vm,GPU (MLX),695,0.04487333400000182
exec,GPU (MLX),696,0.04244708400000263
vm,GPU (MLX),696,0.04556104200000277
exec,GPU (MLX),697,0.042782292000005384
vm,GPU (MLX),697,0.04542812500000082
exec,GPU (MLX),698,0.0424338750000004
vm,GPU (MLX),698,0.04485637500000195
exec,GPU (MLX),699,0.042782833999993386
vm,GPU (MLX),699,0.044843458999999086
exec,GPU (MLX),700,0.04238533400000222
vm,GPU (MLX),700,0.044866665999997224
exec,GPU (MLX),701,0.042798250000004145
vm,GPU (MLX),701,0.044953540999998154
exec,GPU (MLX),702,0.04240154100000382
vm,GPU (MLX),702,0.0449082080000025
exec,GPU (MLX),703,0.04275987500000156
vm,GPU (MLX),703,0.045362625000002765
exec,GPU (MLX),704,0.042548875000001374
vm,GPU (MLX),704,0.04536774999999693
exec,GPU (MLX),705,0.0427953750000043
vm,GPU (MLX),705,0.04498241699999994
exec,GPU (MLX),706,0.04239629199999939
vm,GPU (MLX),706,0.044937042000000815
exec,GPU (MLX),707,0.042784374999996544
vm,GPU (MLX),707,0.04476212499999832
exec,GPU (MLX),708,0.04242233300000464
vm,GPU (MLX),708,0.04482025000000078
exec,GPU (MLX),709,0.04276533299999841
vm,GPU (MLX),709,0.044813333999996985
exec,GPU (MLX),710,0.04240512500000193
vm,GPU (MLX),710,0.04485429200000368
exec,GPU (MLX),711,0.04278670799999418
vm,GPU (MLX),711,0.0449035410000036
exec,GPU (MLX),712,0.04243308299999882
vm,GPU (MLX),712,0.0449251249999989
exec,GPU (MLX),713,0.0427880000000016
vm,GPU (MLX),713,0.04522979099999702
exec,GPU (MLX),714,0.0424283329999966
vm,GPU (MLX),714,0.044943665999994664
exec,GPU (MLX),715,0.04277279200000095
vm,GPU (MLX),715,0.04536858400000199
exec,GPU (MLX),716,0.04241458399999942
vm,GPU (MLX),716,0.044915082999999356
exec,GPU (MLX),717,0.042759332999999344
vm,GPU (MLX),717,0.04501087500000267
exec,GPU (MLX),718,0.042403124999999875
vm,GPU (MLX),718,0.04507687499999946
exec,GPU (MLX),719,0.04277708299999716
vm,GPU (MLX),719,0.04496604100000212
exec,GPU (MLX),720,0.0424255420000037
vm,GPU (MLX),720,0.044933874999998125
exec,GPU (MLX),721,0.04277341699999937
vm,GPU (MLX),721,0.04502329200000332
exec,GPU (MLX),722,0.042429208000001495
vm,GPU (MLX),722,0.044921999999999684
exec,GPU (MLX),723,0.04282595800000166
vm,GPU (MLX),723,0.04492400000000174
exec,GPU (MLX),724,0.04238091700000268
vm,GPU (MLX),724,0.044831957999996064
exec,GPU (MLX),725,0.04277079100000236
vm,GPU (MLX),725,0.04479283299999537
exec,GPU (MLX),726,0.04242145900000338
vm,GPU (MLX),726,0.0448996669999957
exec,GPU (MLX),727,0.042768166999998414
vm,GPU (MLX),727,0.04492829200000159
exec,GPU (MLX),728,0.042388875000000326
vm,GPU (MLX),728,0.045046374999998307
exec,GPU (MLX),729,0.04273824999999931
vm,GPU (MLX),729,0.0451223330000019
exec,GPU (MLX),730,0.042423542000001646
vm,GPU (MLX),730,0.045408457999997154
exec,GPU (MLX),731,0.04277258300000142
vm,GPU (MLX),731,0.044873833000004026
exec,GPU (MLX),732,0.04257579099999731
vm,GPU (MLX),732,0.0454022500000022
exec,GPU (MLX),733,0.0428139170000037
vm,GPU (MLX),733,0.04509916599999997
exec,GPU (MLX),734,0.042421334000003696
vm,GPU (MLX),734,0.04500545900000219
exec,GPU (MLX),735,0.04277145800000426
vm,GPU (MLX),735,0.045143416999998465
exec,GPU (MLX),736,0.04237954199999905
vm,GPU (MLX),736,0.045064957999997546
exec,GPU (MLX),737,0.04274133300000216
vm,GPU (MLX),737,0.04565433300000166
exec,GPU (MLX),738,0.042385916999997164
vm,GPU (MLX),738,0.04518504199999995
exec,GPU (MLX),739,0.042770957999998416
vm,GPU (MLX),739,0.04519391699999886
exec,GPU (MLX),740,0.04241883299999927
vm,GPU (MLX),740,0.045070417000005136
exec,GPU (MLX),741,0.042874040999997476
vm,GPU (MLX),741,0.04497375000000403
exec,GPU (MLX),742,0.04235691699999933
vm,GPU (MLX),742,0.04504958399999737
exec,GPU (MLX),743,0.04281999999999897
vm,GPU (MLX),743,0.04527245799999946
exec,GPU (MLX),744,0.042453042000005325
vm,GPU (MLX),744,0.04514912500000179
exec,GPU (MLX),745,0.042724707999994394
vm,GPU (MLX),745,0.045251833000001795
exec,GPU (MLX),746,0.04240204200000619
vm,GPU (MLX),746,0.04514762499999847
exec,GPU (MLX),747,0.04283154200000183
vm,GPU (MLX),747,0.04558641699999555
exec,GPU (MLX),748,0.042421540999995955
vm,GPU (MLX),748,0.04582783400000068
exec,GPU (MLX),749,0.043018499999995186
vm,GPU (MLX),749,0.04509370899999965
exec,GPU (MLX),750,0.04240758299999925
vm,GPU (MLX),750,0.04515379200000069
exec,GPU (MLX),751,0.04277125000000126
vm,GPU (MLX),751,0.04517737500000152
exec,GPU (MLX),752,0.042413957999997365
vm,GPU (MLX),752,0.04511354200000284
exec,GPU (MLX),753,0.042870999999998105
vm,GPU (MLX),753,0.04514383299999736
exec,GPU (MLX),754,0.042821416999998974
vm,GPU (MLX),754,0.04495712500000337
exec,GPU (MLX),755,0.04273137500000246
vm,GPU (MLX),755,0.044987790999996946
exec,GPU (MLX),756,0.042409583000001305
vm,GPU (MLX),756,0.04507291700000593
exec,GPU (MLX),757,0.042750249999997436
vm,GPU (MLX),757,0.04508437500000184
exec,GPU (MLX),758,0.042446625000003735
vm,GPU (MLX),758,0.04501675000000205
exec,GPU (MLX),759,0.04276399999999825
vm,GPU (MLX),759,0.044972000000001344
exec,GPU (MLX),760,0.04244824999999963
vm,GPU (MLX),760,0.04504129100000398
exec,GPU (MLX),761,0.04278412500000428
vm,GPU (MLX),761,0.04491125000000551
exec,GPU (MLX),762,0.042408332999997356
vm,GPU (MLX),762,0.04508095899999631
exec,GPU (MLX),763,0.04274683300000248
vm,GPU (MLX),763,0.045398667000000614
exec,GPU (MLX),764,0.04242712500000323
vm,GPU (MLX),764,0.045450875000000224
exec,GPU (MLX),765,0.04288945799999766
vm,GPU (MLX),765,0.04530433400000078
exec,GPU (MLX),766,0.042419291999998165
vm,GPU (MLX),766,0.04515900000000528
exec,GPU (MLX),767,0.042750375000004226
vm,GPU (MLX),767,0.04501162500000078
exec,GPU (MLX),768,0.042442166999997255
vm,GPU (MLX),768,0.045026333000002694
exec,GPU (MLX),769,0.04278787500000192
vm,GPU (MLX),769,0.04537574999999805
exec,GPU (MLX),770,0.04237733300000457
vm,GPU (MLX),770,0.04486041699999532
exec,GPU (MLX),771,0.04274745900000454
vm,GPU (MLX),771,0.04578495799999871
exec,GPU (MLX),772,0.04240562500000067
vm,GPU (MLX),772,0.0449656669999996
exec,GPU (MLX),773,0.042769249999999204
vm,GPU (MLX),773,0.04497033300000197
exec,GPU (MLX),774,0.04239220899999907
vm,GPU (MLX),774,0.04495829200000401
exec,GPU (MLX),775,0.042790750000001765
vm,GPU (MLX),775,0.04531174999999621
exec,GPU (MLX),776,0.04243799999999709
vm,GPU (MLX),776,0.04493550000000113
exec,GPU (MLX),777,0.04279575000000335
vm,GPU (MLX),777,0.045930750000003684
exec,GPU (MLX),778,0.04237720799999778
vm,GPU (MLX),778,0.04613399999999501
exec,GPU (MLX),779,0.04280241700000431
vm,GPU (MLX),779,0.04508583400000532
exec,GPU (MLX),780,0.04249816600000145
vm,GPU (MLX),780,0.04561420800000349
exec,GPU (MLX),781,0.042741874999997265
vm,GPU (MLX),781,0.045864207999997575
exec,GPU (MLX),782,0.042415208999997844
vm,GPU (MLX),782,0.045446124999998005
exec,GPU (MLX),783,0.04304083299999917
vm,GPU (MLX),783,0.04506658399999708
exec,GPU (MLX),784,0.042419500000001165
vm,GPU (MLX),784,0.04511137500000473
exec,GPU (MLX),785,0.04277487499999921
vm,GPU (MLX),785,0.04504641700000178
exec,GPU (MLX),786,0.0424222919999977
vm,GPU (MLX),786,0.0450391250000024
exec,GPU (MLX),787,0.04274379100000658
vm,GPU (MLX),787,0.04539808300000203
exec,GPU (MLX),788,0.042412167000001944
vm,GPU (MLX),788,0.045033457999998916
exec,GPU (MLX),789,0.04275329200000044
vm,GPU (MLX),789,0.045011833000003776
exec,GPU (MLX),790,0.04239204199999591
vm,GPU (MLX),790,0.04504175000000288
exec,GPU (MLX),791,0.042737332999998046
vm,GPU (MLX),791,0.04505837499999643
exec,GPU (MLX),792,0.04240533300000493
vm,GPU (MLX),792,0.04508720799999821
exec,GPU (MLX),793,0.04280320899999879
vm,GPU (MLX),793,0.045089124999996955
exec,GPU (MLX),794,0.04244812499999995
vm,GPU (MLX),794,0.045124082999997484
exec,GPU (MLX),795,0.042761249999998086
vm,GPU (MLX),795,0.04514912500000179
exec,GPU (MLX),796,0.042442999999998676
vm,GPU (MLX),796,0.04597800000000518
exec,GPU (MLX),797,0.042751750000000754
vm,GPU (MLX),797,0.045139875000003826
exec,GPU (MLX),798,0.04240595799999625
vm,GPU (MLX),798,0.045177291000001674
exec,GPU (MLX),799,0.04274170899999774
vm,GPU (MLX),799,0.04520899999999983
exec,GPU (MLX),800,0.04244820799999616
vm,GPU (MLX),800,0.045056459000001325
exec,GPU (MLX),801,0.04301154200000212
vm,GPU (MLX),801,0.045156292000001486
exec,GPU (MLX),802,0.04240362499999861
vm,GPU (MLX),802,0.045106750000002194
exec,GPU (MLX),803,0.04279333299999877
vm,GPU (MLX),803,0.0458386250000018
exec,GPU (MLX),804,0.04240645899999862
vm,GPU (MLX),804,0.04519675000000234
exec,GPU (MLX),805,0.04277229200000221
vm,GPU (MLX),805,0.045178124999999625
exec,GPU (MLX),806,0.042534166999999456
vm,GPU (MLX),806,0.04502695900000475
exec,GPU (MLX),807,0.042764375000004407
vm,GPU (MLX),807,0.04506912499999771
exec,GPU (MLX),808,0.04239354199999923
vm,GPU (MLX),808,0.04522241699999796
exec,GPU (MLX),809,0.04277266600000473
vm,GPU (MLX),809,0.045150083000002894
exec,GPU (MLX),810,0.04241666700000479
vm,GPU (MLX),810,0.04534808300000037
exec,GPU (MLX),811,0.042769792000001416
vm,GPU (MLX),811,0.04523341699999861
exec,GPU (MLX),812,0.04240687499999751
vm,GPU (MLX),812,0.04512399999999417
exec,GPU (MLX),813,0.042759250000003135
vm,GPU (MLX),813,0.045695790999999986
exec,GPU (MLX),814,0.04246433300000518
vm,GPU (MLX),814,0.0452060000000003
exec,GPU (MLX),815,0.0427967919999972
vm,GPU (MLX),815,0.04509145900000533
exec,GPU (MLX),816,0.04242200000000196
vm,GPU (MLX),816,0.04510550000000535
exec,GPU (MLX),817,0.04275254199999523
vm,GPU (MLX),817,0.04509408300000217
exec,GPU (MLX),818,0.042633125000001826
vm,GPU (MLX),818,0.04507887500000152
exec,GPU (MLX),819,0.04276866699999715
vm,GPU (MLX),819,0.04604720900000103
exec,GPU (MLX),820,0.04241704100000021
vm,GPU (MLX),820,0.04513687499999719
exec,GPU (MLX),821,0.04277362500000237
vm,GPU (MLX),821,0.04567000000000121
exec,GPU (MLX),822,0.04241745800000274
vm,GPU (MLX),822,0.045176208000000884
exec,GPU (MLX),823,0.04277191700000316
vm,GPU (MLX),823,0.04523100000000113
exec,GPU (MLX),824,0.04242516600000101
vm,GPU (MLX),824,0.04526662500000356
exec,GPU (MLX),825,0.04275920799999966
vm,GPU (MLX),825,0.04530566600000441
exec,GPU (MLX),826,0.04240754199999941
vm,GPU (MLX),826,0.04518604199999743
exec,GPU (MLX),827,0.04276887500000015
vm,GPU (MLX),827,0.04524804199999721
exec,GPU (MLX),828,0.042423750000004645
vm,GPU (MLX),828,0.04522329199999575
exec,GPU (MLX),829,0.04304379100000233
vm,GPU (MLX),829,0.04520270900000156
exec,GPU (MLX),830,0.04239441600000049
vm,GPU (MLX),830,0.04509654099999949
exec,GPU (MLX),831,0.04285375000000613
vm,GPU (MLX),831,0.04521749999999969
exec,GPU (MLX),832,0.04242895799999502
vm,GPU (MLX),832,0.04516162499999865
exec,GPU (MLX),833,0.04274700000000564
vm,GPU (MLX),833,0.04523270900000398
exec,GPU (MLX),834,0.0423870410000049
vm,GPU (MLX),834,0.045324332999996386
exec,GPU (MLX),835,0.04281841700000655
vm,GPU (MLX),835,0.04514116600000051
exec,GPU (MLX),836,0.042677624999996056
vm,GPU (MLX),836,0.045736374999997054
exec,GPU (MLX),837,0.04307462499999559
vm,GPU (MLX),837,0.04565983400000562
exec,GPU (MLX),838,0.042671333000001255
vm,GPU (MLX),838,0.045221458999996855
exec,GPU (MLX),839,0.042930666000003725
vm,GPU (MLX),839,0.045169250000000716
exec,GPU (MLX),840,0.04253387499999661
vm,GPU (MLX),840,0.04532645800000523
exec,GPU (MLX),841,0.04291054099999769
vm,GPU (MLX),841,0.04526766600000087
exec,GPU (MLX),842,0.042565792000004876
vm,GPU (MLX),842,0.045195750000004864
exec,GPU (MLX),843,0.04285300000000092
vm,GPU (MLX),843,0.045272750000002304
exec,GPU (MLX),844,0.04251591600000637
vm,GPU (MLX),844,0.04524566700000321
exec,GPU (MLX),845,0.042903291999998316
vm,GPU (MLX),845,0.045126791999997806
exec,GPU (MLX),846,0.042719167000001335
vm,GPU (MLX),846,0.045335459000000355
exec,GPU (MLX),847,0.042923375000000874
vm,GPU (MLX),847,0.04571008300000301
exec,GPU (MLX),848,0.042689416999998286
vm,GPU (MLX),848,0.045163833000003706
exec,GPU (MLX),849,0.042894749999994986
vm,GPU (MLX),849,0.045182374999996
exec,GPU (MLX),850,0.04252445799999549
vm,GPU (MLX),850,0.04524141599999609
exec,GPU (MLX),851,0.042912334000000385
vm,GPU (MLX),851,0.04518166700000137
exec,GPU (MLX),852,0.04251858300000322
vm,GPU (MLX),852,0.04524041599999862
exec,GPU (MLX),853,0.04294099999999901
vm,GPU (MLX),853,0.04525970899999976
exec,GPU (MLX),854,0.04254249999999615
vm,GPU (MLX),854,0.04516233300000039
exec,GPU (MLX),855,0.04293450000000121
vm,GPU (MLX),855,0.04521004200000078
exec,GPU (MLX),856,0.04272562499999566
vm,GPU (MLX),856,0.045162959000002445
exec,GPU (MLX),857,0.04288724999999971
vm,GPU (MLX),857,0.04519383299999902
exec,GPU (MLX),858,0.04254175000000515
vm,GPU (MLX),858,0.04513512500000161
exec,GPU (MLX),859,0.04288570899999655
vm,GPU (MLX),859,0.04508379199999979
exec,GPU (MLX),860,0.04251312499999926
vm,GPU (MLX),860,0.04532350000000207
exec,GPU (MLX),861,0.04288224999999812
vm,GPU (MLX),861,0.045186499999999796
exec,GPU (MLX),862,0.04250862500000352
vm,GPU (MLX),862,0.0452194160000019
exec,GPU (MLX),863,0.04286645900000252
vm,GPU (MLX),863,0.04575049999999692
exec,GPU (MLX),864,0.04260574999999989
vm,GPU (MLX),864,0.04588141700000392
exec,GPU (MLX),865,0.04292066699999708
vm,GPU (MLX),865,0.045131209000004446
exec,GPU (MLX),866,0.04257404199999826
vm,GPU (MLX),866,0.04510920799999951
exec,GPU (MLX),867,0.04292558300000593
vm,GPU (MLX),867,0.04507120800000308
exec,GPU (MLX),868,0.042507209000000046
vm,GPU (MLX),868,0.045000915999999336
exec,GPU (MLX),869,0.042858916000000136
vm,GPU (MLX),869,0.04505583299999927
exec,GPU (MLX),870,0.04254641699999695
vm,GPU (MLX),870,0.0460889589999951
exec,GPU (MLX),871,0.04290650000000085
vm,GPU (MLX),871,0.0451721660000004
exec,GPU (MLX),872,0.04253962500000341
vm,GPU (MLX),872,0.045120750000002374
exec,GPU (MLX),873,0.04290862499999548
vm,GPU (MLX),873,0.04520208400000314
exec,GPU (MLX),874,0.0425258750000026
vm,GPU (MLX),874,0.04516179200000181
exec,GPU (MLX),875,0.04287416699999369
vm,GPU (MLX),875,0.045111083000001884
exec,GPU (MLX),876,0.042526625000000706
vm,GPU (MLX),876,0.04515745900000212
exec,GPU (MLX),877,0.042933916999999155
vm,GPU (MLX),877,0.04509645800000328
exec,GPU (MLX),878,0.042495583000004444
vm,GPU (MLX),878,0.04498079100000041
exec,GPU (MLX),879,0.042877666000002534
vm,GPU (MLX),879,0.045136917000000665
exec,GPU (MLX),880,0.04252195900000544
vm,GPU (MLX),880,0.0457079589999978
exec,GPU (MLX),881,0.04292604199999772
vm,GPU (MLX),881,0.04556712499999804
exec,GPU (MLX),882,0.04255783400000013
vm,GPU (MLX),882,0.04504708300000004
exec,GPU (MLX),883,0.042917708000004495
vm,GPU (MLX),883,0.045335500000000195
exec,GPU (MLX),884,0.04256649999999951
vm,GPU (MLX),884,0.04509074999999996
exec,GPU (MLX),885,0.04296987499999716
vm,GPU (MLX),885,0.04501470799999652
exec,GPU (MLX),886,0.042522415999997065
vm,GPU (MLX),886,0.04555075000000386
exec,GPU (MLX),887,0.04290000000000305
vm,GPU (MLX),887,0.045028000000002066
exec,GPU (MLX),888,0.04254791700000027
vm,GPU (MLX),888,0.04566079199999962
exec,GPU (MLX),889,0.04288991699999656
vm,GPU (MLX),889,0.04513208400000224
exec,GPU (MLX),890,0.042528125000004025
vm,GPU (MLX),890,0.044994457999997906
exec,GPU (MLX),891,0.04290933299999722
vm,GPU (MLX),891,0.044998790999997595
exec,GPU (MLX),892,0.04251883300000259
vm,GPU (MLX),892,0.044964417000002754
exec,GPU (MLX),893,0.04292687499999914
vm,GPU (MLX),893,0.04502300000000048
exec,GPU (MLX),894,0.04254683399999948
vm,GPU (MLX),894,0.04526358300000055
exec,GPU (MLX),895,0.04291091700000038
vm,GPU (MLX),895,0.045076375000000724
exec,GPU (MLX),896,0.04251420900000369
vm,GPU (MLX),896,0.045084334000002
exec,GPU (MLX),897,0.042903750000000684
vm,GPU (MLX),897,0.04577650000000233
exec,GPU (MLX),898,0.042530083999999135
vm,GPU (MLX),898,0.045261541000002126
exec,GPU (MLX),899,0.04292916600000041
vm,GPU (MLX),899,0.045090207999997745
exec,GPU (MLX),900,0.042553750000003276
vm,GPU (MLX),900,0.04513424999999671
exec,GPU (MLX),901,0.0429163340000045
vm,GPU (MLX),901,0.045060874999997225
exec,GPU (MLX),902,0.042586624999998435
vm,GPU (MLX),902,0.04496916699999787
exec,GPU (MLX),903,0.04289745799999878
vm,GPU (MLX),903,0.04536795799999993
exec,GPU (MLX),904,0.04252591699999897
vm,GPU (MLX),904,0.045768666999997265
exec,GPU (MLX),905,0.042910291999994854
vm,GPU (MLX),905,0.045115166000002205
exec,GPU (MLX),906,0.04254991599999869
vm,GPU (MLX),906,0.04517729099999457
exec,GPU (MLX),907,0.04290658300000416
vm,GPU (MLX),907,0.04503204200000255
exec,GPU (MLX),908,0.042545167000000106
vm,GPU (MLX),908,0.04505158399999942
exec,GPU (MLX),909,0.04290345899999437
vm,GPU (MLX),909,0.04509270799999854
exec,GPU (MLX),910,0.042503249999995774
vm,GPU (MLX),910,0.04533504099999419
exec,GPU (MLX),911,0.042875208000005216
vm,GPU (MLX),911,0.04500145800000155
exec,GPU (MLX),912,0.042520249999995485
vm,GPU (MLX),912,0.045044875000002094
exec,GPU (MLX),913,0.04299154200000288
vm,GPU (MLX),913,0.0456270829999994
exec,GPU (MLX),914,0.04251391599999721
vm,GPU (MLX),914,0.04509862500000139
exec,GPU (MLX),915,0.04288895899999545
vm,GPU (MLX),915,0.045146333000005257
exec,GPU (MLX),916,0.042544207999995365
vm,GPU (MLX),916,0.04507974999999931
exec,GPU (MLX),917,0.04328800000000399
vm,GPU (MLX),917,0.0450720409999974
exec,GPU (MLX),918,0.04252954199999692
vm,GPU (MLX),918,0.0451786659999982
exec,GPU (MLX),919,0.04292916699999694
vm,GPU (MLX),919,0.04507358400000072
exec,GPU (MLX),920,0.04255283399999854
vm,GPU (MLX),920,0.045982750000000294
exec,GPU (MLX),921,0.04289862499999941
vm,GPU (MLX),921,0.04503650000000192
exec,GPU (MLX),922,0.04252008299999943
vm,GPU (MLX),922,0.046162084000002324
exec,GPU (MLX),923,0.04293554199999505
vm,GPU (MLX),923,0.046518083000002264
exec,GPU (MLX),924,0.04254016699999852
vm,GPU (MLX),924,0.047731458999997756
exec,GPU (MLX),925,0.042904874999997844
vm,GPU (MLX),925,0.04715820800000614
exec,GPU (MLX),926,0.04254170900000531
vm,GPU (MLX),926,0.045853624999999454
exec,GPU (MLX),927,0.04292470899999756
vm,GPU (MLX),927,0.04538108399999885
exec,GPU (MLX),928,0.04254274999999552
vm,GPU (MLX),928,0.04503791699999482
exec,GPU (MLX),929,0.0429245419999944
vm,GPU (MLX),929,0.04522254200000475
exec,GPU (MLX),930,0.042556457999999964
vm,GPU (MLX),930,0.04551433299999985
exec,GPU (MLX),931,0.04287062500000616
vm,GPU (MLX),931,0.045580000000001064
exec,GPU (MLX),932,0.042505291000004775
vm,GPU (MLX),932,0.045641666999998165
exec,GPU (MLX),933,0.04290579100000258
vm,GPU (MLX),933,0.045089083000000585
exec,GPU (MLX),934,0.04255262499999901
vm,GPU (MLX),934,0.045014250000001255
exec,GPU (MLX),935,0.04300629200000117
vm,GPU (MLX),935,0.044992249999999956
exec,GPU (MLX),936,0.04256216699999982
vm,GPU (MLX),936,0.04530354100000267
exec,GPU (MLX),937,0.04292754100000451
vm,GPU (MLX),937,0.04509224999999617
exec,GPU (MLX),938,0.04252183300000212
vm,GPU (MLX),938,0.04523258399999719
exec,GPU (MLX),939,0.042871167000001265
vm,GPU (MLX),939,0.045432042000001616
exec,GPU (MLX),940,0.042538917000001675
vm,GPU (MLX),940,0.045344958000001157
exec,GPU (MLX),941,0.042919666999999606
vm,GPU (MLX),941,0.045005457999998555
exec,GPU (MLX),942,0.04253987500000278
vm,GPU (MLX),942,0.04509454200000107
exec,GPU (MLX),943,0.04288933400000161
vm,GPU (MLX),943,0.04515216699999769
exec,GPU (MLX),944,0.042565749999994296
vm,GPU (MLX),944,0.04496570799999944
exec,GPU (MLX),945,0.042895708999999727
vm,GPU (MLX),945,0.04493954099999797
exec,GPU (MLX),946,0.04263541699999962
vm,GPU (MLX),946,0.04572916600000099
exec,GPU (MLX),947,0.042888707999999554
vm,GPU (MLX),947,0.045552416999996126
exec,GPU (MLX),948,0.04251541600000053
vm,GPU (MLX),948,0.045638457999999105
exec,GPU (MLX),949,0.04287324999999953
vm,GPU (MLX),949,0.04510141699999792
exec,GPU (MLX),950,0.04253395799999993
vm,GPU (MLX),950,0.045101040999995234
exec,GPU (MLX),951,0.042884374999999864
vm,GPU (MLX),951,0.045151041000004
exec,GPU (MLX),952,0.04258491599999559
vm,GPU (MLX),952,0.04527720899999821
exec,GPU (MLX),953,0.04287170900000348
vm,GPU (MLX),953,0.04522220799999843
exec,GPU (MLX),954,0.04255520899999965
vm,GPU (MLX),954,0.045171584000001985
exec,GPU (MLX),955,0.04294429099999775
vm,GPU (MLX),955,0.045287542000004066
exec,GPU (MLX),956,0.04252783300000118
vm,GPU (MLX),956,0.045101207999998394
exec,GPU (MLX),957,0.042912292000004015
vm,GPU (MLX),957,0.04517958299999947
exec,GPU (MLX),958,0.04252091699999738
vm,GPU (MLX),958,0.04511200000000315
exec,GPU (MLX),959,0.04290974999999975
vm,GPU (MLX),959,0.04506099999999691
exec,GPU (MLX),960,0.042557459000001074
vm,GPU (MLX),960,0.045208709000000624
exec,GPU (MLX),961,0.042882167000001914
vm,GPU (MLX),961,0.04589591700000284
exec,GPU (MLX),962,0.042547583000001055
vm,GPU (MLX),962,0.04543083300000461
exec,GPU (MLX),963,0.04288541599999718
vm,GPU (MLX),963,0.04522308399999986
exec,GPU (MLX),964,0.04252145799999596
vm,GPU (MLX),964,0.04587504100000217
exec,GPU (MLX),965,0.042916499999996915
vm,GPU (MLX),965,0.04600266699999622
exec,GPU (MLX),966,0.0425377090000012
vm,GPU (MLX),966,0.045324499999999546
exec,GPU (MLX),967,0.04289437500000304
vm,GPU (MLX),967,0.045355374999999754
exec,GPU (MLX),968,0.04264775000000043
vm,GPU (MLX),968,0.04524383300000068
exec,GPU (MLX),969,0.04289233300000461
vm,GPU (MLX),969,0.04539249999999839
exec,GPU (MLX),970,0.04253758299999788
vm,GPU (MLX),970,0.04520866600000062
exec,GPU (MLX),971,0.0429029579999991
vm,GPU (MLX),971,0.04602558300000226
exec,GPU (MLX),972,0.042546417000004055
vm,GPU (MLX),972,0.04518525000000295
exec,GPU (MLX),973,0.042905042000001004
vm,GPU (MLX),973,0.04514908399999484
exec,GPU (MLX),974,0.04252379199999723
vm,GPU (MLX),974,0.045177209000001994
exec,GPU (MLX),975,0.04291716600000228
vm,GPU (MLX),975,0.04505799999999738
exec,GPU (MLX),976,0.04254062500000089
vm,GPU (MLX),976,0.04522912499999876
exec,GPU (MLX),977,0.042924167000002456
vm,GPU (MLX),977,0.04512666700000523
exec,GPU (MLX),978,0.04252466599999849
vm,GPU (MLX),978,0.04513454099999592
exec,GPU (MLX),979,0.042900332999998625
vm,GPU (MLX),979,0.04523749999999893
exec,GPU (MLX),980,0.04253062499999771
vm,GPU (MLX),980,0.04557362500000295
exec,GPU (MLX),981,0.042889417000004926
vm,GPU (MLX),981,0.0458509579999955
exec,GPU (MLX),982,0.04250799999999799
vm,GPU (MLX),982,0.04565620800000403
exec,GPU (MLX),983,0.04291279099999912
vm,GPU (MLX),983,0.04520899999999983
exec,GPU (MLX),984,0.04252479200000181
vm,GPU (MLX),984,0.04528475000000043
exec,GPU (MLX),985,0.04287154099999668
vm,GPU (MLX),985,0.04519599999999713
exec,GPU (MLX),986,0.04254195799999394
vm,GPU (MLX),986,0.04530454199999667
exec,GPU (MLX),987,0.04291637499999723
vm,GPU (MLX),987,0.0457760829999998
exec,GPU (MLX),988,0.042542125000004205
vm,GPU (MLX),988,0.04519908299999997
exec,GPU (MLX),989,0.0428670000000011
vm,GPU (MLX),989,0.045244916999998
exec,GPU (MLX),990,0.042557041999998546
vm,GPU (MLX),990,0.045218167000001586
exec,GPU (MLX),991,0.04286270800000125
vm,GPU (MLX),991,0.045177041000002305
exec,GPU (MLX),992,0.04251562500000006
vm,GPU (MLX),992,0.045167415999998184
exec,GPU (MLX),993,0.04317516599999749
vm,GPU (MLX),993,0.045162791999999286
exec,GPU (MLX),994,0.042541333000002624
vm,GPU (MLX),994,0.04517066700000072
exec,GPU (MLX),995,0.04291462500000165
vm,GPU (MLX),995,0.045219291999998745
exec,GPU (MLX),996,0.04253716699999899
vm,GPU (MLX),996,0.04576991699999411
exec,GPU (MLX),997,0.042900250000002416
vm,GPU (MLX),997,0.04541000000000395
exec,GPU (MLX),998,0.04250933299999815
vm,GPU (MLX),998,0.04524145799999957
exec,GPU (MLX),999,0.04289404099999672
vm,GPU (MLX),999,0.04528300000000485
exec,GPU (MLX),1000,0.04250458299999593
vm,GPU (MLX),1000,0.045267416000001504
exec,PyTorch Tensor Math (MPS (Apple Silicon GPU)),1,0.04147350000000016
vm,PyTorch Tensor Math (MPS (Apple Silicon GPU)),1,0.04171591699999999
exec,PyTorch Tensor Math (MPS (Apple Silicon GPU)),2,0.042266499999999985
vm,PyTorch Tensor Math (MPS (Apple Silicon GPU)),2,0.04158287500000002
exec,PyTorch Tensor Math (MPS (Apple Silicon GPU)),3,0.041517040999999866
vm,PyTorch Tensor Math (MPS (Apple Silicon GPU)),3,0.04252695800000006
exec,PyTorch Tensor Math (MPS (Apple Silicon GPU)),4,0.04152375000000008
vm,PyTorch Tensor Math (MPS (Apple Silicon GPU)),4,0.0426084590000001
exec,PyTorch Tensor Math (MPS (Apple Silicon GPU)),5,0.041454209000000075
vm,PyTorch Tensor Math (MPS (Apple Silicon GPU)),5,0.04268799999999995
exec,PyTorch Tensor Math (MPS (Apple Silicon GPU)),6,0.041450125000000115
vm,PyTorch Tensor Math (MPS (Apple Silicon GPU)),6,0.041955042
exec,PyTorch Tensor Math (MPS (Apple Silicon GPU)),7,0.04145549999999987
vm,PyTorch Tensor Math (MPS (Apple Silicon GPU)),7,0.041988834000000086
exec,PyTorch Tensor Math (MPS (Apple Silicon GPU)),8,0.04146854099999997
vm,PyTorch Tensor Math (MPS (Apple Silicon GPU)),8,0.04162616599999991
exec,PyTorch Tensor Math (MPS (Apple Silicon GPU)),9,0.04142933400000004
vm,PyTorch Tensor Math (MPS (Apple Silicon GPU)),9,0.04162591699999996
exec,PyTorch Tensor Math (MPS (Apple Silicon GPU)),10,0.04145604199999986
vm,PyTorch Tensor Math (MPS (Apple Silicon GPU)),10,0.041552374999999975
exec,PyTorch Tensor Math (MPS (Apple Silicon GPU)),11,0.04145849999999984
vm,PyTorch Tensor Math (MPS (Apple Silicon GPU)),11,0.041598041999999946
exec,PyTorch Tensor Math (MPS (Apple Silicon GPU)),12,0.04143679099999997
vm,PyTorch Tensor Math (MPS (Apple Silicon GPU)),12,0.04180766700000005
exec,PyTorch Tensor Math (MPS (Apple Silicon GPU)),13,0.04146937500000014
vm,PyTorch Tensor Math (MPS (Apple Silicon GPU)),13,0.041981333000000065
exec,PyTorch Tensor Math (MPS (Apple Silicon GPU)),14,0.04144183400000001
vm,PyTorch Tensor Math (MPS (Apple Silicon GPU)),14,0.04251066700000017
exec,PyTorch Tensor Math (MPS (Apple Silicon GPU)),15,0.04148583299999986
vm,PyTorch Tensor Math (MPS (Apple Silicon GPU)),15,0.04164770799999995
exec,PyTorch Tensor Math (MPS (Apple Silicon GPU)),16,0.04143041699999994
vm,PyTorch Tensor Math (MPS (Apple Silicon GPU)),16,0.042003541000000144
exec,PyTorch Tensor Math (MPS (Apple Silicon GPU)),17,0.041601792000000026
vm,PyTorch Tensor Math (MPS (Apple Silicon GPU)),17,0.04165520799999989
exec,PyTorch Tensor Math (MPS (Apple Silicon GPU)),18,0.04159841699999989
vm,PyTorch Tensor Math (MPS (Apple Silicon GPU)),18,0.04162241600000005
exec,PyTorch Tensor Math (MPS (Apple Silicon GPU)),19,0.0414672920000001
vm,PyTorch Tensor Math (MPS (Apple Silicon GPU)),19,0.04161079199999995
exec,PyTorch Tensor Math (MPS (Apple Silicon GPU)),20,0.04149870799999977
vm,PyTorch Tensor Math (MPS (Apple Silicon GPU)),20,0.04164824999999994
exec,PyTorch Tensor Math (MPS (Apple Silicon GPU)),21,0.04156220800000021
vm,PyTorch Tensor Math (MPS (Apple Silicon GPU)),21,0.0416737920000001
exec,PyTorch Tensor Math (MPS (Apple Silicon GPU)),22,0.04155616699999998
vm,PyTorch Tensor Math (MPS (Apple Silicon GPU)),22,0.04164224999999999
exec,PyTorch Tensor Math (MPS (Apple Silicon GPU)),23,0.041565041999999774
vm,PyTorch Tensor Math (MPS (Apple Silicon GPU)),23,0.0417380420000002
exec,PyTorch Tensor Math (MPS (Apple Silicon GPU)),24,0.0415371659999999
vm,PyTorch Tensor Math (MPS (Apple Silicon GPU)),24,0.041671374999999955
exec,PyTorch Tensor Math (MPS (Apple Silicon GPU)),25,0.0415354579999998
vm,PyTorch Tensor Math (MPS (Apple Silicon GPU)),25,0.04165779200000008
exec,PyTorch Tensor Math (MPS (Apple Silicon GPU)),26,0.04155712499999975
vm,PyTorch Tensor Math (MPS (Apple Silicon GPU)),26,0.04182270899999985
exec,PyTorch Tensor Math (MPS (Apple Silicon GPU)),27,0.04158120799999976
vm,PyTorch Tensor Math (MPS (Apple Silicon GPU)),27,0.041561957999999954
exec,PyTorch Tensor Math (MPS (Apple Silicon GPU)),28,0.04153541599999988
vm,PyTorch Tensor Math (MPS (Apple Silicon GPU)),28,0.04263725000000007
exec,PyTorch Tensor Math (MPS (Apple Silicon GPU)),29,0.04154654199999985
vm,PyTorch Tensor Math (MPS (Apple Silicon GPU)),29,0.04314416600000004
exec,PyTorch Tensor Math (MPS (Apple Silicon GPU)),30,0.04154391600000018
vm,PyTorch Tensor Math (MPS (Apple Silicon GPU)),30,0.042193499999999995
exec,PyTorch Tensor Math (MPS (Apple Silicon GPU)),31,0.041562625000000075
vm,PyTorch Tensor Math (MPS (Apple Silicon GPU)),31,0.042471625000000124
exec,PyTorch Tensor Math (MPS (Apple Silicon GPU)),32,0.041554749999999974
vm,PyTorch Tensor Math (MPS (Apple Silicon GPU)),32,0.041671000000000014
exec,PyTorch Tensor Math (MPS (Apple Silicon GPU)),33,0.04153995799999999
vm,PyTorch Tensor Math (MPS (Apple Silicon GPU)),33,0.041702125000000034
exec,PyTorch Tensor Math (MPS (Apple Silicon GPU)),34,0.04157662499999981
vm,PyTorch Tensor Math (MPS (Apple Silicon GPU)),34,0.041665667000000184
exec,PyTorch Tensor Math (MPS (Apple Silicon GPU)),35,0.041534708000000364
vm,PyTorch Tensor Math (MPS (Apple Silicon GPU)),35,0.04165454199999985
exec,PyTorch Tensor Math (MPS (Apple Silicon GPU)),36,0.04155862499999996
vm,PyTorch Tensor Math (MPS (Apple Silicon GPU)),36,0.041723625000000375
exec,PyTorch Tensor Math (MPS (Apple Silicon GPU)),37,0.041568625000000026
vm,PyTorch Tensor Math (MPS (Apple Silicon GPU)),37,0.04282016699999991
exec,PyTorch Tensor Math (MPS (Apple Silicon GPU)),38,0.041550625000000174
vm,PyTorch Tensor Math (MPS (Apple Silicon GPU)),38,0.04199012500000032
exec,PyTorch Tensor Math (MPS (Apple Silicon GPU)),39,0.04154254199999974
vm,PyTorch Tensor Math (MPS (Apple Silicon GPU)),39,0.04195345899999969
exec,PyTorch Tensor Math (MPS (Apple Silicon GPU)),40,0.04155154200000011
vm,PyTorch Tensor Math (MPS (Apple Silicon GPU)),40,0.04169912500000006
exec,PyTorch Tensor Math (MPS (Apple Silicon GPU)),41,0.04156116700000023
vm,PyTorch Tensor Math (MPS (Apple Silicon GPU)),41,0.041790500000000286
exec,PyTorch Tensor Math (MPS (Apple Silicon GPU)),42,0.04156166600000022
vm,PyTorch Tensor Math (MPS (Apple Silicon GPU)),42,0.04171695799999986
exec,PyTorch Tensor Math (MPS (Apple Silicon GPU)),43,0.041549584000000195
vm,PyTorch Tensor Math (MPS (Apple Silicon GPU)),43,0.04182158299999994
exec,PyTorch Tensor Math (MPS (Apple Silicon GPU)),44,0.04156491600000001
vm,PyTorch Tensor Math (MPS (Apple Silicon GPU)),44,0.04182083400000014
exec,PyTorch Tensor Math (MPS (Apple Silicon GPU)),45,0.041543292000000065
vm,PyTorch Tensor Math (MPS (Apple Silicon GPU)),45,0.041734791000000104
exec,PyTorch Tensor Math (MPS (Apple Silicon GPU)),46,0.041573416999999946
vm,PyTorch Tensor Math (MPS (Apple Silicon GPU)),46,0.04169312500000011
exec,PyTorch Tensor Math (MPS (Apple Silicon GPU)),47,0.04155395800000017
vm,PyTorch Tensor Math (MPS (Apple Silicon GPU)),47,0.04205945799999977
exec,PyTorch Tensor Math (MPS (Apple Silicon GPU)),48,0.04155129099999977
vm,PyTorch Tensor Math (MPS (Apple Silicon GPU)),48,0.041698708999999834
exec,PyTorch Tensor Math (MPS (Apple Silicon GPU)),49,0.04155845799999991
vm,PyTorch Tensor Math (MPS (Apple Silicon GPU)),49,0.04172262499999979
exec,PyTorch Tensor Math (MPS (Apple Silicon GPU)),50,0.041566541000000345
vm,PyTorch Tensor Math (MPS (Apple Silicon GPU)),50,0.04164029199999986
exec,PyTorch Tensor Math (MPS (Apple Silicon GPU)),51,0.04214370899999986
vm,PyTorch Tensor Math (MPS (Apple Silicon GPU)),51,0.04246970900000013
exec,PyTorch Tensor Math (MPS (Apple Silicon GPU)),52,0.041531874999999996
vm,PyTorch Tensor Math (MPS (Apple Silicon GPU)),52,0.04279570799999988
exec,PyTorch Tensor Math (MPS (Apple Silicon GPU)),53,0.04155670800000033
vm,PyTorch Tensor Math (MPS (Apple Silicon GPU)),53,0.04207033299999985
exec,PyTorch Tensor Math (MPS (Apple Silicon GPU)),54,0.04155695899999978
vm,PyTorch Tensor Math (MPS (Apple Silicon GPU)),54,0.0419812089999998
exec,PyTorch Tensor Math (MPS (Apple Silicon GPU)),55,0.041535624999999854
vm,PyTorch Tensor Math (MPS (Apple Silicon GPU)),55,0.04202366700000004
exec,PyTorch Tensor Math (MPS (Apple Silicon GPU)),56,0.041567416999999995
vm,PyTorch Tensor Math (MPS (Apple Silicon GPU)),56,0.04175041700000026
exec,PyTorch Tensor Math (MPS (Apple Silicon GPU)),57,0.04154866700000026
vm,PyTorch Tensor Math (MPS (Apple Silicon GPU)),57,0.04171487499999982
exec,PyTorch Tensor Math (MPS (Apple Silicon GPU)),58,0.04154887499999971
vm,PyTorch Tensor Math (MPS (Apple Silicon GPU)),58,0.04171566700000007
exec,PyTorch Tensor Math (MPS (Apple Silicon GPU)),59,0.041566041999999914
vm,PyTorch Tensor Math (MPS (Apple Silicon GPU)),59,0.04172341599999996
exec,PyTorch Tensor Math (MPS (Apple Silicon GPU)),60,0.04155987499999991
vm,PyTorch Tensor Math (MPS (Apple Silicon GPU)),60,0.042202167000000124
exec,PyTorch Tensor Math (MPS (Apple Silicon GPU)),61,0.04153758399999985
vm,PyTorch Tensor Math (MPS (Apple Silicon GPU)),61,0.042635417000000064
exec,PyTorch Tensor Math (MPS (Apple Silicon GPU)),62,0.04156191600000003
vm,PyTorch Tensor Math (MPS (Apple Silicon GPU)),62,0.04232620900000006
exec,PyTorch Tensor Math (MPS (Apple Silicon GPU)),63,0.041547624999999755
vm,PyTorch Tensor Math (MPS (Apple Silicon GPU)),63,0.042915166999999865
exec,PyTorch Tensor Math (MPS (Apple Silicon GPU)),64,0.04155187500000013
vm,PyTorch Tensor Math (MPS (Apple Silicon GPU)),64,0.0417524170000001
exec,PyTorch Tensor Math (MPS (Apple Silicon GPU)),65,0.04155420799999998
vm,PyTorch Tensor Math (MPS (Apple Silicon GPU)),65,0.04171466700000037
exec,PyTorch Tensor Math (MPS (Apple Silicon GPU)),66,0.04155854099999967
vm,PyTorch Tensor Math (MPS (Apple Silicon GPU)),66,0.041680083000000145
exec,PyTorch Tensor Math (MPS (Apple Silicon GPU)),67,0.04155979199999926
vm,PyTorch Tensor Math (MPS (Apple Silicon GPU)),67,0.041686542000000326
exec,PyTorch Tensor Math (MPS (Apple Silicon GPU)),68,0.041557582999999454
vm,PyTorch Tensor Math (MPS (Apple Silicon GPU)),68,0.041727250000000105
exec,PyTorch Tensor Math (MPS (Apple Silicon GPU)),69,0.04154508299999993
vm,PyTorch Tensor Math (MPS (Apple Silicon GPU)),69,0.04189170800000008
exec,PyTorch Tensor Math (MPS (Apple Silicon GPU)),70,0.04155883299999985
vm,PyTorch Tensor Math (MPS (Apple Silicon GPU)),70,0.04170758299999999
exec,PyTorch Tensor Math (MPS (Apple Silicon GPU)),71,0.041566916999999926
vm,PyTorch Tensor Math (MPS (Apple Silicon GPU)),71,0.04168737499999997
exec,PyTorch Tensor Math (MPS (Apple Silicon GPU)),72,0.0415514589999999
vm,PyTorch Tensor Math (MPS (Apple Silicon GPU)),72,0.04171466699999993
exec,PyTorch Tensor Math (MPS (Apple Silicon GPU)),73,0.041546667000000426
vm,PyTorch Tensor Math (MPS (Apple Silicon GPU)),73,0.04173366700000036
exec,PyTorch Tensor Math (MPS (Apple Silicon GPU)),74,0.04157016599999963
vm,PyTorch Tensor Math (MPS (Apple Silicon GPU)),74,0.04172216700000009
exec,PyTorch Tensor Math (MPS (Apple Silicon GPU)),75,0.041560333000000504
vm,PyTorch Tensor Math (MPS (Apple Silicon GPU)),75,0.04257299999999997
exec,PyTorch Tensor Math (MPS (Apple Silicon GPU)),76,0.04153654200000023
vm,PyTorch Tensor Math (MPS (Apple Silicon GPU)),76,0.04204400000000019
exec,PyTorch Tensor Math (MPS (Apple Silicon GPU)),77,0.04155879200000001
vm,PyTorch Tensor Math (MPS (Apple Silicon GPU)),77,0.04207520900000006
exec,PyTorch Tensor Math (MPS (Apple Silicon GPU)),78,0.041558208999999735
vm,PyTorch Tensor Math (MPS (Apple Silicon GPU)),78,0.042549917000000104
exec,PyTorch Tensor Math (MPS (Apple Silicon GPU)),79,0.04154474999999991
vm,PyTorch Tensor Math (MPS (Apple Silicon GPU)),79,0.04166295799999986
exec,PyTorch Tensor Math (MPS (Apple Silicon GPU)),80,0.041567333000000595
vm,PyTorch Tensor Math (MPS (Apple Silicon GPU)),80,0.04165791599999924
exec,PyTorch Tensor Math (MPS (Apple Silicon GPU)),81,0.04153541699999952
vm,PyTorch Tensor Math (MPS (Apple Silicon GPU)),81,0.04168170899999968
exec,PyTorch Tensor Math (MPS (Apple Silicon GPU)),82,0.04155895800000042
vm,PyTorch Tensor Math (MPS (Apple Silicon GPU)),82,0.04169879200000004
exec,PyTorch Tensor Math (MPS (Apple Silicon GPU)),83,0.041566624999999746
vm,PyTorch Tensor Math (MPS (Apple Silicon GPU)),83,0.0416396670000001
exec,PyTorch Tensor Math (MPS (Apple Silicon GPU)),84,0.04155429100000063
vm,PyTorch Tensor Math (MPS (Apple Silicon GPU)),84,0.042674041000000607
exec,PyTorch Tensor Math (MPS (Apple Silicon GPU)),85,0.041553624999999705
vm,PyTorch Tensor Math (MPS (Apple Silicon GPU)),85,0.042686208000000114
exec,PyTorch Tensor Math (MPS (Apple Silicon GPU)),86,0.04156174999999962
vm,PyTorch Tensor Math (MPS (Apple Silicon GPU)),86,0.04291462499999987
exec,PyTorch Tensor Math (MPS (Apple Silicon GPU)),87,0.04155091599999938
vm,PyTorch Tensor Math (MPS (Apple Silicon GPU)),87,0.042448709000000306
exec,PyTorch Tensor Math (MPS (Apple Silicon GPU)),88,0.04155566699999991
vm,PyTorch Tensor Math (MPS (Apple Silicon GPU)),88,0.04204074999999996
exec,PyTorch Tensor Math (MPS (Apple Silicon GPU)),89,0.041556249999999295
vm,PyTorch Tensor Math (MPS (Apple Silicon GPU)),89,0.04194037500000025
exec,PyTorch Tensor Math (MPS (Apple Silicon GPU)),90,0.04156037500000043
vm,PyTorch Tensor Math (MPS (Apple Silicon GPU)),90,0.04186458299999973
exec,PyTorch Tensor Math (MPS (Apple Silicon GPU)),91,0.041547291999999736
vm,PyTorch Tensor Math (MPS (Apple Silicon GPU)),91,0.0418820000000002
exec,PyTorch Tensor Math (MPS (Apple Silicon GPU)),92,0.04155708399999991
vm,PyTorch Tensor Math (MPS (Apple Silicon GPU)),92,0.042004332999999505
exec,PyTorch Tensor Math (MPS (Apple Silicon GPU)),93,0.0415565830000002
vm,PyTorch Tensor Math (MPS (Apple Silicon GPU)),93,0.04204070800000004
exec,PyTorch Tensor Math (MPS (Apple Silicon GPU)),94,0.04156208300000053
vm,PyTorch Tensor Math (MPS (Apple Silicon GPU)),94,0.04207654200000022
exec,PyTorch Tensor Math (MPS (Apple Silicon GPU)),95,0.0415537920000002
vm,PyTorch Tensor Math (MPS (Apple Silicon GPU)),95,0.042053874999999685
exec,PyTorch Tensor Math (MPS (Apple Silicon GPU)),96,0.0415643750000001
vm,PyTorch Tensor Math (MPS (Apple Silicon GPU)),96,0.041924167000000345
exec,PyTorch Tensor Math (MPS (Apple Silicon GPU)),97,0.04155745799999977
vm,PyTorch Tensor Math (MPS (Apple Silicon GPU)),97,0.041947540999999866
exec,PyTorch Tensor Math (MPS (Apple Silicon GPU)),98,0.041539459
vm,PyTorch Tensor Math (MPS (Apple Silicon GPU)),98,0.04211683299999969
exec,PyTorch Tensor Math (MPS (Apple Silicon GPU)),99,0.04156379099999974
vm,PyTorch Tensor Math (MPS (Apple Silicon GPU)),99,0.043984457999999726
exec,PyTorch Tensor Math (MPS (Apple Silicon GPU)),100,0.04154508400000001
vm,PyTorch Tensor Math (MPS (Apple Silicon GPU)),100,0.04271875000000058
exec,PyTorch Tensor Math (MPS (Apple Silicon GPU)),101,0.04207604100000051
vm,PyTorch Tensor Math (MPS (Apple Silicon GPU)),101,0.04218120800000058
exec,PyTorch Tensor Math (MPS (Apple Silicon GPU)),102,0.041550083000000626
vm,PyTorch Tensor Math (MPS (Apple Silicon GPU)),102,0.04260900000000056
exec,PyTorch Tensor Math (MPS (Apple Silicon GPU)),103,0.041556208999999456
vm,PyTorch Tensor Math (MPS (Apple Silicon GPU)),103,0.04185054100000052
exec,PyTorch Tensor Math (MPS (Apple Silicon GPU)),104,0.04155212499999994
vm,PyTorch Tensor Math (MPS (Apple Silicon GPU)),104,0.04200441699999935
exec,PyTorch Tensor Math (MPS (Apple Silicon GPU)),105,0.0415534580000001
vm,PyTorch Tensor Math (MPS (Apple Silicon GPU)),105,0.04205962499999938
exec,PyTorch Tensor Math (MPS (Apple Silicon GPU)),106,0.041559957999999675
vm,PyTorch Tensor Math (MPS (Apple Silicon GPU)),106,0.04220075000000012
exec,PyTorch Tensor Math (MPS (Apple Silicon GPU)),107,0.0415520840000001
vm,PyTorch Tensor Math (MPS (Apple Silicon GPU)),107,0.04244683300000052
exec,PyTorch Tensor Math (MPS (Apple Silicon GPU)),108,0.04156083300000013
vm,PyTorch Tensor Math (MPS (Apple Silicon GPU)),108,0.04322508400000036
exec,PyTorch Tensor Math (MPS (Apple Silicon GPU)),109,0.04154591600000046
vm,PyTorch Tensor Math (MPS (Apple Silicon GPU)),109,0.043744666000000265
exec,PyTorch Tensor Math (MPS (Apple Silicon GPU)),110,0.04154775000000033
vm,PyTorch Tensor Math (MPS (Apple Silicon GPU)),110,0.04244550000000036
exec,PyTorch Tensor Math (MPS (Apple Silicon GPU)),111,0.041558000000000206
vm,PyTorch Tensor Math (MPS (Apple Silicon GPU)),111,0.042141374999999925
exec,PyTorch Tensor Math (MPS (Apple Silicon GPU)),112,0.041559708000000306
vm,PyTorch Tensor Math (MPS (Apple Silicon GPU)),112,0.041822374999999745
exec,PyTorch Tensor Math (MPS (Apple Silicon GPU)),113,0.04156137499999968
vm,PyTorch Tensor Math (MPS (Apple Silicon GPU)),113,0.04174708399999982
exec,PyTorch Tensor Math (MPS (Apple Silicon GPU)),114,0.04156008300000025
vm,PyTorch Tensor Math (MPS (Apple Silicon GPU)),114,0.04194775000000028
exec,PyTorch Tensor Math (MPS (Apple Silicon GPU)),115,0.041552916999999745
vm,PyTorch Tensor Math (MPS (Apple Silicon GPU)),115,0.04216725000000032
exec,PyTorch Tensor Math (MPS (Apple Silicon GPU)),116,0.041556625000000125
vm,PyTorch Tensor Math (MPS (Apple Silicon GPU)),116,0.042155375000000106
exec,PyTorch Tensor Math (MPS (Apple Silicon GPU)),117,0.041555958000000004
vm,PyTorch Tensor Math (MPS (Apple Silicon GPU)),117,0.042302083000000046
exec,PyTorch Tensor Math (MPS (Apple Silicon GPU)),118,0.04156475000000004
vm,PyTorch Tensor Math (MPS (Apple Silicon GPU)),118,0.042429124999999956
exec,PyTorch Tensor Math (MPS (Apple Silicon GPU)),119,0.0415614169999996
vm,PyTorch Tensor Math (MPS (Apple Silicon GPU)),119,0.042652957999999686
exec,PyTorch Tensor Math (MPS (Apple Silicon GPU)),120,0.041550040999999815
vm,PyTorch Tensor Math (MPS (Apple Silicon GPU)),120,0.042501624999999876
exec,PyTorch Tensor Math (MPS (Apple Silicon GPU)),121,0.041541624999999804
vm,PyTorch Tensor Math (MPS (Apple Silicon GPU)),121,0.04279970899999963
exec,PyTorch Tensor Math (MPS (Apple Silicon GPU)),122,0.04156054099999995
vm,PyTorch Tensor Math (MPS (Apple Silicon GPU)),122,0.04354029100000023
exec,PyTorch Tensor Math (MPS (Apple Silicon GPU)),123,0.04158675000000045
vm,PyTorch Tensor Math (MPS (Apple Silicon GPU)),123,0.0443262080000002
exec,PyTorch Tensor Math (MPS (Apple Silicon GPU)),124,0.04152895799999978
vm,PyTorch Tensor Math (MPS (Apple Silicon GPU)),124,0.043922250000000496
exec,PyTorch Tensor Math (MPS (Apple Silicon GPU)),125,0.04155312500000008
vm,PyTorch Tensor Math (MPS (Apple Silicon GPU)),125,0.04352470800000052
exec,PyTorch Tensor Math (MPS (Apple Silicon GPU)),126,0.04154575000000005
vm,PyTorch Tensor Math (MPS (Apple Silicon GPU)),126,0.043848208
exec,PyTorch Tensor Math (MPS (Apple Silicon GPU)),127,0.041551541999999664
vm,PyTorch Tensor Math (MPS (Apple Silicon GPU)),127,0.04360941699999987
exec,PyTorch Tensor Math (MPS (Apple Silicon GPU)),128,0.04156583299999994
vm,PyTorch Tensor Math (MPS (Apple Silicon GPU)),128,0.04380124999999957
exec,PyTorch Tensor Math (MPS (Apple Silicon GPU)),129,0.04155433399999975
vm,PyTorch Tensor Math (MPS (Apple Silicon GPU)),129,0.04403308300000042
exec,PyTorch Tensor Math (MPS (Apple Silicon GPU)),130,0.041554708000000495
vm,PyTorch Tensor Math (MPS (Apple Silicon GPU)),130,0.04423774999999974
exec,PyTorch Tensor Math (MPS (Apple Silicon GPU)),131,0.041572000000000386
vm,PyTorch Tensor Math (MPS (Apple Silicon GPU)),131,0.04479104199999995
exec,PyTorch Tensor Math (MPS (Apple Silicon GPU)),132,0.04156083400000021
vm,PyTorch Tensor Math (MPS (Apple Silicon GPU)),132,0.04582441699999951
exec,PyTorch Tensor Math (MPS (Apple Silicon GPU)),133,0.041541583999999965
vm,PyTorch Tensor Math (MPS (Apple Silicon GPU)),133,0.0452155000000003
exec,PyTorch Tensor Math (MPS (Apple Silicon GPU)),134,0.04154750000000007
vm,PyTorch Tensor Math (MPS (Apple Silicon GPU)),134,0.044587041999999855
exec,PyTorch Tensor Math (MPS (Apple Silicon GPU)),135,0.04157516599999944
vm,PyTorch Tensor Math (MPS (Apple Silicon GPU)),135,0.044655584000000026
exec,PyTorch Tensor Math (MPS (Apple Silicon GPU)),136,0.04154795800000066
vm,PyTorch Tensor Math (MPS (Apple Silicon GPU)),136,0.04463395800000036
exec,PyTorch Tensor Math (MPS (Apple Silicon GPU)),137,0.0415599999999996
vm,PyTorch Tensor Math (MPS (Apple Silicon GPU)),137,0.04445183400000019
exec,PyTorch Tensor Math (MPS (Apple Silicon GPU)),138,0.04155479199999945
vm,PyTorch Tensor Math (MPS (Apple Silicon GPU)),138,0.044585833000000186
exec,PyTorch Tensor Math (MPS (Apple Silicon GPU)),139,0.04155304199999943
vm,PyTorch Tensor Math (MPS (Apple Silicon GPU)),139,0.04485883300000015
exec,PyTorch Tensor Math (MPS (Apple Silicon GPU)),140,0.04154804200000051
vm,PyTorch Tensor Math (MPS (Apple Silicon GPU)),140,0.04487158400000002
exec,PyTorch Tensor Math (MPS (Apple Silicon GPU)),141,0.0415540830000003
vm,PyTorch Tensor Math (MPS (Apple Silicon GPU)),141,0.044543124999999684
exec,PyTorch Tensor Math (MPS (Apple Silicon GPU)),142,0.0415582919999995
vm,PyTorch Tensor Math (MPS (Apple Silicon GPU)),142,0.044429166000000464
exec,PyTorch Tensor Math (MPS (Apple Silicon GPU)),143,0.04155645799999963
vm,PyTorch Tensor Math (MPS (Apple Silicon GPU)),143,0.044603999999999644
exec,PyTorch Tensor Math (MPS (Apple Silicon GPU)),144,0.04155399999999965
vm,PyTorch Tensor Math (MPS (Apple Silicon GPU)),144,0.0449926249999999
exec,PyTorch Tensor Math (MPS (Apple Silicon GPU)),145,0.04156479199999996
vm,PyTorch Tensor Math (MPS (Apple Silicon GPU)),145,0.04592791700000021
exec,PyTorch Tensor Math (MPS (Apple Silicon GPU)),146,0.04157479100000039
vm,PyTorch Tensor Math (MPS (Apple Silicon GPU)),146,0.04578208299999975
exec,PyTorch Tensor Math (MPS (Apple Silicon GPU)),147,0.04163633299999958
vm,PyTorch Tensor Math (MPS (Apple Silicon GPU)),147,0.044986250000000005
exec,PyTorch Tensor Math (MPS (Apple Silicon GPU)),148,0.0414724160000004
vm,PyTorch Tensor Math (MPS (Apple Silicon GPU)),148,0.044791292000000205
exec,PyTorch Tensor Math (MPS (Apple Silicon GPU)),149,0.04149837500000064
vm,PyTorch Tensor Math (MPS (Apple Silicon GPU)),149,0.04461541700000016
exec,PyTorch Tensor Math (MPS (Apple Silicon GPU)),150,0.04155470899999969
vm,PyTorch Tensor Math (MPS (Apple Silicon GPU)),150,0.0447063330000006
exec,PyTorch Tensor Math (MPS (Apple Silicon GPU)),151,0.04214320799999971
vm,PyTorch Tensor Math (MPS (Apple Silicon GPU)),151,0.044913999999999454
exec,PyTorch Tensor Math (MPS (Apple Silicon GPU)),152,0.04150525000000016
vm,PyTorch Tensor Math (MPS (Apple Silicon GPU)),152,0.044654666000000454
exec,PyTorch Tensor Math (MPS (Apple Silicon GPU)),153,0.04145770799999937
vm,PyTorch Tensor Math (MPS (Apple Silicon GPU)),153,0.04517829200000012
exec,PyTorch Tensor Math (MPS (Apple Silicon GPU)),154,0.041456250000000416
vm,PyTorch Tensor Math (MPS (Apple Silicon GPU)),154,0.04502808300000005
exec,PyTorch Tensor Math (MPS (Apple Silicon GPU)),155,0.041512790999999716
vm,PyTorch Tensor Math (MPS (Apple Silicon GPU)),155,0.04549933300000042
exec,PyTorch Tensor Math (MPS (Apple Silicon GPU)),156,0.04147395800000009
vm,PyTorch Tensor Math (MPS (Apple Silicon GPU)),156,0.04459449999999965
exec,PyTorch Tensor Math (MPS (Apple Silicon GPU)),157,0.04148858400000055
vm,PyTorch Tensor Math (MPS (Apple Silicon GPU)),157,0.04462312500000021
exec,PyTorch Tensor Math (MPS (Apple Silicon GPU)),158,0.04145974999999957
vm,PyTorch Tensor Math (MPS (Apple Silicon GPU)),158,0.044664708
exec,PyTorch Tensor Math (MPS (Apple Silicon GPU)),159,0.04150100000000023
vm,PyTorch Tensor Math (MPS (Apple Silicon GPU)),159,0.04457900000000059
exec,PyTorch Tensor Math (MPS (Apple Silicon GPU)),160,0.04145337500000057
vm,PyTorch Tensor Math (MPS (Apple Silicon GPU)),160,0.044510665999999866
exec,PyTorch Tensor Math (MPS (Apple Silicon GPU)),161,0.04139925000000044
vm,PyTorch Tensor Math (MPS (Apple Silicon GPU)),161,0.04460245900000004
exec,PyTorch Tensor Math (MPS (Apple Silicon GPU)),162,0.0414727500000005
vm,PyTorch Tensor Math (MPS (Apple Silicon GPU)),162,0.04480875000000051
exec,PyTorch Tensor Math (MPS (Apple Silicon GPU)),163,0.041507666999999415
vm,PyTorch Tensor Math (MPS (Apple Silicon GPU)),163,0.04468716600000011
exec,PyTorch Tensor Math (MPS (Apple Silicon GPU)),164,0.04143770800000013
vm,PyTorch Tensor Math (MPS (Apple Silicon GPU)),164,0.04476324999999992
exec,PyTorch Tensor Math (MPS (Apple Silicon GPU)),165,0.041548000000000584
vm,PyTorch Tensor Math (MPS (Apple Silicon GPU)),165,0.044711500000000015
exec,PyTorch Tensor Math (MPS (Apple Silicon GPU)),166,0.041481125000000674
vm,PyTorch Tensor Math (MPS (Apple Silicon GPU)),166,0.04494616699999998
exec,PyTorch Tensor Math (MPS (Apple Silicon GPU)),167,0.04154141699999947
vm,PyTorch Tensor Math (MPS (Apple Silicon GPU)),167,0.045555707999999306
exec,PyTorch Tensor Math (MPS (Apple Silicon GPU)),168,0.04145929200000076
vm,PyTorch Tensor Math (MPS (Apple Silicon GPU)),168,0.04542195899999957
exec,PyTorch Tensor Math (MPS (Apple Silicon GPU)),169,0.04146037500000155
vm,PyTorch Tensor Math (MPS (Apple Silicon GPU)),169,0.044994333
exec,PyTorch Tensor Math (MPS (Apple Silicon GPU)),170,0.0414805420000004
vm,PyTorch Tensor Math (MPS (Apple Silicon GPU)),170,0.0451201250000004
exec,PyTorch Tensor Math (MPS (Apple Silicon GPU)),171,0.04153424999999977
vm,PyTorch Tensor Math (MPS (Apple Silicon GPU)),171,0.04466216700000025
exec,PyTorch Tensor Math (MPS (Apple Silicon GPU)),172,0.04145650000000067
vm,PyTorch Tensor Math (MPS (Apple Silicon GPU)),172,0.04462245900000106
exec,PyTorch Tensor Math (MPS (Apple Silicon GPU)),173,0.04145862500000064
vm,PyTorch Tensor Math (MPS (Apple Silicon GPU)),173,0.044686249999999816
exec,PyTorch Tensor Math (MPS (Apple Silicon GPU)),174,0.04146591700000002
vm,PyTorch Tensor Math (MPS (Apple Silicon GPU)),174,0.044930040999998866
exec,PyTorch Tensor Math (MPS (Apple Silicon GPU)),175,0.04149958300000023
vm,PyTorch Tensor Math (MPS (Apple Silicon GPU)),175,0.04518637500000011
exec,PyTorch Tensor Math (MPS (Apple Silicon GPU)),176,0.04148383299999914
vm,PyTorch Tensor Math (MPS (Apple Silicon GPU)),176,0.04514966700000045
exec,PyTorch Tensor Math (MPS (Apple Silicon GPU)),177,0.04145387499999842
vm,PyTorch Tensor Math (MPS (Apple Silicon GPU)),177,0.04528966700000048
exec,PyTorch Tensor Math (MPS (Apple Silicon GPU)),178,0.04145954200000013
vm,PyTorch Tensor Math (MPS (Apple Silicon GPU)),178,0.04512670799999974
exec,PyTorch Tensor Math (MPS (Apple Silicon GPU)),179,0.041487208000001274
vm,PyTorch Tensor Math (MPS (Apple Silicon GPU)),179,0.044844541999999876
exec,PyTorch Tensor Math (MPS (Apple Silicon GPU)),180,0.041475374999999204
vm,PyTorch Tensor Math (MPS (Apple Silicon GPU)),180,0.04478416700000132
exec,PyTorch Tensor Math (MPS (Apple Silicon GPU)),181,0.041483417000000244
vm,PyTorch Tensor Math (MPS (Apple Silicon GPU)),181,0.04485712499999828
exec,PyTorch Tensor Math (MPS (Apple Silicon GPU)),182,0.04147391699999936
vm,PyTorch Tensor Math (MPS (Apple Silicon GPU)),182,0.044673207999998965
exec,PyTorch Tensor Math (MPS (Apple Silicon GPU)),183,0.04151604199999959
vm,PyTorch Tensor Math (MPS (Apple Silicon GPU)),183,0.04458808300000072
exec,PyTorch Tensor Math (MPS (Apple Silicon GPU)),184,0.04146966700000121
vm,PyTorch Tensor Math (MPS (Apple Silicon GPU)),184,0.04444479200000018
exec,PyTorch Tensor Math (MPS (Apple Silicon GPU)),185,0.041472166000000144
vm,PyTorch Tensor Math (MPS (Apple Silicon GPU)),185,0.04481970800000035
exec,PyTorch Tensor Math (MPS (Apple Silicon GPU)),186,0.041491750000000494
vm,PyTorch Tensor Math (MPS (Apple Silicon GPU)),186,0.044621583999999714
exec,PyTorch Tensor Math (MPS (Apple Silicon GPU)),187,0.0414853750000006
vm,PyTorch Tensor Math (MPS (Apple Silicon GPU)),187,0.044504249999999246
exec,PyTorch Tensor Math (MPS (Apple Silicon GPU)),188,0.04147466700000102
vm,PyTorch Tensor Math (MPS (Apple Silicon GPU)),188,0.044599708999999876
exec,PyTorch Tensor Math (MPS (Apple Silicon GPU)),189,0.04143966699999879
vm,PyTorch Tensor Math (MPS (Apple Silicon GPU)),189,0.045605874999999685
exec,PyTorch Tensor Math (MPS (Apple Silicon GPU)),190,0.041474833000000544
vm,PyTorch Tensor Math (MPS (Apple Silicon GPU)),190,0.04570912500000013
exec,PyTorch Tensor Math (MPS (Apple Silicon GPU)),191,0.04151658299999994
vm,PyTorch Tensor Math (MPS (Apple Silicon GPU)),191,0.0450216250000004
exec,PyTorch Tensor Math (MPS (Apple Silicon GPU)),192,0.041452582999999876
vm,PyTorch Tensor Math (MPS (Apple Silicon GPU)),192,0.045182416999999475
exec,PyTorch Tensor Math (MPS (Apple Silicon GPU)),193,0.041447958000000895
vm,PyTorch Tensor Math (MPS (Apple Silicon GPU)),193,0.04479829200000118
exec,PyTorch Tensor Math (MPS (Apple Silicon GPU)),194,0.04146708300000057
vm,PyTorch Tensor Math (MPS (Apple Silicon GPU)),194,0.04466762499999888
exec,PyTorch Tensor Math (MPS (Apple Silicon GPU)),195,0.041521707999999435
vm,PyTorch Tensor Math (MPS (Apple Silicon GPU)),195,0.04455775000000095
exec,PyTorch Tensor Math (MPS (Apple Silicon GPU)),196,0.04147687499999897
vm,PyTorch Tensor Math (MPS (Apple Silicon GPU)),196,0.04452658399999976
exec,PyTorch Tensor Math (MPS (Apple Silicon GPU)),197,0.041448625000001016
vm,PyTorch Tensor Math (MPS (Apple Silicon GPU)),197,0.044920707999999365
exec,PyTorch Tensor Math (MPS (Apple Silicon GPU)),198,0.041469457999999904
vm,PyTorch Tensor Math (MPS (Apple Silicon GPU)),198,0.04489633300000051
exec,PyTorch Tensor Math (MPS (Apple Silicon GPU)),199,0.04149700000000145
vm,PyTorch Tensor Math (MPS (Apple Silicon GPU)),199,0.04485183399999926
exec,PyTorch Tensor Math (MPS (Apple Silicon GPU)),200,0.04149587500000074
vm,PyTorch Tensor Math (MPS (Apple Silicon GPU)),200,0.04520820800000003
exec,PyTorch Tensor Math (MPS (Apple Silicon GPU)),201,0.04221533299999969
vm,PyTorch Tensor Math (MPS (Apple Silicon GPU)),201,0.045186749999999165
exec,PyTorch Tensor Math (MPS (Apple Silicon GPU)),202,0.04147070900000038
vm,PyTorch Tensor Math (MPS (Apple Silicon GPU)),202,0.044534458999999416
exec,PyTorch Tensor Math (MPS (Apple Silicon GPU)),203,0.04149991700000122
vm,PyTorch Tensor Math (MPS (Apple Silicon GPU)),203,0.04446991700000069
exec,PyTorch Tensor Math (MPS (Apple Silicon GPU)),204,0.04145620800000138
vm,PyTorch Tensor Math (MPS (Apple Silicon GPU)),204,0.0445019999999996
exec,PyTorch Tensor Math (MPS (Apple Silicon GPU)),205,0.041473790999999594
vm,PyTorch Tensor Math (MPS (Apple Silicon GPU)),205,0.044511625000000166
exec,PyTorch Tensor Math (MPS (Apple Silicon GPU)),206,0.04146245799999981
vm,PyTorch Tensor Math (MPS (Apple Silicon GPU)),206,0.04445262499999991
exec,PyTorch Tensor Math (MPS (Apple Silicon GPU)),207,0.041489459000001006
vm,PyTorch Tensor Math (MPS (Apple Silicon GPU)),207,0.04450116699999995
exec,PyTorch Tensor Math (MPS (Apple Silicon GPU)),208,0.0414727500000005
vm,PyTorch Tensor Math (MPS (Apple Silicon GPU)),208,0.04447783300000019
exec,PyTorch Tensor Math (MPS (Apple Silicon GPU)),209,0.041449124999999754
vm,PyTorch Tensor Math (MPS (Apple Silicon GPU)),209,0.0446364999999993
exec,PyTorch Tensor Math (MPS (Apple Silicon GPU)),210,0.04150508300000055
vm,PyTorch Tensor Math (MPS (Apple Silicon GPU)),210,0.04450079199999912
exec,PyTorch Tensor Math (MPS (Apple Silicon GPU)),211,0.04150029200000027
vm,PyTorch Tensor Math (MPS (Apple Silicon GPU)),211,0.045460416999999254
exec,PyTorch Tensor Math (MPS (Apple Silicon GPU)),212,0.041447250000000935
vm,PyTorch Tensor Math (MPS (Apple Silicon GPU)),212,0.045785499999999146
exec,PyTorch Tensor Math (MPS (Apple Silicon GPU)),213,0.04144966700000019
vm,PyTorch Tensor Math (MPS (Apple Silicon GPU)),213,0.04480045899999929
exec,PyTorch Tensor Math (MPS (Apple Silicon GPU)),214,0.04145220800000082
vm,PyTorch Tensor Math (MPS (Apple Silicon GPU)),214,0.04530770800000106
exec,PyTorch Tensor Math (MPS (Apple Silicon GPU)),215,0.04151741699999967
vm,PyTorch Tensor Math (MPS (Apple Silicon GPU)),215,0.04451850000000057
exec,PyTorch Tensor Math (MPS (Apple Silicon GPU)),216,0.04146904100000093
vm,PyTorch Tensor Math (MPS (Apple Silicon GPU)),216,0.04445325000000011
exec,PyTorch Tensor Math (MPS (Apple Silicon GPU)),217,0.04145133299999948
vm,PyTorch Tensor Math (MPS (Apple Silicon GPU)),217,0.04451633299999891
exec,PyTorch Tensor Math (MPS (Apple Silicon GPU)),218,0.04146291699999871
vm,PyTorch Tensor Math (MPS (Apple Silicon GPU)),218,0.044501375000001175
exec,PyTorch Tensor Math (MPS (Apple Silicon GPU)),219,0.04154516700000066
vm,PyTorch Tensor Math (MPS (Apple Silicon GPU)),219,0.044458624999998975
exec,PyTorch Tensor Math (MPS (Apple Silicon GPU)),220,0.04145662500000036
vm,PyTorch Tensor Math (MPS (Apple Silicon GPU)),220,0.044868124999998926
exec,PyTorch Tensor Math (MPS (Apple Silicon GPU)),221,0.041515374999999466
vm,PyTorch Tensor Math (MPS (Apple Silicon GPU)),221,0.04532637500000014
exec,PyTorch Tensor Math (MPS (Apple Silicon GPU)),222,0.04155179199999992
vm,PyTorch Tensor Math (MPS (Apple Silicon GPU)),222,0.04480212500000036
exec,PyTorch Tensor Math (MPS (Apple Silicon GPU)),223,0.04155891599999961
vm,PyTorch Tensor Math (MPS (Apple Silicon GPU)),223,0.04450170900000039
exec,PyTorch Tensor Math (MPS (Apple Silicon GPU)),224,0.04154558300000133
vm,PyTorch Tensor Math (MPS (Apple Silicon GPU)),224,0.04446495800000072
exec,PyTorch Tensor Math (MPS (Apple Silicon GPU)),225,0.041545874999998844
vm,PyTorch Tensor Math (MPS (Apple Silicon GPU)),225,0.044452833000001135
exec,PyTorch Tensor Math (MPS (Apple Silicon GPU)),226,0.04155204199999929
vm,PyTorch Tensor Math (MPS (Apple Silicon GPU)),226,0.04440295799999916
exec,PyTorch Tensor Math (MPS (Apple Silicon GPU)),227,0.041566333000000455
vm,PyTorch Tensor Math (MPS (Apple Silicon GPU)),227,0.044482416000001024
exec,PyTorch Tensor Math (MPS (Apple Silicon GPU)),228,0.041550917000000354
vm,PyTorch Tensor Math (MPS (Apple Silicon GPU)),228,0.04447900000000082
exec,PyTorch Tensor Math (MPS (Apple Silicon GPU)),229,0.04153945900000089
vm,PyTorch Tensor Math (MPS (Apple Silicon GPU)),229,0.04445625000000142
exec,PyTorch Tensor Math (MPS (Apple Silicon GPU)),230,0.041561166999999344
vm,PyTorch Tensor Math (MPS (Apple Silicon GPU)),230,0.0445919580000016
exec,PyTorch Tensor Math (MPS (Apple Silicon GPU)),231,0.04154349999999951
vm,PyTorch Tensor Math (MPS (Apple Silicon GPU)),231,0.04439670799999895
exec,PyTorch Tensor Math (MPS (Apple Silicon GPU)),232,0.04155304200000032
vm,PyTorch Tensor Math (MPS (Apple Silicon GPU)),232,0.04513870899999972
exec,PyTorch Tensor Math (MPS (Apple Silicon GPU)),233,0.0415544170000004
vm,PyTorch Tensor Math (MPS (Apple Silicon GPU)),233,0.04536033300000142
exec,PyTorch Tensor Math (MPS (Apple Silicon GPU)),234,0.041562250000000134
vm,PyTorch Tensor Math (MPS (Apple Silicon GPU)),234,0.04562716699999925
exec,PyTorch Tensor Math (MPS (Apple Silicon GPU)),235,0.04156545800000089
vm,PyTorch Tensor Math (MPS (Apple Silicon GPU)),235,0.04488537499999978
exec,PyTorch Tensor Math (MPS (Apple Silicon GPU)),236,0.04155020899999862
vm,PyTorch Tensor Math (MPS (Apple Silicon GPU)),236,0.04487783300000103
exec,PyTorch Tensor Math (MPS (Apple Silicon GPU)),237,0.041546957999999634
vm,PyTorch Tensor Math (MPS (Apple Silicon GPU)),237,0.0448426659999992
exec,PyTorch Tensor Math (MPS (Apple Silicon GPU)),238,0.04156624999999892
vm,PyTorch Tensor Math (MPS (Apple Silicon GPU)),238,0.04446858300000045
exec,PyTorch Tensor Math (MPS (Apple Silicon GPU)),239,0.041554624999999845
vm,PyTorch Tensor Math (MPS (Apple Silicon GPU)),239,0.04451966599999935
exec,PyTorch Tensor Math (MPS (Apple Silicon GPU)),240,0.04155145799999893
vm,PyTorch Tensor Math (MPS (Apple Silicon GPU)),240,0.04446258299999961
exec,PyTorch Tensor Math (MPS (Apple Silicon GPU)),241,0.04155195800000122
vm,PyTorch Tensor Math (MPS (Apple Silicon GPU)),241,0.044522875000000184
exec,PyTorch Tensor Math (MPS (Apple Silicon GPU)),242,0.0415751249999996
vm,PyTorch Tensor Math (MPS (Apple Silicon GPU)),242,0.04485500000000009
exec,PyTorch Tensor Math (MPS (Apple Silicon GPU)),243,0.041540040999999306
vm,PyTorch Tensor Math (MPS (Apple Silicon GPU)),243,0.04513637500000023
exec,PyTorch Tensor Math (MPS (Apple Silicon GPU)),244,0.041527042000000236
vm,PyTorch Tensor Math (MPS (Apple Silicon GPU)),244,0.044814624999999
exec,PyTorch Tensor Math (MPS (Apple Silicon GPU)),245,0.04157770900000024
vm,PyTorch Tensor Math (MPS (Apple Silicon GPU)),245,0.045235458000000506
exec,PyTorch Tensor Math (MPS (Apple Silicon GPU)),246,0.04157504199999984
vm,PyTorch Tensor Math (MPS (Apple Silicon GPU)),246,0.044469665999999464
exec,PyTorch Tensor Math (MPS (Apple Silicon GPU)),247,0.04156758399999916
vm,PyTorch Tensor Math (MPS (Apple Silicon GPU)),247,0.0445146249999997
exec,PyTorch Tensor Math (MPS (Apple Silicon GPU)),248,0.04154675000000019
vm,PyTorch Tensor Math (MPS (Apple Silicon GPU)),248,0.044419333999998756
exec,PyTorch Tensor Math (MPS (Apple Silicon GPU)),249,0.04155366699999874
vm,PyTorch Tensor Math (MPS (Apple Silicon GPU)),249,0.044524291000000105
exec,PyTorch Tensor Math (MPS (Apple Silicon GPU)),250,0.04157479099999861
vm,PyTorch Tensor Math (MPS (Apple Silicon GPU)),250,0.04447041600000112
exec,PyTorch Tensor Math (MPS (Apple Silicon GPU)),251,0.04215474999999991
vm,PyTorch Tensor Math (MPS (Apple Silicon GPU)),251,0.045181916000000655
exec,PyTorch Tensor Math (MPS (Apple Silicon GPU)),252,0.04146375000000013
vm,PyTorch Tensor Math (MPS (Apple Silicon GPU)),252,0.04442862500000011
exec,PyTorch Tensor Math (MPS (Apple Silicon GPU)),253,0.04147608400000102
vm,PyTorch Tensor Math (MPS (Apple Silicon GPU)),253,0.04444991699999967
exec,PyTorch Tensor Math (MPS (Apple Silicon GPU)),254,0.04147233299999975
vm,PyTorch Tensor Math (MPS (Apple Silicon GPU)),254,0.04450925000000083
exec,PyTorch Tensor Math (MPS (Apple Silicon GPU)),255,0.04149441600000081
vm,PyTorch Tensor Math (MPS (Apple Silicon GPU)),255,0.04441725000000041
exec,PyTorch Tensor Math (MPS (Apple Silicon GPU)),256,0.04146779199999884
vm,PyTorch Tensor Math (MPS (Apple Silicon GPU)),256,0.04541320800000115
exec,PyTorch Tensor Math (MPS (Apple Silicon GPU)),257,0.04143624999999851
vm,PyTorch Tensor Math (MPS (Apple Silicon GPU)),257,0.04526737499999989
exec,PyTorch Tensor Math (MPS (Apple Silicon GPU)),258,0.041480832999999606
vm,PyTorch Tensor Math (MPS (Apple Silicon GPU)),258,0.044913666999999435
exec,PyTorch Tensor Math (MPS (Apple Silicon GPU)),259,0.041481958999998625
vm,PyTorch Tensor Math (MPS (Apple Silicon GPU)),259,0.0452772079999999
exec,PyTorch Tensor Math (MPS (Apple Silicon GPU)),260,0.041479291000001695
vm,PyTorch Tensor Math (MPS (Apple Silicon GPU)),260,0.04447466699999936
exec,PyTorch Tensor Math (MPS (Apple Silicon GPU)),261,0.041445917000000776
vm,PyTorch Tensor Math (MPS (Apple Silicon GPU)),261,0.04454887499999849
exec,PyTorch Tensor Math (MPS (Apple Silicon GPU)),262,0.04148404200000044
vm,PyTorch Tensor Math (MPS (Apple Silicon GPU)),262,0.04442891700000118
exec,PyTorch Tensor Math (MPS (Apple Silicon GPU)),263,0.04153954100000057
vm,PyTorch Tensor Math (MPS (Apple Silicon GPU)),263,0.044538124999998985
exec,PyTorch Tensor Math (MPS (Apple Silicon GPU)),264,0.041472166000000144
vm,PyTorch Tensor Math (MPS (Apple Silicon GPU)),264,0.04497412499999953
exec,PyTorch Tensor Math (MPS (Apple Silicon GPU)),265,0.04146550000000104
vm,PyTorch Tensor Math (MPS (Apple Silicon GPU)),265,0.04533391700000067
exec,PyTorch Tensor Math (MPS (Apple Silicon GPU)),266,0.0415000420000009
vm,PyTorch Tensor Math (MPS (Apple Silicon GPU)),266,0.04493700000000089
exec,PyTorch Tensor Math (MPS (Apple Silicon GPU)),267,0.04153637499999974
vm,PyTorch Tensor Math (MPS (Apple Silicon GPU)),267,0.04491912499999984
exec,PyTorch Tensor Math (MPS (Apple Silicon GPU)),268,0.041457791999999216
vm,PyTorch Tensor Math (MPS (Apple Silicon GPU)),268,0.044476583999999875
exec,PyTorch Tensor Math (MPS (Apple Silicon GPU)),269,0.041521416000000144
vm,PyTorch Tensor Math (MPS (Apple Silicon GPU)),269,0.04448887500000076
exec,PyTorch Tensor Math (MPS (Apple Silicon GPU)),270,0.04146816699999967
vm,PyTorch Tensor Math (MPS (Apple Silicon GPU)),270,0.04450587500000047
exec,PyTorch Tensor Math (MPS (Apple Silicon GPU)),271,0.04150358400000087
vm,PyTorch Tensor Math (MPS (Apple Silicon GPU)),271,0.04447187500000105
exec,PyTorch Tensor Math (MPS (Apple Silicon GPU)),272,0.04148583299999942
vm,PyTorch Tensor Math (MPS (Apple Silicon GPU)),272,0.04449258300000025
exec,PyTorch Tensor Math (MPS (Apple Silicon GPU)),273,0.04146216699999883
vm,PyTorch Tensor Math (MPS (Apple Silicon GPU)),273,0.04446974999999931
exec,PyTorch Tensor Math (MPS (Apple Silicon GPU)),274,0.0414587080000004
vm,PyTorch Tensor Math (MPS (Apple Silicon GPU)),274,0.044477332999999675
exec,PyTorch Tensor Math (MPS (Apple Silicon GPU)),275,0.04150133300000114
vm,PyTorch Tensor Math (MPS (Apple Silicon GPU)),275,0.04447816599999932
exec,PyTorch Tensor Math (MPS (Apple Silicon GPU)),276,0.04146366700000037
vm,PyTorch Tensor Math (MPS (Apple Silicon GPU)),276,0.044516542000000214
exec,PyTorch Tensor Math (MPS (Apple Silicon GPU)),277,0.04147304199999979
vm,PyTorch Tensor Math (MPS (Apple Silicon GPU)),277,0.04449137499999978
exec,PyTorch Tensor Math (MPS (Apple Silicon GPU)),278,0.04145670799999834
vm,PyTorch Tensor Math (MPS (Apple Silicon GPU)),278,0.04502624999999938
exec,PyTorch Tensor Math (MPS (Apple Silicon GPU)),279,0.04151187499999942
vm,PyTorch Tensor Math (MPS (Apple Silicon GPU)),279,0.04542133400000026
exec,PyTorch Tensor Math (MPS (Apple Silicon GPU)),280,0.041458833000000084
vm,PyTorch Tensor Math (MPS (Apple Silicon GPU)),280,0.044855583000000365
exec,PyTorch Tensor Math (MPS (Apple Silicon GPU)),281,0.041445124999999194
vm,PyTorch Tensor Math (MPS (Apple Silicon GPU)),281,0.045398999999999745
exec,PyTorch Tensor Math (MPS (Apple Silicon GPU)),282,0.04147587499999972
vm,PyTorch Tensor Math (MPS (Apple Silicon GPU)),282,0.044436500000001544
exec,PyTorch Tensor Math (MPS (Apple Silicon GPU)),283,0.04150366700000063
vm,PyTorch Tensor Math (MPS (Apple Silicon GPU)),283,0.04447241699999971
exec,PyTorch Tensor Math (MPS (Apple Silicon GPU)),284,0.041449291000001054
vm,PyTorch Tensor Math (MPS (Apple Silicon GPU)),284,0.044440041999999735
exec,PyTorch Tensor Math (MPS (Apple Silicon GPU)),285,0.041464124999999186
vm,PyTorch Tensor Math (MPS (Apple Silicon GPU)),285,0.04447600000000129
exec,PyTorch Tensor Math (MPS (Apple Silicon GPU)),286,0.04147612500000086
vm,PyTorch Tensor Math (MPS (Apple Silicon GPU)),286,0.04461116599999926
exec,PyTorch Tensor Math (MPS (Apple Silicon GPU)),287,0.041573624999999836
vm,PyTorch Tensor Math (MPS (Apple Silicon GPU)),287,0.04486866599999928
exec,PyTorch Tensor Math (MPS (Apple Silicon GPU)),288,0.04145987499999926
vm,PyTorch Tensor Math (MPS (Apple Silicon GPU)),288,0.04498145800000053
exec,PyTorch Tensor Math (MPS (Apple Silicon GPU)),289,0.04144720899999932
vm,PyTorch Tensor Math (MPS (Apple Silicon GPU)),289,0.04555191600000086
exec,PyTorch Tensor Math (MPS (Apple Silicon GPU)),290,0.041474833000000544
vm,PyTorch Tensor Math (MPS (Apple Silicon GPU)),290,0.044514582999999774
exec,PyTorch Tensor Math (MPS (Apple Silicon GPU)),291,0.04154470900000007
vm,PyTorch Tensor Math (MPS (Apple Silicon GPU)),291,0.044512791999999024
exec,PyTorch Tensor Math (MPS (Apple Silicon GPU)),292,0.04146649999999852
vm,PyTorch Tensor Math (MPS (Apple Silicon GPU)),292,0.04447387499999955
exec,PyTorch Tensor Math (MPS (Apple Silicon GPU)),293,0.041476208000000625
vm,PyTorch Tensor Math (MPS (Apple Silicon GPU)),293,0.0444834580000002
exec,PyTorch Tensor Math (MPS (Apple Silicon GPU)),294,0.04147587499999972
vm,PyTorch Tensor Math (MPS (Apple Silicon GPU)),294,0.044495624999999706
exec,PyTorch Tensor Math (MPS (Apple Silicon GPU)),295,0.0415077919999991
vm,PyTorch Tensor Math (MPS (Apple Silicon GPU)),295,0.0444682089999997
exec,PyTorch Tensor Math (MPS (Apple Silicon GPU)),296,0.041511250000001
vm,PyTorch Tensor Math (MPS (Apple Silicon GPU)),296,0.04445291700000098
exec,PyTorch Tensor Math (MPS (Apple Silicon GPU)),297,0.04144900000000007
vm,PyTorch Tensor Math (MPS (Apple Silicon GPU)),297,0.044536832999998666
exec,PyTorch Tensor Math (MPS (Apple Silicon GPU)),298,0.04146341599999914
vm,PyTorch Tensor Math (MPS (Apple Silicon GPU)),298,0.044453959000000154
exec,PyTorch Tensor Math (MPS (Apple Silicon GPU)),299,0.04148866599999934
vm,PyTorch Tensor Math (MPS (Apple Silicon GPU)),299,0.0445013749999994
exec,PyTorch Tensor Math (MPS (Apple Silicon GPU)),300,0.04145274999999948
vm,PyTorch Tensor Math (MPS (Apple Silicon GPU)),300,0.04455683300000146
exec,PyTorch Tensor Math (MPS (Apple Silicon GPU)),301,0.042307833999998934
vm,PyTorch Tensor Math (MPS (Apple Silicon GPU)),301,0.044537542000000485
exec,PyTorch Tensor Math (MPS (Apple Silicon GPU)),302,0.04148233400000123
vm,PyTorch Tensor Math (MPS (Apple Silicon GPU)),302,0.0451175000000017
exec,PyTorch Tensor Math (MPS (Apple Silicon GPU)),303,0.04151279199999891
vm,PyTorch Tensor Math (MPS (Apple Silicon GPU)),303,0.045132499999999354
exec,PyTorch Tensor Math (MPS (Apple Silicon GPU)),304,0.041465915999999936
vm,PyTorch Tensor Math (MPS (Apple Silicon GPU)),304,0.044838666000000416
exec,PyTorch Tensor Math (MPS (Apple Silicon GPU)),305,0.04144166700000085
vm,PyTorch Tensor Math (MPS (Apple Silicon GPU)),305,0.0444728750000003
exec,PyTorch Tensor Math (MPS (Apple Silicon GPU)),306,0.04150166699999858
vm,PyTorch Tensor Math (MPS (Apple Silicon GPU)),306,0.04441333299999961
exec,PyTorch Tensor Math (MPS (Apple Silicon GPU)),307,0.0415012920000013
vm,PyTorch Tensor Math (MPS (Apple Silicon GPU)),307,0.04447154200000014
exec,PyTorch Tensor Math (MPS (Apple Silicon GPU)),308,0.04147500000000015
vm,PyTorch Tensor Math (MPS (Apple Silicon GPU)),308,0.044462916999998825
exec,PyTorch Tensor Math (MPS (Apple Silicon GPU)),309,0.04145245800000019
vm,PyTorch Tensor Math (MPS (Apple Silicon GPU)),309,0.04520375000000065
exec,PyTorch Tensor Math (MPS (Apple Silicon GPU)),310,0.04147504200000007
vm,PyTorch Tensor Math (MPS (Apple Silicon GPU)),310,0.04509983400000017
exec,PyTorch Tensor Math (MPS (Apple Silicon GPU)),311,0.04151400000000116
vm,PyTorch Tensor Math (MPS (Apple Silicon GPU)),311,0.0460885839999996
exec,PyTorch Tensor Math (MPS (Apple Silicon GPU)),312,0.04145741700000016
vm,PyTorch Tensor Math (MPS (Apple Silicon GPU)),312,0.04450112500000003
exec,PyTorch Tensor Math (MPS (Apple Silicon GPU)),313,0.04144987500000141
vm,PyTorch Tensor Math (MPS (Apple Silicon GPU)),313,0.044504042000001576
exec,PyTorch Tensor Math (MPS (Apple Silicon GPU)),314,0.041651082999999645
vm,PyTorch Tensor Math (MPS (Apple Silicon GPU)),314,0.04446120800000131
exec,PyTorch Tensor Math (MPS (Apple Silicon GPU)),315,0.041531916999998586
vm,PyTorch Tensor Math (MPS (Apple Silicon GPU)),315,0.04446179199999989
exec,PyTorch Tensor Math (MPS (Apple Silicon GPU)),316,0.04189004200000035
vm,PyTorch Tensor Math (MPS (Apple Silicon GPU)),316,0.04453895900000049
exec,PyTorch Tensor Math (MPS (Apple Silicon GPU)),317,0.0414672920000001
vm,PyTorch Tensor Math (MPS (Apple Silicon GPU)),317,0.044489791999998474
exec,PyTorch Tensor Math (MPS (Apple Silicon GPU)),318,0.04147029199999963
vm,PyTorch Tensor Math (MPS (Apple Silicon GPU)),318,0.04448762499999859
exec,PyTorch Tensor Math (MPS (Apple Silicon GPU)),319,0.04149283399999959
vm,PyTorch Tensor Math (MPS (Apple Silicon GPU)),319,0.04448620800000036
exec,PyTorch Tensor Math (MPS (Apple Silicon GPU)),320,0.04149608300000018
vm,PyTorch Tensor Math (MPS (Apple Silicon GPU)),320,0.04446595799999997
exec,PyTorch Tensor Math (MPS (Apple Silicon GPU)),321,0.04143137500000016
vm,PyTorch Tensor Math (MPS (Apple Silicon GPU)),321,0.04454237500000069
exec,PyTorch Tensor Math (MPS (Apple Silicon GPU)),322,0.041505125000000476
vm,PyTorch Tensor Math (MPS (Apple Silicon GPU)),322,0.04453783300000147
exec,PyTorch Tensor Math (MPS (Apple Silicon GPU)),323,0.041498374999999754
vm,PyTorch Tensor Math (MPS (Apple Silicon GPU)),323,0.045371375000000214
exec,PyTorch Tensor Math (MPS (Apple Silicon GPU)),324,0.04146862500000026
vm,PyTorch Tensor Math (MPS (Apple Silicon GPU)),324,0.045424708000000535
exec,PyTorch Tensor Math (MPS (Apple Silicon GPU)),325,0.04148954199999899
vm,PyTorch Tensor Math (MPS (Apple Silicon GPU)),325,0.04480479199999898
exec,PyTorch Tensor Math (MPS (Apple Silicon GPU)),326,0.04144291699999947
vm,PyTorch Tensor Math (MPS (Apple Silicon GPU)),326,0.04493987500000074
exec,PyTorch Tensor Math (MPS (Apple Silicon GPU)),327,0.04150787500000064
vm,PyTorch Tensor Math (MPS (Apple Silicon GPU)),327,0.044509667000001585
exec,PyTorch Tensor Math (MPS (Apple Silicon GPU)),328,0.0414587080000004
vm,PyTorch Tensor Math (MPS (Apple Silicon GPU)),328,0.0444728750000003
exec,PyTorch Tensor Math (MPS (Apple Silicon GPU)),329,0.04150520800000024
vm,PyTorch Tensor Math (MPS (Apple Silicon GPU)),329,0.04441633300000092
exec,PyTorch Tensor Math (MPS (Apple Silicon GPU)),330,0.041478500000000196
vm,PyTorch Tensor Math (MPS (Apple Silicon GPU)),330,0.044507582999999684
exec,PyTorch Tensor Math (MPS (Apple Silicon GPU)),331,0.04149462500000034
vm,PyTorch Tensor Math (MPS (Apple Silicon GPU)),331,0.04447791700000003
exec,PyTorch Tensor Math (MPS (Apple Silicon GPU)),332,0.041454667
vm,PyTorch Tensor Math (MPS (Apple Silicon GPU)),332,0.04570108299999909
exec,PyTorch Tensor Math (MPS (Apple Silicon GPU)),333,0.04144358399999959
vm,PyTorch Tensor Math (MPS (Apple Silicon GPU)),333,0.04482600000000048
exec,PyTorch Tensor Math (MPS (Apple Silicon GPU)),334,0.04147587499999972
vm,PyTorch Tensor Math (MPS (Apple Silicon GPU)),334,0.0449546250000008
exec,PyTorch Tensor Math (MPS (Apple Silicon GPU)),335,0.04154012500000093
vm,PyTorch Tensor Math (MPS (Apple Silicon GPU)),335,0.044447999999999155
exec,PyTorch Tensor Math (MPS (Apple Silicon GPU)),336,0.04145166700000047
vm,PyTorch Tensor Math (MPS (Apple Silicon GPU)),336,0.04445958300000008
exec,PyTorch Tensor Math (MPS (Apple Silicon GPU)),337,0.041450834000000825
vm,PyTorch Tensor Math (MPS (Apple Silicon GPU)),337,0.04451266699999934
exec,PyTorch Tensor Math (MPS (Apple Silicon GPU)),338,0.04153183300000052
vm,PyTorch Tensor Math (MPS (Apple Silicon GPU)),338,0.044478707999999756
exec,PyTorch Tensor Math (MPS (Apple Silicon GPU)),339,0.04153412500000009
vm,PyTorch Tensor Math (MPS (Apple Silicon GPU)),339,0.0444767499999994
exec,PyTorch Tensor Math (MPS (Apple Silicon GPU)),340,0.04147683399999913
vm,PyTorch Tensor Math (MPS (Apple Silicon GPU)),340,0.044455375000000075
exec,PyTorch Tensor Math (MPS (Apple Silicon GPU)),341,0.0414432499999986
vm,PyTorch Tensor Math (MPS (Apple Silicon GPU)),341,0.04448112500000079
exec,PyTorch Tensor Math (MPS (Apple Silicon GPU)),342,0.04145224999999897
vm,PyTorch Tensor Math (MPS (Apple Silicon GPU)),342,0.04448158300000138
exec,PyTorch Tensor Math (MPS (Apple Silicon GPU)),343,0.04149362500000109
vm,PyTorch Tensor Math (MPS (Apple Silicon GPU)),343,0.04446450000000013
exec,PyTorch Tensor Math (MPS (Apple Silicon GPU)),344,0.041495749999999276
vm,PyTorch Tensor Math (MPS (Apple Silicon GPU)),344,0.04446579200000045
exec,PyTorch Tensor Math (MPS (Apple Silicon GPU)),345,0.04156650000000006
vm,PyTorch Tensor Math (MPS (Apple Silicon GPU)),345,0.045111332999999476
exec,PyTorch Tensor Math (MPS (Apple Silicon GPU)),346,0.04156058399999907
vm,PyTorch Tensor Math (MPS (Apple Silicon GPU)),346,0.046053667000000686
exec,PyTorch Tensor Math (MPS (Apple Silicon GPU)),347,0.04156812499999951
vm,PyTorch Tensor Math (MPS (Apple Silicon GPU)),347,0.04483162499999871
exec,PyTorch Tensor Math (MPS (Apple Silicon GPU)),348,0.04154829099999979
vm,PyTorch Tensor Math (MPS (Apple Silicon GPU)),348,0.045035541000000734
exec,PyTorch Tensor Math (MPS (Apple Silicon GPU)),349,0.04154391600000018
vm,PyTorch Tensor Math (MPS (Apple Silicon GPU)),349,0.044794458000001924
exec,PyTorch Tensor Math (MPS (Apple Silicon GPU)),350,0.04155716700000056
vm,PyTorch Tensor Math (MPS (Apple Silicon GPU)),350,0.04447179099999943
exec,PyTorch Tensor Math (MPS (Apple Silicon GPU)),351,0.04215974999999972
vm,PyTorch Tensor Math (MPS (Apple Silicon GPU)),351,0.04509979099999839
exec,PyTorch Tensor Math (MPS (Apple Silicon GPU)),352,0.04143441700000139
vm,PyTorch Tensor Math (MPS (Apple Silicon GPU)),352,0.04455008400000082
exec,PyTorch Tensor Math (MPS (Apple Silicon GPU)),353,0.04143133399999854
vm,PyTorch Tensor Math (MPS (Apple Silicon GPU)),353,0.04448529100000087
exec,PyTorch Tensor Math (MPS (Apple Silicon GPU)),354,0.04150012500000244
vm,PyTorch Tensor Math (MPS (Apple Silicon GPU)),354,0.045359417000000235
exec,PyTorch Tensor Math (MPS (Apple Silicon GPU)),355,0.04147320799999932
vm,PyTorch Tensor Math (MPS (Apple Silicon GPU)),355,0.045096374999999966
exec,PyTorch Tensor Math (MPS (Apple Silicon GPU)),356,0.0414438749999988
vm,PyTorch Tensor Math (MPS (Apple Silicon GPU)),356,0.045390624999999574
exec,PyTorch Tensor Math (MPS (Apple Silicon GPU)),357,0.041472833000000264
vm,PyTorch Tensor Math (MPS (Apple Silicon GPU)),357,0.04449849999999955
exec,PyTorch Tensor Math (MPS (Apple Silicon GPU)),358,0.04148291699999973
vm,PyTorch Tensor Math (MPS (Apple Silicon GPU)),358,0.04440666600000043
exec,PyTorch Tensor Math (MPS (Apple Silicon GPU)),359,0.041526125000000746
vm,PyTorch Tensor Math (MPS (Apple Silicon GPU)),359,0.044442792000001674
exec,PyTorch Tensor Math (MPS (Apple Silicon GPU)),360,0.041461000000001746
vm,PyTorch Tensor Math (MPS (Apple Silicon GPU)),360,0.044475999999999516
exec,PyTorch Tensor Math (MPS (Apple Silicon GPU)),361,0.041533124999997284
vm,PyTorch Tensor Math (MPS (Apple Silicon GPU)),361,0.04450458299999838
exec,PyTorch Tensor Math (MPS (Apple Silicon GPU)),362,0.04144308400000085
vm,PyTorch Tensor Math (MPS (Apple Silicon GPU)),362,0.04446808300000171
exec,PyTorch Tensor Math (MPS (Apple Silicon GPU)),363,0.041521915999997105
vm,PyTorch Tensor Math (MPS (Apple Silicon GPU)),363,0.04446108299999807
exec,PyTorch Tensor Math (MPS (Apple Silicon GPU)),364,0.041449958999997705
vm,PyTorch Tensor Math (MPS (Apple Silicon GPU)),364,0.0444535419999994
exec,PyTorch Tensor Math (MPS (Apple Silicon GPU)),365,0.0414646249999997
vm,PyTorch Tensor Math (MPS (Apple Silicon GPU)),365,0.04460745800000154
exec,PyTorch Tensor Math (MPS (Apple Silicon GPU)),366,0.04147154200000003
vm,PyTorch Tensor Math (MPS (Apple Silicon GPU)),366,0.04444595800000073
exec,PyTorch Tensor Math (MPS (Apple Silicon GPU)),367,0.0415025
vm,PyTorch Tensor Math (MPS (Apple Silicon GPU)),367,0.04516004199999912
exec,PyTorch Tensor Math (MPS (Apple Silicon GPU)),368,0.04149612499999833
vm,PyTorch Tensor Math (MPS (Apple Silicon GPU)),368,0.04482970799999819
exec,PyTorch Tensor Math (MPS (Apple Silicon GPU)),369,0.04145249999999834
vm,PyTorch Tensor Math (MPS (Apple Silicon GPU)),369,0.04532462499999923
exec,PyTorch Tensor Math (MPS (Apple Silicon GPU)),370,0.04147324999999924
vm,PyTorch Tensor Math (MPS (Apple Silicon GPU)),370,0.04498266699999931
exec,PyTorch Tensor Math (MPS (Apple Silicon GPU)),371,0.04150979199999938
vm,PyTorch Tensor Math (MPS (Apple Silicon GPU)),371,0.044862041999998326
exec,PyTorch Tensor Math (MPS (Apple Silicon GPU)),372,0.041454209000001185
vm,PyTorch Tensor Math (MPS (Apple Silicon GPU)),372,0.044467415999999815
exec,PyTorch Tensor Math (MPS (Apple Silicon GPU)),373,0.04148470899999879
vm,PyTorch Tensor Math (MPS (Apple Silicon GPU)),373,0.04448283400000008
exec,PyTorch Tensor Math (MPS (Apple Silicon GPU)),374,0.04147491699999861
vm,PyTorch Tensor Math (MPS (Apple Silicon GPU)),374,0.04447041699999943
exec,PyTorch Tensor Math (MPS (Apple Silicon GPU)),375,0.041487082999999814
vm,PyTorch Tensor Math (MPS (Apple Silicon GPU)),375,0.044531875000000554
exec,PyTorch Tensor Math (MPS (Apple Silicon GPU)),376,0.04146995800000042
vm,PyTorch Tensor Math (MPS (Apple Silicon GPU)),376,0.04480920800000021
exec,PyTorch Tensor Math (MPS (Apple Silicon GPU)),377,0.041424958000000345
vm,PyTorch Tensor Math (MPS (Apple Silicon GPU)),377,0.045311041999998025
exec,PyTorch Tensor Math (MPS (Apple Silicon GPU)),378,0.041486833000000445
vm,PyTorch Tensor Math (MPS (Apple Silicon GPU)),378,0.04499037500000114
exec,PyTorch Tensor Math (MPS (Apple Silicon GPU)),379,0.041501374999999285
vm,PyTorch Tensor Math (MPS (Apple Silicon GPU)),379,0.044985499999999234
exec,PyTorch Tensor Math (MPS (Apple Silicon GPU)),380,0.04146062500000269
vm,PyTorch Tensor Math (MPS (Apple Silicon GPU)),380,0.0444181669999999
exec,PyTorch Tensor Math (MPS (Apple Silicon GPU)),381,0.041446207999999984
vm,PyTorch Tensor Math (MPS (Apple Silicon GPU)),381,0.04450008399999916
exec,PyTorch Tensor Math (MPS (Apple Silicon GPU)),382,0.04146737499999986
vm,PyTorch Tensor Math (MPS (Apple Silicon GPU)),382,0.044403666000000896
exec,PyTorch Tensor Math (MPS (Apple Silicon GPU)),383,0.04152279199999853
vm,PyTorch Tensor Math (MPS (Apple Silicon GPU)),383,0.044564499999999896
exec,PyTorch Tensor Math (MPS (Apple Silicon GPU)),384,0.0414500000000011
vm,PyTorch Tensor Math (MPS (Apple Silicon GPU)),384,0.04453558300000182
exec,PyTorch Tensor Math (MPS (Apple Silicon GPU)),385,0.04146366700000215
vm,PyTorch Tensor Math (MPS (Apple Silicon GPU)),385,0.04447258400000109
exec,PyTorch Tensor Math (MPS (Apple Silicon GPU)),386,0.041456416999999135
vm,PyTorch Tensor Math (MPS (Apple Silicon GPU)),386,0.044498250000000183
exec,PyTorch Tensor Math (MPS (Apple Silicon GPU)),387,0.04150866699999867
vm,PyTorch Tensor Math (MPS (Apple Silicon GPU)),387,0.04441800000000029
exec,PyTorch Tensor Math (MPS (Apple Silicon GPU)),388,0.041466165999999305
vm,PyTorch Tensor Math (MPS (Apple Silicon GPU)),388,0.04459158299999899
exec,PyTorch Tensor Math (MPS (Apple Silicon GPU)),389,0.04145054199999976
vm,PyTorch Tensor Math (MPS (Apple Silicon GPU)),389,0.044415999999998235
exec,PyTorch Tensor Math (MPS (Apple Silicon GPU)),390,0.04149558299999967
vm,PyTorch Tensor Math (MPS (Apple Silicon GPU)),390,0.0449859580000016
exec,PyTorch Tensor Math (MPS (Apple Silicon GPU)),391,0.04150129199999952
vm,PyTorch Tensor Math (MPS (Apple Silicon GPU)),391,0.04557616600000003
exec,PyTorch Tensor Math (MPS (Apple Silicon GPU)),392,0.04147891699999917
vm,PyTorch Tensor Math (MPS (Apple Silicon GPU)),392,0.045307582999999596
exec,PyTorch Tensor Math (MPS (Apple Silicon GPU)),393,0.04145362499999905
vm,PyTorch Tensor Math (MPS (Apple Silicon GPU)),393,0.04486662500000094
exec,PyTorch Tensor Math (MPS (Apple Silicon GPU)),394,0.04147816599999743
vm,PyTorch Tensor Math (MPS (Apple Silicon GPU)),394,0.04449129099999993
exec,PyTorch Tensor Math (MPS (Apple Silicon GPU)),395,0.04148137500000004
vm,PyTorch Tensor Math (MPS (Apple Silicon GPU)),395,0.04439262500000041
exec,PyTorch Tensor Math (MPS (Apple Silicon GPU)),396,0.04146924999999868
vm,PyTorch Tensor Math (MPS (Apple Silicon GPU)),396,0.044461999999999335
exec,PyTorch Tensor Math (MPS (Apple Silicon GPU)),397,0.041474208000000345
vm,PyTorch Tensor Math (MPS (Apple Silicon GPU)),397,0.04449770799999797
exec,PyTorch Tensor Math (MPS (Apple Silicon GPU)),398,0.04146412500000096
vm,PyTorch Tensor Math (MPS (Apple Silicon GPU)),398,0.04442879199999794
exec,PyTorch Tensor Math (MPS (Apple Silicon GPU)),399,0.041504250000002685
vm,PyTorch Tensor Math (MPS (Apple Silicon GPU)),399,0.04561433300000317
exec,PyTorch Tensor Math (MPS (Apple Silicon GPU)),400,0.041462875000000565
vm,PyTorch Tensor Math (MPS (Apple Silicon GPU)),400,0.04477175000000244
exec,PyTorch Tensor Math (MPS (Apple Silicon GPU)),401,0.04214787500000128
vm,PyTorch Tensor Math (MPS (Apple Silicon GPU)),401,0.04508566700000216
exec,PyTorch Tensor Math (MPS (Apple Silicon GPU)),402,0.04148170900000281
vm,PyTorch Tensor Math (MPS (Apple Silicon GPU)),402,0.0444700840000003
exec,PyTorch Tensor Math (MPS (Apple Silicon GPU)),403,0.0415099579999989
vm,PyTorch Tensor Math (MPS (Apple Silicon GPU)),403,0.04446791599999855
exec,PyTorch Tensor Math (MPS (Apple Silicon GPU)),404,0.04146375000000191
vm,PyTorch Tensor Math (MPS (Apple Silicon GPU)),404,0.04445374999999885
exec,PyTorch Tensor Math (MPS (Apple Silicon GPU)),405,0.04144416699999809
vm,PyTorch Tensor Math (MPS (Apple Silicon GPU)),405,0.04449966700000019
exec,PyTorch Tensor Math (MPS (Apple Silicon GPU)),406,0.04151608299999765
vm,PyTorch Tensor Math (MPS (Apple Silicon GPU)),406,0.044540832999999225
exec,PyTorch Tensor Math (MPS (Apple Silicon GPU)),407,0.041600875000000315
vm,PyTorch Tensor Math (MPS (Apple Silicon GPU)),407,0.044454667000000114
exec,PyTorch Tensor Math (MPS (Apple Silicon GPU)),408,0.04147604099999924
vm,PyTorch Tensor Math (MPS (Apple Silicon GPU)),408,0.044495916999999
exec,PyTorch Tensor Math (MPS (Apple Silicon GPU)),409,0.04145170800000031
vm,PyTorch Tensor Math (MPS (Apple Silicon GPU)),409,0.04440108300000034
exec,PyTorch Tensor Math (MPS (Apple Silicon GPU)),410,0.04147045899999924
vm,PyTorch Tensor Math (MPS (Apple Silicon GPU)),410,0.04451812499999974
exec,PyTorch Tensor Math (MPS (Apple Silicon GPU)),411,0.041527667000000434
vm,PyTorch Tensor Math (MPS (Apple Silicon GPU)),411,0.04439700000000002
exec,PyTorch Tensor Math (MPS (Apple Silicon GPU)),412,0.04147795799999798
vm,PyTorch Tensor Math (MPS (Apple Silicon GPU)),412,0.04499833299999878
exec,PyTorch Tensor Math (MPS (Apple Silicon GPU)),413,0.04144729099999722
vm,PyTorch Tensor Math (MPS (Apple Silicon GPU)),413,0.04548683399999831
exec,PyTorch Tensor Math (MPS (Apple Silicon GPU)),414,0.04147933399999815
vm,PyTorch Tensor Math (MPS (Apple Silicon GPU)),414,0.0448052919999995
exec,PyTorch Tensor Math (MPS (Apple Silicon GPU)),415,0.0414984589999996
vm,PyTorch Tensor Math (MPS (Apple Silicon GPU)),415,0.04484429200000051
exec,PyTorch Tensor Math (MPS (Apple Silicon GPU)),416,0.04149108300000037
vm,PyTorch Tensor Math (MPS (Apple Silicon GPU)),416,0.044817874999999674
exec,PyTorch Tensor Math (MPS (Apple Silicon GPU)),417,0.041448875000000385
vm,PyTorch Tensor Math (MPS (Apple Silicon GPU)),417,0.04453245900000269
exec,PyTorch Tensor Math (MPS (Apple Silicon GPU)),418,0.041458792000000244
vm,PyTorch Tensor Math (MPS (Apple Silicon GPU)),418,0.04453170800000095
exec,PyTorch Tensor Math (MPS (Apple Silicon GPU)),419,0.04162900000000036
vm,PyTorch Tensor Math (MPS (Apple Silicon GPU)),419,0.044502624999999796
exec,PyTorch Tensor Math (MPS (Apple Silicon GPU)),420,0.041461832999999615
vm,PyTorch Tensor Math (MPS (Apple Silicon GPU)),420,0.044446875000001995
exec,PyTorch Tensor Math (MPS (Apple Silicon GPU)),421,0.041533624999999574
vm,PyTorch Tensor Math (MPS (Apple Silicon GPU)),421,0.044875040999997395
exec,PyTorch Tensor Math (MPS (Apple Silicon GPU)),422,0.041453917000001894
vm,PyTorch Tensor Math (MPS (Apple Silicon GPU)),422,0.04490783399999998
exec,PyTorch Tensor Math (MPS (Apple Silicon GPU)),423,0.04150454199999842
vm,PyTorch Tensor Math (MPS (Apple Silicon GPU)),423,0.04489762500000083
exec,PyTorch Tensor Math (MPS (Apple Silicon GPU)),424,0.04147216699999845
vm,PyTorch Tensor Math (MPS (Apple Silicon GPU)),424,0.04523741599999909
exec,PyTorch Tensor Math (MPS (Apple Silicon GPU)),425,0.04144366600000282
vm,PyTorch Tensor Math (MPS (Apple Silicon GPU)),425,0.04514629099999823
exec,PyTorch Tensor Math (MPS (Apple Silicon GPU)),426,0.041497291999998964
vm,PyTorch Tensor Math (MPS (Apple Silicon GPU)),426,0.044658333999997524
exec,PyTorch Tensor Math (MPS (Apple Silicon GPU)),427,0.04148429099999973
vm,PyTorch Tensor Math (MPS (Apple Silicon GPU)),427,0.044553749999998615
exec,PyTorch Tensor Math (MPS (Apple Silicon GPU)),428,0.041463165999999774
vm,PyTorch Tensor Math (MPS (Apple Silicon GPU)),428,0.04455558299999751
exec,PyTorch Tensor Math (MPS (Apple Silicon GPU)),429,0.041450082999997306
vm,PyTorch Tensor Math (MPS (Apple Silicon GPU)),429,0.04464537499999821
exec,PyTorch Tensor Math (MPS (Apple Silicon GPU)),430,0.041462083999999066
vm,PyTorch Tensor Math (MPS (Apple Silicon GPU)),430,0.04453908300000009
exec,PyTorch Tensor Math (MPS (Apple Silicon GPU)),431,0.04151337499999741
vm,PyTorch Tensor Math (MPS (Apple Silicon GPU)),431,0.04458058299999834
exec,PyTorch Tensor Math (MPS (Apple Silicon GPU)),432,0.04146075000000238
vm,PyTorch Tensor Math (MPS (Apple Silicon GPU)),432,0.04457883299999921
exec,PyTorch Tensor Math (MPS (Apple Silicon GPU)),433,0.04143633300000005
vm,PyTorch Tensor Math (MPS (Apple Silicon GPU)),433,0.04453541599999866
exec,PyTorch Tensor Math (MPS (Apple Silicon GPU)),434,0.04147825000000083
vm,PyTorch Tensor Math (MPS (Apple Silicon GPU)),434,0.044626083000000705
exec,PyTorch Tensor Math (MPS (Apple Silicon GPU)),435,0.04152758400000067
vm,PyTorch Tensor Math (MPS (Apple Silicon GPU)),435,0.045509833000000555
exec,PyTorch Tensor Math (MPS (Apple Silicon GPU)),436,0.04150112499999992
vm,PyTorch Tensor Math (MPS (Apple Silicon GPU)),436,0.04525362500000085
exec,PyTorch Tensor Math (MPS (Apple Silicon GPU)),437,0.041460917000001984
vm,PyTorch Tensor Math (MPS (Apple Silicon GPU)),437,0.04492345799999953
exec,PyTorch Tensor Math (MPS (Apple Silicon GPU)),438,0.0414542080000011
vm,PyTorch Tensor Math (MPS (Apple Silicon GPU)),438,0.044846708999997986
exec,PyTorch Tensor Math (MPS (Apple Silicon GPU)),439,0.04148804100000092
vm,PyTorch Tensor Math (MPS (Apple Silicon GPU)),439,0.04448320900000269
exec,PyTorch Tensor Math (MPS (Apple Silicon GPU)),440,0.04149995799999928
vm,PyTorch Tensor Math (MPS (Apple Silicon GPU)),440,0.04453741600000072
exec,PyTorch Tensor Math (MPS (Apple Silicon GPU)),441,0.041491333999999824
vm,PyTorch Tensor Math (MPS (Apple Silicon GPU)),441,0.04448149999999984
exec,PyTorch Tensor Math (MPS (Apple Silicon GPU)),442,0.04145329199999992
vm,PyTorch Tensor Math (MPS (Apple Silicon GPU)),442,0.04454437500000097
exec,PyTorch Tensor Math (MPS (Apple Silicon GPU)),443,0.04150041700000173
vm,PyTorch Tensor Math (MPS (Apple Silicon GPU)),443,0.044499874999999633
exec,PyTorch Tensor Math (MPS (Apple Silicon GPU)),444,0.04145579200000071
vm,PyTorch Tensor Math (MPS (Apple Silicon GPU)),444,0.04540000000000077
exec,PyTorch Tensor Math (MPS (Apple Silicon GPU)),445,0.04156429100000025
vm,PyTorch Tensor Math (MPS (Apple Silicon GPU)),445,0.044888457999999076
exec,PyTorch Tensor Math (MPS (Apple Silicon GPU)),446,0.04154474999999991
vm,PyTorch Tensor Math (MPS (Apple Silicon GPU)),446,0.0449804159999978
exec,PyTorch Tensor Math (MPS (Apple Silicon GPU)),447,0.04156158300000001
vm,PyTorch Tensor Math (MPS (Apple Silicon GPU)),447,0.04446679199999792
exec,PyTorch Tensor Math (MPS (Apple Silicon GPU)),448,0.04155483299999929
vm,PyTorch Tensor Math (MPS (Apple Silicon GPU)),448,0.04452895900000087
exec,PyTorch Tensor Math (MPS (Apple Silicon GPU)),449,0.041539459000002665
vm,PyTorch Tensor Math (MPS (Apple Silicon GPU)),449,0.044482708000000315
exec,PyTorch Tensor Math (MPS (Apple Silicon GPU)),450,0.04156599999999955
vm,PyTorch Tensor Math (MPS (Apple Silicon GPU)),450,0.044486499999997875
exec,PyTorch Tensor Math (MPS (Apple Silicon GPU)),451,0.04219075000000316
vm,PyTorch Tensor Math (MPS (Apple Silicon GPU)),451,0.045241415999999646
exec,PyTorch Tensor Math (MPS (Apple Silicon GPU)),452,0.04145929199999898
vm,PyTorch Tensor Math (MPS (Apple Silicon GPU)),452,0.0444942079999997
exec,PyTorch Tensor Math (MPS (Apple Silicon GPU)),453,0.04143883300000084
vm,PyTorch Tensor Math (MPS (Apple Silicon GPU)),453,0.04458979200000002
exec,PyTorch Tensor Math (MPS (Apple Silicon GPU)),454,0.04146666700000168
vm,PyTorch Tensor Math (MPS (Apple Silicon GPU)),454,0.04446820900000148
exec,PyTorch Tensor Math (MPS (Apple Silicon GPU)),455,0.04152812499999925
vm,PyTorch Tensor Math (MPS (Apple Silicon GPU)),455,0.044481833000002524
exec,PyTorch Tensor Math (MPS (Apple Silicon GPU)),456,0.04146304200000017
vm,PyTorch Tensor Math (MPS (Apple Silicon GPU)),456,0.044505000000000905
exec,PyTorch Tensor Math (MPS (Apple Silicon GPU)),457,0.04144012500000116
vm,PyTorch Tensor Math (MPS (Apple Silicon GPU)),457,0.04599608400000221
exec,PyTorch Tensor Math (MPS (Apple Silicon GPU)),458,0.04155879200000001
vm,PyTorch Tensor Math (MPS (Apple Silicon GPU)),458,0.04479249999999979
exec,PyTorch Tensor Math (MPS (Apple Silicon GPU)),459,0.04155129200000118
vm,PyTorch Tensor Math (MPS (Apple Silicon GPU)),459,0.04485662499999776
exec,PyTorch Tensor Math (MPS (Apple Silicon GPU)),460,0.04146133399999741
vm,PyTorch Tensor Math (MPS (Apple Silicon GPU)),460,0.04522462499999946
exec,PyTorch Tensor Math (MPS (Apple Silicon GPU)),461,0.0414538329999985
vm,PyTorch Tensor Math (MPS (Apple Silicon GPU)),461,0.044533082999997475
exec,PyTorch Tensor Math (MPS (Apple Silicon GPU)),462,0.0414493329999992
vm,PyTorch Tensor Math (MPS (Apple Silicon GPU)),462,0.04446324999999973
exec,PyTorch Tensor Math (MPS (Apple Silicon GPU)),463,0.0415057499999989
vm,PyTorch Tensor Math (MPS (Apple Silicon GPU)),463,0.04445274999999782
exec,PyTorch Tensor Math (MPS (Apple Silicon GPU)),464,0.04149133299999974
vm,PyTorch Tensor Math (MPS (Apple Silicon GPU)),464,0.044474875000002356
exec,PyTorch Tensor Math (MPS (Apple Silicon GPU)),465,0.04145958300000174
vm,PyTorch Tensor Math (MPS (Apple Silicon GPU)),465,0.04448745899999906
exec,PyTorch Tensor Math (MPS (Apple Silicon GPU)),466,0.04146333299999938
vm,PyTorch Tensor Math (MPS (Apple Silicon GPU)),466,0.044855124999998
exec,PyTorch Tensor Math (MPS (Apple Silicon GPU)),467,0.041498457999999516
vm,PyTorch Tensor Math (MPS (Apple Silicon GPU)),467,0.045766583999999
exec,PyTorch Tensor Math (MPS (Apple Silicon GPU)),468,0.041466374999998834
vm,PyTorch Tensor Math (MPS (Apple Silicon GPU)),468,0.04515383300000053
exec,PyTorch Tensor Math (MPS (Apple Silicon GPU)),469,0.04147666699999775
vm,PyTorch Tensor Math (MPS (Apple Silicon GPU)),469,0.04453875000000096
exec,PyTorch Tensor Math (MPS (Apple Silicon GPU)),470,0.04145099999999857
vm,PyTorch Tensor Math (MPS (Apple Silicon GPU)),470,0.04453495799999985
exec,PyTorch Tensor Math (MPS (Apple Silicon GPU)),471,0.04150020799999865
vm,PyTorch Tensor Math (MPS (Apple Silicon GPU)),471,0.04454945899999885
exec,PyTorch Tensor Math (MPS (Apple Silicon GPU)),472,0.04147199999999884
vm,PyTorch Tensor Math (MPS (Apple Silicon GPU)),472,0.04451204200000092
exec,PyTorch Tensor Math (MPS (Apple Silicon GPU)),473,0.04143654199999958
vm,PyTorch Tensor Math (MPS (Apple Silicon GPU)),473,0.04471820900000267
exec,PyTorch Tensor Math (MPS (Apple Silicon GPU)),474,0.04148941699999753
vm,PyTorch Tensor Math (MPS (Apple Silicon GPU)),474,0.04484579200000027
exec,PyTorch Tensor Math (MPS (Apple Silicon GPU)),475,0.04148670800000076
vm,PyTorch Tensor Math (MPS (Apple Silicon GPU)),475,0.04499449999999783
exec,PyTorch Tensor Math (MPS (Apple Silicon GPU)),476,0.04146341599999914
vm,PyTorch Tensor Math (MPS (Apple Silicon GPU)),476,0.04452533300000283
exec,PyTorch Tensor Math (MPS (Apple Silicon GPU)),477,0.041461832999999615
vm,PyTorch Tensor Math (MPS (Apple Silicon GPU)),477,0.04446366700000226
exec,PyTorch Tensor Math (MPS (Apple Silicon GPU)),478,0.041462583000001274
vm,PyTorch Tensor Math (MPS (Apple Silicon GPU)),478,0.04467062500000196
exec,PyTorch Tensor Math (MPS (Apple Silicon GPU)),479,0.04152362499999995
vm,PyTorch Tensor Math (MPS (Apple Silicon GPU)),479,0.045396082999999976
exec,PyTorch Tensor Math (MPS (Apple Silicon GPU)),480,0.04146354200000246
vm,PyTorch Tensor Math (MPS (Apple Silicon GPU)),480,0.045724541999998536
exec,PyTorch Tensor Math (MPS (Apple Silicon GPU)),481,0.041453457999999443
vm,PyTorch Tensor Math (MPS (Apple Silicon GPU)),481,0.044929500000002065
exec,PyTorch Tensor Math (MPS (Apple Silicon GPU)),482,0.04147524999999774
vm,PyTorch Tensor Math (MPS (Apple Silicon GPU)),482,0.045057874999997694
exec,PyTorch Tensor Math (MPS (Apple Silicon GPU)),483,0.041500541999997864
vm,PyTorch Tensor Math (MPS (Apple Silicon GPU)),483,0.04494199999999893
exec,PyTorch Tensor Math (MPS (Apple Silicon GPU)),484,0.04149200000000164
vm,PyTorch Tensor Math (MPS (Apple Silicon GPU)),484,0.04447962500000102
exec,PyTorch Tensor Math (MPS (Apple Silicon GPU)),485,0.04144287500000132
vm,PyTorch Tensor Math (MPS (Apple Silicon GPU)),485,0.04450270799999956
exec,PyTorch Tensor Math (MPS (Apple Silicon GPU)),486,0.04145695799999771
vm,PyTorch Tensor Math (MPS (Apple Silicon GPU)),486,0.04448558300000016
exec,PyTorch Tensor Math (MPS (Apple Silicon GPU)),487,0.04151129099999906
vm,PyTorch Tensor Math (MPS (Apple Silicon GPU)),487,0.044739583999998445
exec,PyTorch Tensor Math (MPS (Apple Silicon GPU)),488,0.04148533400000076
vm,PyTorch Tensor Math (MPS (Apple Silicon GPU)),488,0.0448691669999981
exec,PyTorch Tensor Math (MPS (Apple Silicon GPU)),489,0.041452083999999445
vm,PyTorch Tensor Math (MPS (Apple Silicon GPU)),489,0.04482737500000056
exec,PyTorch Tensor Math (MPS (Apple Silicon GPU)),490,0.041472041000002235
vm,PyTorch Tensor Math (MPS (Apple Silicon GPU)),490,0.04548541699999831
exec,PyTorch Tensor Math (MPS (Apple Silicon GPU)),491,0.04148970899999682
vm,PyTorch Tensor Math (MPS (Apple Silicon GPU)),491,0.0444102089999987
exec,PyTorch Tensor Math (MPS (Apple Silicon GPU)),492,0.04145387500000197
vm,PyTorch Tensor Math (MPS (Apple Silicon GPU)),492,0.04440100000000058
exec,PyTorch Tensor Math (MPS (Apple Silicon GPU)),493,0.04148262500000044
vm,PyTorch Tensor Math (MPS (Apple Silicon GPU)),493,0.04440708400000304
exec,PyTorch Tensor Math (MPS (Apple Silicon GPU)),494,0.041469875000000656
vm,PyTorch Tensor Math (MPS (Apple Silicon GPU)),494,0.04453033299999731
exec,PyTorch Tensor Math (MPS (Apple Silicon GPU)),495,0.041498957999998254
vm,PyTorch Tensor Math (MPS (Apple Silicon GPU)),495,0.04450262500000335
exec,PyTorch Tensor Math (MPS (Apple Silicon GPU)),496,0.04145637499999921
vm,PyTorch Tensor Math (MPS (Apple Silicon GPU)),496,0.044477541000002674
exec,PyTorch Tensor Math (MPS (Apple Silicon GPU)),497,0.04144408400000188
vm,PyTorch Tensor Math (MPS (Apple Silicon GPU)),497,0.044497208999999316
exec,PyTorch Tensor Math (MPS (Apple Silicon GPU)),498,0.04147762499999885
vm,PyTorch Tensor Math (MPS (Apple Silicon GPU)),498,0.04447174999999959
exec,PyTorch Tensor Math (MPS (Apple Silicon GPU)),499,0.04149954200000039
vm,PyTorch Tensor Math (MPS (Apple Silicon GPU)),499,0.04443649999999977
exec,PyTorch Tensor Math (MPS (Apple Silicon GPU)),500,0.04145729200000048
vm,PyTorch Tensor Math (MPS (Apple Silicon GPU)),500,0.04447937500000165
exec,PyTorch Tensor Math (MPS (Apple Silicon GPU)),501,0.04230500000000248
vm,PyTorch Tensor Math (MPS (Apple Silicon GPU)),501,0.045103333000000134
exec,PyTorch Tensor Math (MPS (Apple Silicon GPU)),502,0.04150004200000268
vm,PyTorch Tensor Math (MPS (Apple Silicon GPU)),502,0.044996291000000355
exec,PyTorch Tensor Math (MPS (Apple Silicon GPU)),503,0.041527417000001066
vm,PyTorch Tensor Math (MPS (Apple Silicon GPU)),503,0.04555979100000229
exec,PyTorch Tensor Math (MPS (Apple Silicon GPU)),504,0.041502917000002526
vm,PyTorch Tensor Math (MPS (Apple Silicon GPU)),504,0.04483204199999946
exec,PyTorch Tensor Math (MPS (Apple Silicon GPU)),505,0.04144120800000195
vm,PyTorch Tensor Math (MPS (Apple Silicon GPU)),505,0.04486400000000046
exec,PyTorch Tensor Math (MPS (Apple Silicon GPU)),506,0.04146841600000073
vm,PyTorch Tensor Math (MPS (Apple Silicon GPU)),506,0.04444312499999725
exec,PyTorch Tensor Math (MPS (Apple Silicon GPU)),507,0.0415304170000006
vm,PyTorch Tensor Math (MPS (Apple Silicon GPU)),507,0.04449120800000017
exec,PyTorch Tensor Math (MPS (Apple Silicon GPU)),508,0.041441457999997766
vm,PyTorch Tensor Math (MPS (Apple Silicon GPU)),508,0.04448254199999724
exec,PyTorch Tensor Math (MPS (Apple Silicon GPU)),509,0.04146058300000277
vm,PyTorch Tensor Math (MPS (Apple Silicon GPU)),509,0.04449091700000096
exec,PyTorch Tensor Math (MPS (Apple Silicon GPU)),510,0.041455374999998185
vm,PyTorch Tensor Math (MPS (Apple Silicon GPU)),510,0.04490162500000139
exec,PyTorch Tensor Math (MPS (Apple Silicon GPU)),511,0.041492917000002905
vm,PyTorch Tensor Math (MPS (Apple Silicon GPU)),511,0.04492679199999827
exec,PyTorch Tensor Math (MPS (Apple Silicon GPU)),512,0.04148454199999918
vm,PyTorch Tensor Math (MPS (Apple Silicon GPU)),512,0.04484437500000027
exec,PyTorch Tensor Math (MPS (Apple Silicon GPU)),513,0.041461250000001115
vm,PyTorch Tensor Math (MPS (Apple Silicon GPU)),513,0.04483662499999852
exec,PyTorch Tensor Math (MPS (Apple Silicon GPU)),514,0.04147808300000122
vm,PyTorch Tensor Math (MPS (Apple Silicon GPU)),514,0.0444836670000015
exec,PyTorch Tensor Math (MPS (Apple Silicon GPU)),515,0.04149770800000141
vm,PyTorch Tensor Math (MPS (Apple Silicon GPU)),515,0.04440266699999995
exec,PyTorch Tensor Math (MPS (Apple Silicon GPU)),516,0.0414573340000004
vm,PyTorch Tensor Math (MPS (Apple Silicon GPU)),516,0.04445708300000106
exec,PyTorch Tensor Math (MPS (Apple Silicon GPU)),517,0.041458875000000006
vm,PyTorch Tensor Math (MPS (Apple Silicon GPU)),517,0.04449512500000097
exec,PyTorch Tensor Math (MPS (Apple Silicon GPU)),518,0.04144566700000141
vm,PyTorch Tensor Math (MPS (Apple Silicon GPU)),518,0.04447399999999746
exec,PyTorch Tensor Math (MPS (Apple Silicon GPU)),519,0.041488417000000055
vm,PyTorch Tensor Math (MPS (Apple Silicon GPU)),519,0.044475999999999516
exec,PyTorch Tensor Math (MPS (Apple Silicon GPU)),520,0.041472000000002396
vm,PyTorch Tensor Math (MPS (Apple Silicon GPU)),520,0.04454841700000145
exec,PyTorch Tensor Math (MPS (Apple Silicon GPU)),521,0.041454791999999685
vm,PyTorch Tensor Math (MPS (Apple Silicon GPU)),521,0.04450966699999981
exec,PyTorch Tensor Math (MPS (Apple Silicon GPU)),522,0.04147391700000114
vm,PyTorch Tensor Math (MPS (Apple Silicon GPU)),522,0.04445870800000051
exec,PyTorch Tensor Math (MPS (Apple Silicon GPU)),523,0.04151033300000151
vm,PyTorch Tensor Math (MPS (Apple Silicon GPU)),523,0.04447937500000165
exec,PyTorch Tensor Math (MPS (Apple Silicon GPU)),524,0.041458875000000006
vm,PyTorch Tensor Math (MPS (Apple Silicon GPU)),524,0.044862250000001325
exec,PyTorch Tensor Math (MPS (Apple Silicon GPU)),525,0.04145862500000064
vm,PyTorch Tensor Math (MPS (Apple Silicon GPU)),525,0.045815833999999
exec,PyTorch Tensor Math (MPS (Apple Silicon GPU)),526,0.04145924999999906
vm,PyTorch Tensor Math (MPS (Apple Silicon GPU)),526,0.045624416000002554
exec,PyTorch Tensor Math (MPS (Apple Silicon GPU)),527,0.0415199159999986
vm,PyTorch Tensor Math (MPS (Apple Silicon GPU)),527,0.04488495800000081
exec,PyTorch Tensor Math (MPS (Apple Silicon GPU)),528,0.04146124999999756
vm,PyTorch Tensor Math (MPS (Apple Silicon GPU)),528,0.044446916999998365
exec,PyTorch Tensor Math (MPS (Apple Silicon GPU)),529,0.04144533299999864
vm,PyTorch Tensor Math (MPS (Apple Silicon GPU)),529,0.04459141699999947
exec,PyTorch Tensor Math (MPS (Apple Silicon GPU)),530,0.04164058299999951
vm,PyTorch Tensor Math (MPS (Apple Silicon GPU)),530,0.044503667000000746
exec,PyTorch Tensor Math (MPS (Apple Silicon GPU)),531,0.04151658400000002
vm,PyTorch Tensor Math (MPS (Apple Silicon GPU)),531,0.04445483299999964
exec,PyTorch Tensor Math (MPS (Apple Silicon GPU)),532,0.0415085409999989
vm,PyTorch Tensor Math (MPS (Apple Silicon GPU)),532,0.04447641699999849
exec,PyTorch Tensor Math (MPS (Apple Silicon GPU)),533,0.04159699999999944
vm,PyTorch Tensor Math (MPS (Apple Silicon GPU)),533,0.0460170830000024
exec,PyTorch Tensor Math (MPS (Apple Silicon GPU)),534,0.041462707999997406
vm,PyTorch Tensor Math (MPS (Apple Silicon GPU)),534,0.04448879199999922
exec,PyTorch Tensor Math (MPS (Apple Silicon GPU)),535,0.041509084000001195
vm,PyTorch Tensor Math (MPS (Apple Silicon GPU)),535,0.04560924999999827
exec,PyTorch Tensor Math (MPS (Apple Silicon GPU)),536,0.041487916999997765
vm,PyTorch Tensor Math (MPS (Apple Silicon GPU)),536,0.044510124999998624
exec,PyTorch Tensor Math (MPS (Apple Silicon GPU)),537,0.041448374999998094
vm,PyTorch Tensor Math (MPS (Apple Silicon GPU)),537,0.04444587500000097
exec,PyTorch Tensor Math (MPS (Apple Silicon GPU)),538,0.04146220899999875
vm,PyTorch Tensor Math (MPS (Apple Silicon GPU)),538,0.04447779199999857
exec,PyTorch Tensor Math (MPS (Apple Silicon GPU)),539,0.04149929100000094
vm,PyTorch Tensor Math (MPS (Apple Silicon GPU)),539,0.04443712499999819
exec,PyTorch Tensor Math (MPS (Apple Silicon GPU)),540,0.04156362499999844
vm,PyTorch Tensor Math (MPS (Apple Silicon GPU)),540,0.04446216699999894
exec,PyTorch Tensor Math (MPS (Apple Silicon GPU)),541,0.04147112500000105
vm,PyTorch Tensor Math (MPS (Apple Silicon GPU)),541,0.0444688339999999
exec,PyTorch Tensor Math (MPS (Apple Silicon GPU)),542,0.04153374999999926
vm,PyTorch Tensor Math (MPS (Apple Silicon GPU)),542,0.04453624999999661
exec,PyTorch Tensor Math (MPS (Apple Silicon GPU)),543,0.041497833000001094
vm,PyTorch Tensor Math (MPS (Apple Silicon GPU)),543,0.04445162500000066
exec,PyTorch Tensor Math (MPS (Apple Silicon GPU)),544,0.04146549999999749
vm,PyTorch Tensor Math (MPS (Apple Silicon GPU)),544,0.044494541999998916
exec,PyTorch Tensor Math (MPS (Apple Silicon GPU)),545,0.041442584000002114
vm,PyTorch Tensor Math (MPS (Apple Silicon GPU)),545,0.04446237499999839
exec,PyTorch Tensor Math (MPS (Apple Silicon GPU)),546,0.04149637500000125
vm,PyTorch Tensor Math (MPS (Apple Silicon GPU)),546,0.04499070900000035
exec,PyTorch Tensor Math (MPS (Apple Silicon GPU)),547,0.04152916600000012
vm,PyTorch Tensor Math (MPS (Apple Silicon GPU)),547,0.045311667
exec,PyTorch Tensor Math (MPS (Apple Silicon GPU)),548,0.041466707999997965
vm,PyTorch Tensor Math (MPS (Apple Silicon GPU)),548,0.04488787500000058
exec,PyTorch Tensor Math (MPS (Apple Silicon GPU)),549,0.04145879100000016
vm,PyTorch Tensor Math (MPS (Apple Silicon GPU)),549,0.04489850000000217
exec,PyTorch Tensor Math (MPS (Apple Silicon GPU)),550,0.041473666999998215
vm,PyTorch Tensor Math (MPS (Apple Silicon GPU)),550,0.04484241599999805
exec,PyTorch Tensor Math (MPS (Apple Silicon GPU)),551,0.04235533299999972
vm,PyTorch Tensor Math (MPS (Apple Silicon GPU)),551,0.044942749999997034
exec,PyTorch Tensor Math (MPS (Apple Silicon GPU)),552,0.04144141700000148
vm,PyTorch Tensor Math (MPS (Apple Silicon GPU)),552,0.04446358299999886
exec,PyTorch Tensor Math (MPS (Apple Silicon GPU)),553,0.04143575000000155
vm,PyTorch Tensor Math (MPS (Apple Silicon GPU)),553,0.044497458000002155
exec,PyTorch Tensor Math (MPS (Apple Silicon GPU)),554,0.04146254199999788
vm,PyTorch Tensor Math (MPS (Apple Silicon GPU)),554,0.044519250000000454
exec,PyTorch Tensor Math (MPS (Apple Silicon GPU)),555,0.0415157079999986
vm,PyTorch Tensor Math (MPS (Apple Silicon GPU)),555,0.04521354199999905
exec,PyTorch Tensor Math (MPS (Apple Silicon GPU)),556,0.04154033299999682
vm,PyTorch Tensor Math (MPS (Apple Silicon GPU)),556,0.044904750000000604
exec,PyTorch Tensor Math (MPS (Apple Silicon GPU)),557,0.041442749999998085
vm,PyTorch Tensor Math (MPS (Apple Silicon GPU)),557,0.045630583999997754
exec,PyTorch Tensor Math (MPS (Apple Silicon GPU)),558,0.04146958400000145
vm,PyTorch Tensor Math (MPS (Apple Silicon GPU)),558,0.04445620800000327
exec,PyTorch Tensor Math (MPS (Apple Silicon GPU)),559,0.04148741700000258
vm,PyTorch Tensor Math (MPS (Apple Silicon GPU)),559,0.04444358299999962
exec,PyTorch Tensor Math (MPS (Apple Silicon GPU)),560,0.0414650839999986
vm,PyTorch Tensor Math (MPS (Apple Silicon GPU)),560,0.044400666000001365
exec,PyTorch Tensor Math (MPS (Apple Silicon GPU)),561,0.04146141600000064
vm,PyTorch Tensor Math (MPS (Apple Silicon GPU)),561,0.04455383300000193
exec,PyTorch Tensor Math (MPS (Apple Silicon GPU)),562,0.04147079200000192
vm,PyTorch Tensor Math (MPS (Apple Silicon GPU)),562,0.04447779199999857
exec,PyTorch Tensor Math (MPS (Apple Silicon GPU)),563,0.04150441700000229
vm,PyTorch Tensor Math (MPS (Apple Silicon GPU)),563,0.044396916000000175
exec,PyTorch Tensor Math (MPS (Apple Silicon GPU)),564,0.04145820800000166
vm,PyTorch Tensor Math (MPS (Apple Silicon GPU)),564,0.04454629199999971
exec,PyTorch Tensor Math (MPS (Apple Silicon GPU)),565,0.04147737499999948
vm,PyTorch Tensor Math (MPS (Apple Silicon GPU)),565,0.04447783400000205
exec,PyTorch Tensor Math (MPS (Apple Silicon GPU)),566,0.04145754199999985
vm,PyTorch Tensor Math (MPS (Apple Silicon GPU)),566,0.04455033400000019
exec,PyTorch Tensor Math (MPS (Apple Silicon GPU)),567,0.04151629199999718
vm,PyTorch Tensor Math (MPS (Apple Silicon GPU)),567,0.04437866700000015
exec,PyTorch Tensor Math (MPS (Apple Silicon GPU)),568,0.04155095799999842
vm,PyTorch Tensor Math (MPS (Apple Silicon GPU)),568,0.044472708000000694
exec,PyTorch Tensor Math (MPS (Apple Silicon GPU)),569,0.04154995800000094
vm,PyTorch Tensor Math (MPS (Apple Silicon GPU)),569,0.045359917000002525
exec,PyTorch Tensor Math (MPS (Apple Silicon GPU)),570,0.04156449999999978
vm,PyTorch Tensor Math (MPS (Apple Silicon GPU)),570,0.04526920900000064
exec,PyTorch Tensor Math (MPS (Apple Silicon GPU)),571,0.04155408400000127
vm,PyTorch Tensor Math (MPS (Apple Silicon GPU)),571,0.04490449999999768
exec,PyTorch Tensor Math (MPS (Apple Silicon GPU)),572,0.041560000000000485
vm,PyTorch Tensor Math (MPS (Apple Silicon GPU)),572,0.044883041999998596
exec,PyTorch Tensor Math (MPS (Apple Silicon GPU)),573,0.04155749999999969
vm,PyTorch Tensor Math (MPS (Apple Silicon GPU)),573,0.044468708000000134
exec,PyTorch Tensor Math (MPS (Apple Silicon GPU)),574,0.041556791999997955
vm,PyTorch Tensor Math (MPS (Apple Silicon GPU)),574,0.0445341670000019
exec,PyTorch Tensor Math (MPS (Apple Silicon GPU)),575,0.04155537499999795
vm,PyTorch Tensor Math (MPS (Apple Silicon GPU)),575,0.044483499999998344
exec,PyTorch Tensor Math (MPS (Apple Silicon GPU)),576,0.041548416999997784
vm,PyTorch Tensor Math (MPS (Apple Silicon GPU)),576,0.044466082999999657
exec,PyTorch Tensor Math (MPS (Apple Silicon GPU)),577,0.041542040999999585
vm,PyTorch Tensor Math (MPS (Apple Silicon GPU)),577,0.04448370800000134
exec,PyTorch Tensor Math (MPS (Apple Silicon GPU)),578,0.04158458399999887
vm,PyTorch Tensor Math (MPS (Apple Silicon GPU)),578,0.045588166000001706
exec,PyTorch Tensor Math (MPS (Apple Silicon GPU)),579,0.04155204199999929
vm,PyTorch Tensor Math (MPS (Apple Silicon GPU)),579,0.04486599999999896
exec,PyTorch Tensor Math (MPS (Apple Silicon GPU)),580,0.041547083999997625
vm,PyTorch Tensor Math (MPS (Apple Silicon GPU)),580,0.04485429200000013
exec,PyTorch Tensor Math (MPS (Apple Silicon GPU)),581,0.041541334000001484
vm,PyTorch Tensor Math (MPS (Apple Silicon GPU)),581,0.04446695900000108
exec,PyTorch Tensor Math (MPS (Apple Silicon GPU)),582,0.04156587499999986
vm,PyTorch Tensor Math (MPS (Apple Silicon GPU)),582,0.04453870800000104
exec,PyTorch Tensor Math (MPS (Apple Silicon GPU)),583,0.04155816700000159
vm,PyTorch Tensor Math (MPS (Apple Silicon GPU)),583,0.044480250000003
exec,PyTorch Tensor Math (MPS (Apple Silicon GPU)),584,0.04154187499999651
vm,PyTorch Tensor Math (MPS (Apple Silicon GPU)),584,0.04448345900000206
exec,PyTorch Tensor Math (MPS (Apple Silicon GPU)),585,0.041574541999999326
vm,PyTorch Tensor Math (MPS (Apple Silicon GPU)),585,0.0444547919999998
exec,PyTorch Tensor Math (MPS (Apple Silicon GPU)),586,0.041545499999998015
vm,PyTorch Tensor Math (MPS (Apple Silicon GPU)),586,0.04453095799999929
exec,PyTorch Tensor Math (MPS (Apple Silicon GPU)),587,0.04156654200000176
vm,PyTorch Tensor Math (MPS (Apple Silicon GPU)),587,0.044411707999998384
exec,PyTorch Tensor Math (MPS (Apple Silicon GPU)),588,0.04154933299999897
vm,PyTorch Tensor Math (MPS (Apple Silicon GPU)),588,0.04447899999999905
exec,PyTorch Tensor Math (MPS (Apple Silicon GPU)),589,0.04154754199999999
vm,PyTorch Tensor Math (MPS (Apple Silicon GPU)),589,0.04440312500000232
exec,PyTorch Tensor Math (MPS (Apple Silicon GPU)),590,0.041559084000002855
vm,PyTorch Tensor Math (MPS (Apple Silicon GPU)),590,0.04441566599999902
exec,PyTorch Tensor Math (MPS (Apple Silicon GPU)),591,0.041551166000001416
vm,PyTorch Tensor Math (MPS (Apple Silicon GPU)),591,0.044820542000000074
exec,PyTorch Tensor Math (MPS (Apple Silicon GPU)),592,0.04155629199999922
vm,PyTorch Tensor Math (MPS (Apple Silicon GPU)),592,0.04535666599999999
exec,PyTorch Tensor Math (MPS (Apple Silicon GPU)),593,0.04156183299999938
vm,PyTorch Tensor Math (MPS (Apple Silicon GPU)),593,0.044879832999999536
exec,PyTorch Tensor Math (MPS (Apple Silicon GPU)),594,0.041555042000002373
vm,PyTorch Tensor Math (MPS (Apple Silicon GPU)),594,0.04500437500000132
exec,PyTorch Tensor Math (MPS (Apple Silicon GPU)),595,0.04156125000000088
vm,PyTorch Tensor Math (MPS (Apple Silicon GPU)),595,0.044832708000001276
exec,PyTorch Tensor Math (MPS (Apple Silicon GPU)),596,0.04154616599999983
vm,PyTorch Tensor Math (MPS (Apple Silicon GPU)),596,0.04445741700000028
exec,PyTorch Tensor Math (MPS (Apple Silicon GPU)),597,0.041556458999998824
vm,PyTorch Tensor Math (MPS (Apple Silicon GPU)),597,0.04448912499999835
exec,PyTorch Tensor Math (MPS (Apple Silicon GPU)),598,0.04156583299999994
vm,PyTorch Tensor Math (MPS (Apple Silicon GPU)),598,0.04440566699999948
exec,PyTorch Tensor Math (MPS (Apple Silicon GPU)),599,0.04154808299999857
vm,PyTorch Tensor Math (MPS (Apple Silicon GPU)),599,0.044472667000000854
exec,PyTorch Tensor Math (MPS (Apple Silicon GPU)),600,0.041559790999997404
vm,PyTorch Tensor Math (MPS (Apple Silicon GPU)),600,0.04490333400000068
exec,PyTorch Tensor Math (MPS (Apple Silicon GPU)),601,0.04212145900000053
vm,PyTorch Tensor Math (MPS (Apple Silicon GPU)),601,0.04509733300000107
exec,PyTorch Tensor Math (MPS (Apple Silicon GPU)),602,0.04153245799999894
vm,PyTorch Tensor Math (MPS (Apple Silicon GPU)),602,0.04555658299999976
exec,PyTorch Tensor Math (MPS (Apple Silicon GPU)),603,0.041509375000000404
vm,PyTorch Tensor Math (MPS (Apple Silicon GPU)),603,0.04440358299999758
exec,PyTorch Tensor Math (MPS (Apple Silicon GPU)),604,0.04155554200000111
vm,PyTorch Tensor Math (MPS (Apple Silicon GPU)),604,0.04445816699999838
exec,PyTorch Tensor Math (MPS (Apple Silicon GPU)),605,0.04155504100000229
vm,PyTorch Tensor Math (MPS (Apple Silicon GPU)),605,0.044466915999997525
exec,PyTorch Tensor Math (MPS (Apple Silicon GPU)),606,0.041557000000000954
vm,PyTorch Tensor Math (MPS (Apple Silicon GPU)),606,0.04453291600000142
exec,PyTorch Tensor Math (MPS (Apple Silicon GPU)),607,0.041548917000000074
vm,PyTorch Tensor Math (MPS (Apple Silicon GPU)),607,0.04445508300000256
exec,PyTorch Tensor Math (MPS (Apple Silicon GPU)),608,0.04154983399999779
vm,PyTorch Tensor Math (MPS (Apple Silicon GPU)),608,0.04445949999999854
exec,PyTorch Tensor Math (MPS (Apple Silicon GPU)),609,0.041549541999998496
vm,PyTorch Tensor Math (MPS (Apple Silicon GPU)),609,0.04452125000000251
exec,PyTorch Tensor Math (MPS (Apple Silicon GPU)),610,0.041577832999998066
vm,PyTorch Tensor Math (MPS (Apple Silicon GPU)),610,0.04445666699999862
exec,PyTorch Tensor Math (MPS (Apple Silicon GPU)),611,0.041534375000001234
vm,PyTorch Tensor Math (MPS (Apple Silicon GPU)),611,0.044479207999998494
exec,PyTorch Tensor Math (MPS (Apple Silicon GPU)),612,0.041563750000001676
vm,PyTorch Tensor Math (MPS (Apple Silicon GPU)),612,0.04439854199999971
exec,PyTorch Tensor Math (MPS (Apple Silicon GPU)),613,0.041550083000000626
vm,PyTorch Tensor Math (MPS (Apple Silicon GPU)),613,0.04485966700000077
exec,PyTorch Tensor Math (MPS (Apple Silicon GPU)),614,0.041542959000000934
vm,PyTorch Tensor Math (MPS (Apple Silicon GPU)),614,0.04526437499999858
exec,PyTorch Tensor Math (MPS (Apple Silicon GPU)),615,0.04156116699999757
vm,PyTorch Tensor Math (MPS (Apple Silicon GPU)),615,0.04489495800000043
exec,PyTorch Tensor Math (MPS (Apple Silicon GPU)),616,0.04155804100000182
vm,PyTorch Tensor Math (MPS (Apple Silicon GPU)),616,0.044828165999998504
exec,PyTorch Tensor Math (MPS (Apple Silicon GPU)),617,0.041549458000002204
vm,PyTorch Tensor Math (MPS (Apple Silicon GPU)),617,0.04478629099999765
exec,PyTorch Tensor Math (MPS (Apple Silicon GPU)),618,0.04156229200000183
vm,PyTorch Tensor Math (MPS (Apple Silicon GPU)),618,0.0444635840000025
exec,PyTorch Tensor Math (MPS (Apple Silicon GPU)),619,0.04156308299999978
vm,PyTorch Tensor Math (MPS (Apple Silicon GPU)),619,0.044460083000000594
exec,PyTorch Tensor Math (MPS (Apple Silicon GPU)),620,0.041551124999998024
vm,PyTorch Tensor Math (MPS (Apple Silicon GPU)),620,0.044478375000000625
exec,PyTorch Tensor Math (MPS (Apple Silicon GPU)),621,0.04155595900000009
vm,PyTorch Tensor Math (MPS (Apple Silicon GPU)),621,0.04446991600000061
exec,PyTorch Tensor Math (MPS (Apple Silicon GPU)),622,0.041564874999998835
vm,PyTorch Tensor Math (MPS (Apple Silicon GPU)),622,0.04513299999999987
exec,PyTorch Tensor Math (MPS (Apple Silicon GPU)),623,0.04155504199999882
vm,PyTorch Tensor Math (MPS (Apple Silicon GPU)),623,0.045262874999998814
exec,PyTorch Tensor Math (MPS (Apple Silicon GPU)),624,0.04155370799999858
vm,PyTorch Tensor Math (MPS (Apple Silicon GPU)),624,0.04486533300000062
exec,PyTorch Tensor Math (MPS (Apple Silicon GPU)),625,0.04161370799999986
vm,PyTorch Tensor Math (MPS (Apple Silicon GPU)),625,0.04492754199999993
exec,PyTorch Tensor Math (MPS (Apple Silicon GPU)),626,0.041562416999997964
vm,PyTorch Tensor Math (MPS (Apple Silicon GPU)),626,0.04445837500000138
exec,PyTorch Tensor Math (MPS (Apple Silicon GPU)),627,0.04150062500000118
vm,PyTorch Tensor Math (MPS (Apple Silicon GPU)),627,0.04440520799999703
exec,PyTorch Tensor Math (MPS (Apple Silicon GPU)),628,0.041538208000002186
vm,PyTorch Tensor Math (MPS (Apple Silicon GPU)),628,0.04457337500000236
exec,PyTorch Tensor Math (MPS (Apple Silicon GPU)),629,0.04157837500000028
vm,PyTorch Tensor Math (MPS (Apple Silicon GPU)),629,0.04448074999999818
exec,PyTorch Tensor Math (MPS (Apple Silicon GPU)),630,0.041543833000002195
vm,PyTorch Tensor Math (MPS (Apple Silicon GPU)),630,0.044410250000002094
exec,PyTorch Tensor Math (MPS (Apple Silicon GPU)),631,0.041560541999999145
vm,PyTorch Tensor Math (MPS (Apple Silicon GPU)),631,0.04447262500000093
exec,PyTorch Tensor Math (MPS (Apple Silicon GPU)),632,0.041546000000000305
vm,PyTorch Tensor Math (MPS (Apple Silicon GPU)),632,0.04447329099999919
exec,PyTorch Tensor Math (MPS (Apple Silicon GPU)),633,0.041559749999997564
vm,PyTorch Tensor Math (MPS (Apple Silicon GPU)),633,0.044541583000000884
exec,PyTorch Tensor Math (MPS (Apple Silicon GPU)),634,0.041570499999998844
vm,PyTorch Tensor Math (MPS (Apple Silicon GPU)),634,0.04442795900000007
exec,PyTorch Tensor Math (MPS (Apple Silicon GPU)),635,0.04154295800000085
vm,PyTorch Tensor Math (MPS (Apple Silicon GPU)),635,0.044485957999999215
exec,PyTorch Tensor Math (MPS (Apple Silicon GPU)),636,0.04155529200000174
vm,PyTorch Tensor Math (MPS (Apple Silicon GPU)),636,0.04555091699999991
exec,PyTorch Tensor Math (MPS (Apple Silicon GPU)),637,0.04154845900000126
vm,PyTorch Tensor Math (MPS (Apple Silicon GPU)),637,0.044942208999998456
exec,PyTorch Tensor Math (MPS (Apple Silicon GPU)),638,0.04152900000000059
vm,PyTorch Tensor Math (MPS (Apple Silicon GPU)),638,0.045618209000000576
exec,PyTorch Tensor Math (MPS (Apple Silicon GPU)),639,0.04155245799999818
vm,PyTorch Tensor Math (MPS (Apple Silicon GPU)),639,0.04482329200000024
exec,PyTorch Tensor Math (MPS (Apple Silicon GPU)),640,0.04156300000000002
vm,PyTorch Tensor Math (MPS (Apple Silicon GPU)),640,0.04441858299999879
exec,PyTorch Tensor Math (MPS (Apple Silicon GPU)),641,0.04155908299999922
vm,PyTorch Tensor Math (MPS (Apple Silicon GPU)),641,0.04453095799999929
exec,PyTorch Tensor Math (MPS (Apple Silicon GPU)),642,0.04155204199999929
vm,PyTorch Tensor Math (MPS (Apple Silicon GPU)),642,0.04449041699999867
exec,PyTorch Tensor Math (MPS (Apple Silicon GPU)),643,0.04158141699999973
vm,PyTorch Tensor Math (MPS (Apple Silicon GPU)),643,0.04447800000000157
exec,PyTorch Tensor Math (MPS (Apple Silicon GPU)),644,0.04154929199999913
vm,PyTorch Tensor Math (MPS (Apple Silicon GPU)),644,0.044876291999997875
exec,PyTorch Tensor Math (MPS (Apple Silicon GPU)),645,0.04157041600000255
vm,PyTorch Tensor Math (MPS (Apple Silicon GPU)),645,0.04481875000000102
exec,PyTorch Tensor Math (MPS (Apple Silicon GPU)),646,0.041544416999997225
vm,PyTorch Tensor Math (MPS (Apple Silicon GPU)),646,0.044827709000003324
exec,PyTorch Tensor Math (MPS (Apple Silicon GPU)),647,0.04169708299999897
vm,PyTorch Tensor Math (MPS (Apple Silicon GPU)),647,0.044850999999997754
exec,PyTorch Tensor Math (MPS (Apple Silicon GPU)),648,0.04161179199999765
vm,PyTorch Tensor Math (MPS (Apple Silicon GPU)),648,0.044471125000001166
exec,PyTorch Tensor Math (MPS (Apple Silicon GPU)),649,0.04166770899999861
vm,PyTorch Tensor Math (MPS (Apple Silicon GPU)),649,0.04451699999999903
exec,PyTorch Tensor Math (MPS (Apple Silicon GPU)),650,0.041721457999997824
vm,PyTorch Tensor Math (MPS (Apple Silicon GPU)),650,0.0445520419999994
exec,PyTorch Tensor Math (MPS (Apple Silicon GPU)),651,0.04239412500000128
vm,PyTorch Tensor Math (MPS (Apple Silicon GPU)),651,0.044731459000001195
exec,PyTorch Tensor Math (MPS (Apple Silicon GPU)),652,0.041730832999999024
vm,PyTorch Tensor Math (MPS (Apple Silicon GPU)),652,0.044550249999996794
exec,PyTorch Tensor Math (MPS (Apple Silicon GPU)),653,0.04196099999999703
vm,PyTorch Tensor Math (MPS (Apple Silicon GPU)),653,0.04448008399999992
exec,PyTorch Tensor Math (MPS (Apple Silicon GPU)),654,0.041712332999999546
vm,PyTorch Tensor Math (MPS (Apple Silicon GPU)),654,0.04447391700000125
exec,PyTorch Tensor Math (MPS (Apple Silicon GPU)),655,0.04176379200000113
vm,PyTorch Tensor Math (MPS (Apple Silicon GPU)),655,0.044562333000001786
exec,PyTorch Tensor Math (MPS (Apple Silicon GPU)),656,0.0417621660000016
vm,PyTorch Tensor Math (MPS (Apple Silicon GPU)),656,0.044498874999998606
exec,PyTorch Tensor Math (MPS (Apple Silicon GPU)),657,0.041752875000000245
vm,PyTorch Tensor Math (MPS (Apple Silicon GPU)),657,0.044457707999999485
exec,PyTorch Tensor Math (MPS (Apple Silicon GPU)),658,0.04176341599999844
vm,PyTorch Tensor Math (MPS (Apple Silicon GPU)),658,0.045664750000000254
exec,PyTorch Tensor Math (MPS (Apple Silicon GPU)),659,0.041890416000001096
vm,PyTorch Tensor Math (MPS (Apple Silicon GPU)),659,0.04539720899999722
exec,PyTorch Tensor Math (MPS (Apple Silicon GPU)),660,0.04180000000000206
vm,PyTorch Tensor Math (MPS (Apple Silicon GPU)),660,0.04483662499999852
exec,PyTorch Tensor Math (MPS (Apple Silicon GPU)),661,0.04180766700000049
vm,PyTorch Tensor Math (MPS (Apple Silicon GPU)),661,0.044902957999997994
exec,PyTorch Tensor Math (MPS (Apple Silicon GPU)),662,0.041845375000001184
vm,PyTorch Tensor Math (MPS (Apple Silicon GPU)),662,0.044454707999999954
exec,PyTorch Tensor Math (MPS (Apple Silicon GPU)),663,0.041863249999998686
vm,PyTorch Tensor Math (MPS (Apple Silicon GPU)),663,0.04444629099999986
exec,PyTorch Tensor Math (MPS (Apple Silicon GPU)),664,0.041847083000000396
vm,PyTorch Tensor Math (MPS (Apple Silicon GPU)),664,0.04449925000000121
exec,PyTorch Tensor Math (MPS (Apple Silicon GPU)),665,0.04186345900000177
vm,PyTorch Tensor Math (MPS (Apple Silicon GPU)),665,0.044657500000003125
exec,PyTorch Tensor Math (MPS (Apple Silicon GPU)),666,0.04190220899999986
vm,PyTorch Tensor Math (MPS (Apple Silicon GPU)),666,0.04445295800000082
exec,PyTorch Tensor Math (MPS (Apple Silicon GPU)),667,0.04190820799999884
vm,PyTorch Tensor Math (MPS (Apple Silicon GPU)),667,0.04600650000000073
exec,PyTorch Tensor Math (MPS (Apple Silicon GPU)),668,0.041895708000001974
vm,PyTorch Tensor Math (MPS (Apple Silicon GPU)),668,0.044880332999998274
exec,PyTorch Tensor Math (MPS (Apple Silicon GPU)),669,0.04189924999999661
vm,PyTorch Tensor Math (MPS (Apple Silicon GPU)),669,0.044825375000002055
exec,PyTorch Tensor Math (MPS (Apple Silicon GPU)),670,0.041944666999999214
vm,PyTorch Tensor Math (MPS (Apple Silicon GPU)),670,0.0444615000000006
exec,PyTorch Tensor Math (MPS (Apple Silicon GPU)),671,0.04196104199999695
vm,PyTorch Tensor Math (MPS (Apple Silicon GPU)),671,0.04454583300000081
exec,PyTorch Tensor Math (MPS (Apple Silicon GPU)),672,0.041937167000000386
vm,PyTorch Tensor Math (MPS (Apple Silicon GPU)),672,0.04445850000000107
exec,PyTorch Tensor Math (MPS (Apple Silicon GPU)),673,0.041942624999997236
vm,PyTorch Tensor Math (MPS (Apple Silicon GPU)),673,0.04448766699999851
exec,PyTorch Tensor Math (MPS (Apple Silicon GPU)),674,0.04195537500000057
vm,PyTorch Tensor Math (MPS (Apple Silicon GPU)),674,0.04451995800000219
exec,PyTorch Tensor Math (MPS (Apple Silicon GPU)),675,0.04203520900000157
vm,PyTorch Tensor Math (MPS (Apple Silicon GPU)),675,0.04462670899999921
exec,PyTorch Tensor Math (MPS (Apple Silicon GPU)),676,0.041977499999998
vm,PyTorch Tensor Math (MPS (Apple Silicon GPU)),676,0.04446533300000155
exec,PyTorch Tensor Math (MPS (Apple Silicon GPU)),677,0.041972916999998944
vm,PyTorch Tensor Math (MPS (Apple Silicon GPU)),677,0.044402708999999874
exec,PyTorch Tensor Math (MPS (Apple Silicon GPU)),678,0.04217225000000013
vm,PyTorch Tensor Math (MPS (Apple Silicon GPU)),678,0.044460916999998545
exec,PyTorch Tensor Math (MPS (Apple Silicon GPU)),679,0.0420965829999993
vm,PyTorch Tensor Math (MPS (Apple Silicon GPU)),679,0.044403250000002004
exec,PyTorch Tensor Math (MPS (Apple Silicon GPU)),680,0.04209366699999961
vm,PyTorch Tensor Math (MPS (Apple Silicon GPU)),680,0.04490766700000037
exec,PyTorch Tensor Math (MPS (Apple Silicon GPU)),681,0.04206804200000036
vm,PyTorch Tensor Math (MPS (Apple Silicon GPU)),681,0.04549779200000259
exec,PyTorch Tensor Math (MPS (Apple Silicon GPU)),682,0.04215437499999908
vm,PyTorch Tensor Math (MPS (Apple Silicon GPU)),682,0.04481162500000124
exec,PyTorch Tensor Math (MPS (Apple Silicon GPU)),683,0.04214491699999812
vm,PyTorch Tensor Math (MPS (Apple Silicon GPU)),683,0.044823250000000314
exec,PyTorch Tensor Math (MPS (Apple Silicon GPU)),684,0.042143541999998035
vm,PyTorch Tensor Math (MPS (Apple Silicon GPU)),684,0.04478449999999867
exec,PyTorch Tensor Math (MPS (Apple Silicon GPU)),685,0.04213950000000111
vm,PyTorch Tensor Math (MPS (Apple Silicon GPU)),685,0.044419125000001
exec,PyTorch Tensor Math (MPS (Apple Silicon GPU)),686,0.0421678330000006
vm,PyTorch Tensor Math (MPS (Apple Silicon GPU)),686,0.044502000000001374
exec,PyTorch Tensor Math (MPS (Apple Silicon GPU)),687,0.04223795799999763
vm,PyTorch Tensor Math (MPS (Apple Silicon GPU)),687,0.04445187500000003
exec,PyTorch Tensor Math (MPS (Apple Silicon GPU)),688,0.04218716700000158
vm,PyTorch Tensor Math (MPS (Apple Silicon GPU)),688,0.044448332999998286
exec,PyTorch Tensor Math (MPS (Apple Silicon GPU)),689,0.04222379200000148
vm,PyTorch Tensor Math (MPS (Apple Silicon GPU)),689,0.044885166999996784
exec,PyTorch Tensor Math (MPS (Apple Silicon GPU)),690,0.042224499999999665
vm,PyTorch Tensor Math (MPS (Apple Silicon GPU)),690,0.04488012500000238
exec,PyTorch Tensor Math (MPS (Apple Silicon GPU)),691,0.04223662500000103
vm,PyTorch Tensor Math (MPS (Apple Silicon GPU)),691,0.04567687499999806
exec,PyTorch Tensor Math (MPS (Apple Silicon GPU)),692,0.042389292000002854
vm,PyTorch Tensor Math (MPS (Apple Silicon GPU)),692,0.044394207999999935
exec,PyTorch Tensor Math (MPS (Apple Silicon GPU)),693,0.04228249999999889
vm,PyTorch Tensor Math (MPS (Apple Silicon GPU)),693,0.04448312499999929
exec,PyTorch Tensor Math (MPS (Apple Silicon GPU)),694,0.04233416699999992
vm,PyTorch Tensor Math (MPS (Apple Silicon GPU)),694,0.044472499999997694
exec,PyTorch Tensor Math (MPS (Apple Silicon GPU)),695,0.042349624999999946
vm,PyTorch Tensor Math (MPS (Apple Silicon GPU)),695,0.04442249999999959
exec,PyTorch Tensor Math (MPS (Apple Silicon GPU)),696,0.042305499999997664
vm,PyTorch Tensor Math (MPS (Apple Silicon GPU)),696,0.04447191599999911
exec,PyTorch Tensor Math (MPS (Apple Silicon GPU)),697,0.04232879199999928
vm,PyTorch Tensor Math (MPS (Apple Silicon GPU)),697,0.04447620799999896
exec,PyTorch Tensor Math (MPS (Apple Silicon GPU)),698,0.04231033399999973
vm,PyTorch Tensor Math (MPS (Apple Silicon GPU)),698,0.04451158299999847
exec,PyTorch Tensor Math (MPS (Apple Silicon GPU)),699,0.04239341599999946
vm,PyTorch Tensor Math (MPS (Apple Silicon GPU)),699,0.044450125000000895
exec,PyTorch Tensor Math (MPS (Apple Silicon GPU)),700,0.04233183299999865
vm,PyTorch Tensor Math (MPS (Apple Silicon GPU)),700,0.04451137499999902
exec,PyTorch Tensor Math (MPS (Apple Silicon GPU)),701,0.0431478750000025
vm,PyTorch Tensor Math (MPS (Apple Silicon GPU)),701,0.045085833000001685
exec,PyTorch Tensor Math (MPS (Apple Silicon GPU)),702,0.04233754100000198
vm,PyTorch Tensor Math (MPS (Apple Silicon GPU)),702,0.04450462500000185
exec,PyTorch Tensor Math (MPS (Apple Silicon GPU)),703,0.042400666999999004
vm,PyTorch Tensor Math (MPS (Apple Silicon GPU)),703,0.04560041699999573
exec,PyTorch Tensor Math (MPS (Apple Silicon GPU)),704,0.042303332999999554
vm,PyTorch Tensor Math (MPS (Apple Silicon GPU)),704,0.04560420800000031
exec,PyTorch Tensor Math (MPS (Apple Silicon GPU)),705,0.04230116700000153
vm,PyTorch Tensor Math (MPS (Apple Silicon GPU)),705,0.04494641699999846
exec,PyTorch Tensor Math (MPS (Apple Silicon GPU)),706,0.04234804099999678
vm,PyTorch Tensor Math (MPS (Apple Silicon GPU)),706,0.0447617080000029
exec,PyTorch Tensor Math (MPS (Apple Silicon GPU)),707,0.042346957999999546
vm,PyTorch Tensor Math (MPS (Apple Silicon GPU)),707,0.04444387499999891
exec,PyTorch Tensor Math (MPS (Apple Silicon GPU)),708,0.04234554099999954
vm,PyTorch Tensor Math (MPS (Apple Silicon GPU)),708,0.04442712499999857
exec,PyTorch Tensor Math (MPS (Apple Silicon GPU)),709,0.0423093339999987
vm,PyTorch Tensor Math (MPS (Apple Silicon GPU)),709,0.04446087499999862
exec,PyTorch Tensor Math (MPS (Apple Silicon GPU)),710,0.042323458999998564
vm,PyTorch Tensor Math (MPS (Apple Silicon GPU)),710,0.044479084000002445
exec,PyTorch Tensor Math (MPS (Apple Silicon GPU)),711,0.04241433299999997
vm,PyTorch Tensor Math (MPS (Apple Silicon GPU)),711,0.04498120800000294
exec,PyTorch Tensor Math (MPS (Apple Silicon GPU)),712,0.042327249999999594
vm,PyTorch Tensor Math (MPS (Apple Silicon GPU)),712,0.04479620800000106
exec,PyTorch Tensor Math (MPS (Apple Silicon GPU)),713,0.04247104199999896
vm,PyTorch Tensor Math (MPS (Apple Silicon GPU)),713,0.04502783299999891
exec,PyTorch Tensor Math (MPS (Apple Silicon GPU)),714,0.04237708399999818
vm,PyTorch Tensor Math (MPS (Apple Silicon GPU)),714,0.044795915999998215
exec,PyTorch Tensor Math (MPS (Apple Silicon GPU)),715,0.042403666000002005
vm,PyTorch Tensor Math (MPS (Apple Silicon GPU)),715,0.044511249999999336
exec,PyTorch Tensor Math (MPS (Apple Silicon GPU)),716,0.042392041999999464
vm,PyTorch Tensor Math (MPS (Apple Silicon GPU)),716,0.044480707999994706
exec,PyTorch Tensor Math (MPS (Apple Silicon GPU)),717,0.04235974999999925
vm,PyTorch Tensor Math (MPS (Apple Silicon GPU)),717,0.044564541999996266
exec,PyTorch Tensor Math (MPS (Apple Silicon GPU)),718,0.04240091600000184
vm,PyTorch Tensor Math (MPS (Apple Silicon GPU)),718,0.04475066599999877
exec,PyTorch Tensor Math (MPS (Apple Silicon GPU)),719,0.042418708999999666
vm,PyTorch Tensor Math (MPS (Apple Silicon GPU)),719,0.04446270799999752
exec,PyTorch Tensor Math (MPS (Apple Silicon GPU)),720,0.04238737500000056
vm,PyTorch Tensor Math (MPS (Apple Silicon GPU)),720,0.04449974999999995
exec,PyTorch Tensor Math (MPS (Apple Silicon GPU)),721,0.04239983300000105
vm,PyTorch Tensor Math (MPS (Apple Silicon GPU)),721,0.04460124999999948
exec,PyTorch Tensor Math (MPS (Apple Silicon GPU)),722,0.04246870899999777
vm,PyTorch Tensor Math (MPS (Apple Silicon GPU)),722,0.04447749999999928
exec,PyTorch Tensor Math (MPS (Apple Silicon GPU)),723,0.04245320900000138
vm,PyTorch Tensor Math (MPS (Apple Silicon GPU)),723,0.044527792000003785
exec,PyTorch Tensor Math (MPS (Apple Silicon GPU)),724,0.04247912499999984
vm,PyTorch Tensor Math (MPS (Apple Silicon GPU)),724,0.04447016700000006
exec,PyTorch Tensor Math (MPS (Apple Silicon GPU)),725,0.04247312500000078
vm,PyTorch Tensor Math (MPS (Apple Silicon GPU)),725,0.04523724999999956
exec,PyTorch Tensor Math (MPS (Apple Silicon GPU)),726,0.04247733300000078
vm,PyTorch Tensor Math (MPS (Apple Silicon GPU)),726,0.04554870900000196
exec,PyTorch Tensor Math (MPS (Apple Silicon GPU)),727,0.042609750000000446
vm,PyTorch Tensor Math (MPS (Apple Silicon GPU)),727,0.04548666700000581
exec,PyTorch Tensor Math (MPS (Apple Silicon GPU)),728,0.04250337499999901
vm,PyTorch Tensor Math (MPS (Apple Silicon GPU)),728,0.04490304200000139
exec,PyTorch Tensor Math (MPS (Apple Silicon GPU)),729,0.04253241700000032
vm,PyTorch Tensor Math (MPS (Apple Silicon GPU)),729,0.04446641599999879
exec,PyTorch Tensor Math (MPS (Apple Silicon GPU)),730,0.04254004200000239
vm,PyTorch Tensor Math (MPS (Apple Silicon GPU)),730,0.04451850000000235
exec,PyTorch Tensor Math (MPS (Apple Silicon GPU)),731,0.04256962499999872
vm,PyTorch Tensor Math (MPS (Apple Silicon GPU)),731,0.044465750000000526
exec,PyTorch Tensor Math (MPS (Apple Silicon GPU)),732,0.04276350000000306
vm,PyTorch Tensor Math (MPS (Apple Silicon GPU)),732,0.044394167000000095
exec,PyTorch Tensor Math (MPS (Apple Silicon GPU)),733,0.04263295800000222
vm,PyTorch Tensor Math (MPS (Apple Silicon GPU)),733,0.04447745899999944
exec,PyTorch Tensor Math (MPS (Apple Silicon GPU)),734,0.04266583399999746
vm,PyTorch Tensor Math (MPS (Apple Silicon GPU)),734,0.04561620900000207
exec,PyTorch Tensor Math (MPS (Apple Silicon GPU)),735,0.04269587499999972
vm,PyTorch Tensor Math (MPS (Apple Silicon GPU)),735,0.04534020799999894
exec,PyTorch Tensor Math (MPS (Apple Silicon GPU)),736,0.04266729100000077
vm,PyTorch Tensor Math (MPS (Apple Silicon GPU)),736,0.04518195800000058
exec,PyTorch Tensor Math (MPS (Apple Silicon GPU)),737,0.042624832999997864
vm,PyTorch Tensor Math (MPS (Apple Silicon GPU)),737,0.04443591600000474
exec,PyTorch Tensor Math (MPS (Apple Silicon GPU)),738,0.04265175000000454
vm,PyTorch Tensor Math (MPS (Apple Silicon GPU)),738,0.04453287500000158
exec,PyTorch Tensor Math (MPS (Apple Silicon GPU)),739,0.04265462499999728
vm,PyTorch Tensor Math (MPS (Apple Silicon GPU)),739,0.04448499999999456
exec,PyTorch Tensor Math (MPS (Apple Silicon GPU)),740,0.042719249999997544
vm,PyTorch Tensor Math (MPS (Apple Silicon GPU)),740,0.04442625000000078
exec,PyTorch Tensor Math (MPS (Apple Silicon GPU)),741,0.04273024999999819
vm,PyTorch Tensor Math (MPS (Apple Silicon GPU)),741,0.04452750000000094
exec,PyTorch Tensor Math (MPS (Apple Silicon GPU)),742,0.04271816700000386
vm,PyTorch Tensor Math (MPS (Apple Silicon GPU)),742,0.04448841700000372
exec,PyTorch Tensor Math (MPS (Apple Silicon GPU)),743,0.0426874159999997
vm,PyTorch Tensor Math (MPS (Apple Silicon GPU)),743,0.044477874999998335
exec,PyTorch Tensor Math (MPS (Apple Silicon GPU)),744,0.042663750000002665
vm,PyTorch Tensor Math (MPS (Apple Silicon GPU)),744,0.04449954100000042
exec,PyTorch Tensor Math (MPS (Apple Silicon GPU)),745,0.04265979099999839
vm,PyTorch Tensor Math (MPS (Apple Silicon GPU)),745,0.04446587500000021
exec,PyTorch Tensor Math (MPS (Apple Silicon GPU)),746,0.04268112500000143
vm,PyTorch Tensor Math (MPS (Apple Silicon GPU)),746,0.044537791999999854
exec,PyTorch Tensor Math (MPS (Apple Silicon GPU)),747,0.042723582999997234
vm,PyTorch Tensor Math (MPS (Apple Silicon GPU)),747,0.04532887500000271
exec,PyTorch Tensor Math (MPS (Apple Silicon GPU)),748,0.0427077910000051
vm,PyTorch Tensor Math (MPS (Apple Silicon GPU)),748,0.04570575000000332
exec,PyTorch Tensor Math (MPS (Apple Silicon GPU)),749,0.042717875000001015
vm,PyTorch Tensor Math (MPS (Apple Silicon GPU)),749,0.04502437499999701
exec,PyTorch Tensor Math (MPS (Apple Silicon GPU)),750,0.04270033299999909
vm,PyTorch Tensor Math (MPS (Apple Silicon GPU)),750,0.04491812500000236
exec,PyTorch Tensor Math (MPS (Apple Silicon GPU)),751,0.043074332999999854
vm,PyTorch Tensor Math (MPS (Apple Silicon GPU)),751,0.045237624999998616
exec,PyTorch Tensor Math (MPS (Apple Silicon GPU)),752,0.04233316699999534
vm,PyTorch Tensor Math (MPS (Apple Silicon GPU)),752,0.044476541000001646
exec,PyTorch Tensor Math (MPS (Apple Silicon GPU)),753,0.04244641699999363
vm,PyTorch Tensor Math (MPS (Apple Silicon GPU)),753,0.04461445799999808
exec,PyTorch Tensor Math (MPS (Apple Silicon GPU)),754,0.04222770799999864
vm,PyTorch Tensor Math (MPS (Apple Silicon GPU)),754,0.044537833999996224
exec,PyTorch Tensor Math (MPS (Apple Silicon GPU)),755,0.04229608400000018
vm,PyTorch Tensor Math (MPS (Apple Silicon GPU)),755,0.04461004200000218
exec,PyTorch Tensor Math (MPS (Apple Silicon GPU)),756,0.04224541600000009
vm,PyTorch Tensor Math (MPS (Apple Silicon GPU)),756,0.04576575000000105
exec,PyTorch Tensor Math (MPS (Apple Silicon GPU)),757,0.042258625000002326
vm,PyTorch Tensor Math (MPS (Apple Silicon GPU)),757,0.04540683300000126
exec,PyTorch Tensor Math (MPS (Apple Silicon GPU)),758,0.04226074999999696
vm,PyTorch Tensor Math (MPS (Apple Silicon GPU)),758,0.04523337500000224
exec,PyTorch Tensor Math (MPS (Apple Silicon GPU)),759,0.042294458000000645
vm,PyTorch Tensor Math (MPS (Apple Silicon GPU)),759,0.044476791999997545
exec,PyTorch Tensor Math (MPS (Apple Silicon GPU)),760,0.04229766599999607
vm,PyTorch Tensor Math (MPS (Apple Silicon GPU)),760,0.044430041999994785
exec,PyTorch Tensor Math (MPS (Apple Silicon GPU)),761,0.04240758299999925
vm,PyTorch Tensor Math (MPS (Apple Silicon GPU)),761,0.044466874999997685
exec,PyTorch Tensor Math (MPS (Apple Silicon GPU)),762,0.042344458999998835
vm,PyTorch Tensor Math (MPS (Apple Silicon GPU)),762,0.04451783300000045
exec,PyTorch Tensor Math (MPS (Apple Silicon GPU)),763,0.04240562500000067
vm,PyTorch Tensor Math (MPS (Apple Silicon GPU)),763,0.04458225000000482
exec,PyTorch Tensor Math (MPS (Apple Silicon GPU)),764,0.042402957999996715
vm,PyTorch Tensor Math (MPS (Apple Silicon GPU)),764,0.04439933399999774
exec,PyTorch Tensor Math (MPS (Apple Silicon GPU)),765,0.04237208300000361
vm,PyTorch Tensor Math (MPS (Apple Silicon GPU)),765,0.04447579200000007
exec,PyTorch Tensor Math (MPS (Apple Silicon GPU)),766,0.04239004200000096
vm,PyTorch Tensor Math (MPS (Apple Silicon GPU)),766,0.044481209000004185
exec,PyTorch Tensor Math (MPS (Apple Silicon GPU)),767,0.04246729199999777
vm,PyTorch Tensor Math (MPS (Apple Silicon GPU)),767,0.04445112500000192
exec,PyTorch Tensor Math (MPS (Apple Silicon GPU)),768,0.042463666999999816
vm,PyTorch Tensor Math (MPS (Apple Silicon GPU)),768,0.04441770900000108
exec,PyTorch Tensor Math (MPS (Apple Silicon GPU)),769,0.04248875000000396
vm,PyTorch Tensor Math (MPS (Apple Silicon GPU)),769,0.04515679100000369
exec,PyTorch Tensor Math (MPS (Apple Silicon GPU)),770,0.04250333299999909
vm,PyTorch Tensor Math (MPS (Apple Silicon GPU)),770,0.045937041999998485
exec,PyTorch Tensor Math (MPS (Apple Silicon GPU)),771,0.04257308300000062
vm,PyTorch Tensor Math (MPS (Apple Silicon GPU)),771,0.04482266699999826
exec,PyTorch Tensor Math (MPS (Apple Silicon GPU)),772,0.042583125000000166
vm,PyTorch Tensor Math (MPS (Apple Silicon GPU)),772,0.04484174999999624
exec,PyTorch Tensor Math (MPS (Apple Silicon GPU)),773,0.04260783300000526
vm,PyTorch Tensor Math (MPS (Apple Silicon GPU)),773,0.044867416999998966
exec,PyTorch Tensor Math (MPS (Apple Silicon GPU)),774,0.04264995799999838
vm,PyTorch Tensor Math (MPS (Apple Silicon GPU)),774,0.044477916999994704
exec,PyTorch Tensor Math (MPS (Apple Silicon GPU)),775,0.04262362499999739
vm,PyTorch Tensor Math (MPS (Apple Silicon GPU)),775,0.044471333000004165
exec,PyTorch Tensor Math (MPS (Apple Silicon GPU)),776,0.04258304200000396
vm,PyTorch Tensor Math (MPS (Apple Silicon GPU)),776,0.044492749999996306
exec,PyTorch Tensor Math (MPS (Apple Silicon GPU)),777,0.04259404100000097
vm,PyTorch Tensor Math (MPS (Apple Silicon GPU)),777,0.04446475000000305
exec,PyTorch Tensor Math (MPS (Apple Silicon GPU)),778,0.04263375000000025
vm,PyTorch Tensor Math (MPS (Apple Silicon GPU)),778,0.04493800000000192
exec,PyTorch Tensor Math (MPS (Apple Silicon GPU)),779,0.04271008299999579
vm,PyTorch Tensor Math (MPS (Apple Silicon GPU)),779,0.04481183400000077
exec,PyTorch Tensor Math (MPS (Apple Silicon GPU)),780,0.04267341699999605
vm,PyTorch Tensor Math (MPS (Apple Silicon GPU)),780,0.045427500000002397
exec,PyTorch Tensor Math (MPS (Apple Silicon GPU)),781,0.042692875000000186
vm,PyTorch Tensor Math (MPS (Apple Silicon GPU)),781,0.044432042000003946
exec,PyTorch Tensor Math (MPS (Apple Silicon GPU)),782,0.042635250000003566
vm,PyTorch Tensor Math (MPS (Apple Silicon GPU)),782,0.044416832999999656
exec,PyTorch Tensor Math (MPS (Apple Silicon GPU)),783,0.04269320800000287
vm,PyTorch Tensor Math (MPS (Apple Silicon GPU)),783,0.04452633300000031
exec,PyTorch Tensor Math (MPS (Apple Silicon GPU)),784,0.04265858299999792
vm,PyTorch Tensor Math (MPS (Apple Silicon GPU)),784,0.04454724999999371
exec,PyTorch Tensor Math (MPS (Apple Silicon GPU)),785,0.042666125000003774
vm,PyTorch Tensor Math (MPS (Apple Silicon GPU)),785,0.04447291700000022
exec,PyTorch Tensor Math (MPS (Apple Silicon GPU)),786,0.042863166000003616
vm,PyTorch Tensor Math (MPS (Apple Silicon GPU)),786,0.04455591700000383
exec,PyTorch Tensor Math (MPS (Apple Silicon GPU)),787,0.042750875000002964
vm,PyTorch Tensor Math (MPS (Apple Silicon GPU)),787,0.044480290999999283
exec,PyTorch Tensor Math (MPS (Apple Silicon GPU)),788,0.042777874999998744
vm,PyTorch Tensor Math (MPS (Apple Silicon GPU)),788,0.04446908300000274
exec,PyTorch Tensor Math (MPS (Apple Silicon GPU)),789,0.04270129199999673
vm,PyTorch Tensor Math (MPS (Apple Silicon GPU)),789,0.04446841699999737
exec,PyTorch Tensor Math (MPS (Apple Silicon GPU)),790,0.04272891700000514
vm,PyTorch Tensor Math (MPS (Apple Silicon GPU)),790,0.04449608299999852
exec,PyTorch Tensor Math (MPS (Apple Silicon GPU)),791,0.042962125000002516
vm,PyTorch Tensor Math (MPS (Apple Silicon GPU)),791,0.04445350000000303
exec,PyTorch Tensor Math (MPS (Apple Silicon GPU)),792,0.04285899999999998
vm,PyTorch Tensor Math (MPS (Apple Silicon GPU)),792,0.04544725000000227
exec,PyTorch Tensor Math (MPS (Apple Silicon GPU)),793,0.042799583000004304
vm,PyTorch Tensor Math (MPS (Apple Silicon GPU)),793,0.045446083000001636
exec,PyTorch Tensor Math (MPS (Apple Silicon GPU)),794,0.04282400000000308
vm,PyTorch Tensor Math (MPS (Apple Silicon GPU)),794,0.04490583299999429
exec,PyTorch Tensor Math (MPS (Apple Silicon GPU)),795,0.04285508299999918
vm,PyTorch Tensor Math (MPS (Apple Silicon GPU)),795,0.04503304099999639
exec,PyTorch Tensor Math (MPS (Apple Silicon GPU)),796,0.04276649999999904
vm,PyTorch Tensor Math (MPS (Apple Silicon GPU)),796,0.04451674999999966
exec,PyTorch Tensor Math (MPS (Apple Silicon GPU)),797,0.0427849580000057
vm,PyTorch Tensor Math (MPS (Apple Silicon GPU)),797,0.04442445800000172
exec,PyTorch Tensor Math (MPS (Apple Silicon GPU)),798,0.042772040999999206
vm,PyTorch Tensor Math (MPS (Apple Silicon GPU)),798,0.04449129199999646
exec,PyTorch Tensor Math (MPS (Apple Silicon GPU)),799,0.042872291000001894
vm,PyTorch Tensor Math (MPS (Apple Silicon GPU)),799,0.04447799999999802
exec,PyTorch Tensor Math (MPS (Apple Silicon GPU)),800,0.04304787499999918
vm,PyTorch Tensor Math (MPS (Apple Silicon GPU)),800,0.04447608300000638
exec,PyTorch Tensor Math (MPS (Apple Silicon GPU)),801,0.04351099999999519
vm,PyTorch Tensor Math (MPS (Apple Silicon GPU)),801,0.050751832999999635
exec,PyTorch Tensor Math (MPS (Apple Silicon GPU)),802,0.04290633299999769
vm,PyTorch Tensor Math (MPS (Apple Silicon GPU)),802,0.04549887499999983
exec,PyTorch Tensor Math (MPS (Apple Silicon GPU)),803,0.04292633299999693
vm,PyTorch Tensor Math (MPS (Apple Silicon GPU)),803,0.04520479199999983
exec,PyTorch Tensor Math (MPS (Apple Silicon GPU)),804,0.042862166999995566
vm,PyTorch Tensor Math (MPS (Apple Silicon GPU)),804,0.04480291600000186
exec,PyTorch Tensor Math (MPS (Apple Silicon GPU)),805,0.0428399169999949
vm,PyTorch Tensor Math (MPS (Apple Silicon GPU)),805,0.04441437500000234
exec,PyTorch Tensor Math (MPS (Apple Silicon GPU)),806,0.042941667000000905
vm,PyTorch Tensor Math (MPS (Apple Silicon GPU)),806,0.044459541000001934
exec,PyTorch Tensor Math (MPS (Apple Silicon GPU)),807,0.0429708340000019
vm,PyTorch Tensor Math (MPS (Apple Silicon GPU)),807,0.044415999999998235
exec,PyTorch Tensor Math (MPS (Apple Silicon GPU)),808,0.04292066700000419
vm,PyTorch Tensor Math (MPS (Apple Silicon GPU)),808,0.04442766600000425
exec,PyTorch Tensor Math (MPS (Apple Silicon GPU)),809,0.04293162500000136
vm,PyTorch Tensor Math (MPS (Apple Silicon GPU)),809,0.0444220000000044
exec,PyTorch Tensor Math (MPS (Apple Silicon GPU)),810,0.042908166999993114
vm,PyTorch Tensor Math (MPS (Apple Silicon GPU)),810,0.045339624999996886
exec,PyTorch Tensor Math (MPS (Apple Silicon GPU)),811,0.0429522920000025
vm,PyTorch Tensor Math (MPS (Apple Silicon GPU)),811,0.04511245899999494
exec,PyTorch Tensor Math (MPS (Apple Silicon GPU)),812,0.042962249999995095
vm,PyTorch Tensor Math (MPS (Apple Silicon GPU)),812,0.04488462500000168
exec,PyTorch Tensor Math (MPS (Apple Silicon GPU)),813,0.04298608299999529
vm,PyTorch Tensor Math (MPS (Apple Silicon GPU)),813,0.044423791999996354
exec,PyTorch Tensor Math (MPS (Apple Silicon GPU)),814,0.04307545799999701
vm,PyTorch Tensor Math (MPS (Apple Silicon GPU)),814,0.044461375000004466
exec,PyTorch Tensor Math (MPS (Apple Silicon GPU)),815,0.04303625000000011
vm,PyTorch Tensor Math (MPS (Apple Silicon GPU)),815,0.04441220799999712
exec,PyTorch Tensor Math (MPS (Apple Silicon GPU)),816,0.042953541999999345
vm,PyTorch Tensor Math (MPS (Apple Silicon GPU)),816,0.0443395419999959
exec,PyTorch Tensor Math (MPS (Apple Silicon GPU)),817,0.042944708000000276
vm,PyTorch Tensor Math (MPS (Apple Silicon GPU)),817,0.044401999999998054
exec,PyTorch Tensor Math (MPS (Apple Silicon GPU)),818,0.042965792000003944
vm,PyTorch Tensor Math (MPS (Apple Silicon GPU)),818,0.04438916699999851
exec,PyTorch Tensor Math (MPS (Apple Silicon GPU)),819,0.043077374999995754
vm,PyTorch Tensor Math (MPS (Apple Silicon GPU)),819,0.044492834000003256
exec,PyTorch Tensor Math (MPS (Apple Silicon GPU)),820,0.04306791699999479
vm,PyTorch Tensor Math (MPS (Apple Silicon GPU)),820,0.044412540999999806
exec,PyTorch Tensor Math (MPS (Apple Silicon GPU)),821,0.04299679199999673
vm,PyTorch Tensor Math (MPS (Apple Silicon GPU)),821,0.044422166000003926
exec,PyTorch Tensor Math (MPS (Apple Silicon GPU)),822,0.042993625000001146
vm,PyTorch Tensor Math (MPS (Apple Silicon GPU)),822,0.0443469169999986
exec,PyTorch Tensor Math (MPS (Apple Silicon GPU)),823,0.04307804199999765
vm,PyTorch Tensor Math (MPS (Apple Silicon GPU)),823,0.04481191699999698
exec,PyTorch Tensor Math (MPS (Apple Silicon GPU)),824,0.043048915999996495
vm,PyTorch Tensor Math (MPS (Apple Silicon GPU)),824,0.04524274999999989
exec,PyTorch Tensor Math (MPS (Apple Silicon GPU)),825,0.04308583299999924
vm,PyTorch Tensor Math (MPS (Apple Silicon GPU)),825,0.044893541999996955
exec,PyTorch Tensor Math (MPS (Apple Silicon GPU)),826,0.043069708000004425
vm,PyTorch Tensor Math (MPS (Apple Silicon GPU)),826,0.04496858400000292
exec,PyTorch Tensor Math (MPS (Apple Silicon GPU)),827,0.04307345800000206
vm,PyTorch Tensor Math (MPS (Apple Silicon GPU)),827,0.04476100000000116
exec,PyTorch Tensor Math (MPS (Apple Silicon GPU)),828,0.043036083000004055
vm,PyTorch Tensor Math (MPS (Apple Silicon GPU)),828,0.04445100000000224
exec,PyTorch Tensor Math (MPS (Apple Silicon GPU)),829,0.04302220900000009
vm,PyTorch Tensor Math (MPS (Apple Silicon GPU)),829,0.04438300000000339
exec,PyTorch Tensor Math (MPS (Apple Silicon GPU)),830,0.043176250000001914
vm,PyTorch Tensor Math (MPS (Apple Silicon GPU)),830,0.04435483299999987
exec,PyTorch Tensor Math (MPS (Apple Silicon GPU)),831,0.043194624999998155
vm,PyTorch Tensor Math (MPS (Apple Silicon GPU)),831,0.04443412500000221
exec,PyTorch Tensor Math (MPS (Apple Silicon GPU)),832,0.043161125000004574
vm,PyTorch Tensor Math (MPS (Apple Silicon GPU)),832,0.04524712499999595
exec,PyTorch Tensor Math (MPS (Apple Silicon GPU)),833,0.04307637499999828
vm,PyTorch Tensor Math (MPS (Apple Silicon GPU)),833,0.04494216700000209
exec,PyTorch Tensor Math (MPS (Apple Silicon GPU)),834,0.0431205410000004
vm,PyTorch Tensor Math (MPS (Apple Silicon GPU)),834,0.04488120899999615
exec,PyTorch Tensor Math (MPS (Apple Silicon GPU)),835,0.04327512500000097
vm,PyTorch Tensor Math (MPS (Apple Silicon GPU)),835,0.04486004199999627
exec,PyTorch Tensor Math (MPS (Apple Silicon GPU)),836,0.04319016600000225
vm,PyTorch Tensor Math (MPS (Apple Silicon GPU)),836,0.04445133299999782
exec,PyTorch Tensor Math (MPS (Apple Silicon GPU)),837,0.04318866599999893
vm,PyTorch Tensor Math (MPS (Apple Silicon GPU)),837,0.04452708300000552
exec,PyTorch Tensor Math (MPS (Apple Silicon GPU)),838,0.043175167000001125
vm,PyTorch Tensor Math (MPS (Apple Silicon GPU)),838,0.04444212500000333
exec,PyTorch Tensor Math (MPS (Apple Silicon GPU)),839,0.043223999999995044
vm,PyTorch Tensor Math (MPS (Apple Silicon GPU)),839,0.04439712499999615
exec,PyTorch Tensor Math (MPS (Apple Silicon GPU)),840,0.043417292000000884
vm,PyTorch Tensor Math (MPS (Apple Silicon GPU)),840,0.04445741700000383
exec,PyTorch Tensor Math (MPS (Apple Silicon GPU)),841,0.043556959000000006
vm,PyTorch Tensor Math (MPS (Apple Silicon GPU)),841,0.04449325000000215
exec,PyTorch Tensor Math (MPS (Apple Silicon GPU)),842,0.044712625000002504
vm,PyTorch Tensor Math (MPS (Apple Silicon GPU)),842,0.044488583000003246
exec,PyTorch Tensor Math (MPS (Apple Silicon GPU)),843,0.0436989999999966
vm,PyTorch Tensor Math (MPS (Apple Silicon GPU)),843,0.044379207999995174
exec,PyTorch Tensor Math (MPS (Apple Silicon GPU)),844,0.04337708300000287
vm,PyTorch Tensor Math (MPS (Apple Silicon GPU)),844,0.04455170800000019
exec,PyTorch Tensor Math (MPS (Apple Silicon GPU)),845,0.043268541999999854
vm,PyTorch Tensor Math (MPS (Apple Silicon GPU)),845,0.04447170800000322
exec,PyTorch Tensor Math (MPS (Apple Silicon GPU)),846,0.04344124999999366
vm,PyTorch Tensor Math (MPS (Apple Silicon GPU)),846,0.044843332999995766
exec,PyTorch Tensor Math (MPS (Apple Silicon GPU)),847,0.043547750000001884
vm,PyTorch Tensor Math (MPS (Apple Silicon GPU)),847,0.04537350000000373
exec,PyTorch Tensor Math (MPS (Apple Silicon GPU)),848,0.04408037500000006
vm,PyTorch Tensor Math (MPS (Apple Silicon GPU)),848,0.04526941700000009
exec,PyTorch Tensor Math (MPS (Apple Silicon GPU)),849,0.043251166999993984
vm,PyTorch Tensor Math (MPS (Apple Silicon GPU)),849,0.04484683300000114
exec,PyTorch Tensor Math (MPS (Apple Silicon GPU)),850,0.04325591700000331
vm,PyTorch Tensor Math (MPS (Apple Silicon GPU)),850,0.04450345799999411
exec,PyTorch Tensor Math (MPS (Apple Silicon GPU)),851,0.043899125000002925
vm,PyTorch Tensor Math (MPS (Apple Silicon GPU)),851,0.04514820899999705
exec,PyTorch Tensor Math (MPS (Apple Silicon GPU)),852,0.04335295799999983
vm,PyTorch Tensor Math (MPS (Apple Silicon GPU)),852,0.044465999999999894
exec,PyTorch Tensor Math (MPS (Apple Silicon GPU)),853,0.04317816599999702
vm,PyTorch Tensor Math (MPS (Apple Silicon GPU)),853,0.04443908400000396
exec,PyTorch Tensor Math (MPS (Apple Silicon GPU)),854,0.04318749999999483
vm,PyTorch Tensor Math (MPS (Apple Silicon GPU)),854,0.04560112499999747
exec,PyTorch Tensor Math (MPS (Apple Silicon GPU)),855,0.04320120799999927
vm,PyTorch Tensor Math (MPS (Apple Silicon GPU)),855,0.044860917000001166
exec,PyTorch Tensor Math (MPS (Apple Silicon GPU)),856,0.04307229199999796
vm,PyTorch Tensor Math (MPS (Apple Silicon GPU)),856,0.04521245800000173
exec,PyTorch Tensor Math (MPS (Apple Silicon GPU)),857,0.04310804200000007
vm,PyTorch Tensor Math (MPS (Apple Silicon GPU)),857,0.04512520800000175
exec,PyTorch Tensor Math (MPS (Apple Silicon GPU)),858,0.043327917000006266
vm,PyTorch Tensor Math (MPS (Apple Silicon GPU)),858,0.04447491599999864
exec,PyTorch Tensor Math (MPS (Apple Silicon GPU)),859,0.04315016599999666
vm,PyTorch Tensor Math (MPS (Apple Silicon GPU)),859,0.044549166000003027
exec,PyTorch Tensor Math (MPS (Apple Silicon GPU)),860,0.0433242919999941
vm,PyTorch Tensor Math (MPS (Apple Silicon GPU)),860,0.044467124999997054
exec,PyTorch Tensor Math (MPS (Apple Silicon GPU)),861,0.043102292000000375
vm,PyTorch Tensor Math (MPS (Apple Silicon GPU)),861,0.04453724999999764
exec,PyTorch Tensor Math (MPS (Apple Silicon GPU)),862,0.04310620900000117
vm,PyTorch Tensor Math (MPS (Apple Silicon GPU)),862,0.044478042000001494
exec,PyTorch Tensor Math (MPS (Apple Silicon GPU)),863,0.043176332999998124
vm,PyTorch Tensor Math (MPS (Apple Silicon GPU)),863,0.044490709000001516
exec,PyTorch Tensor Math (MPS (Apple Silicon GPU)),864,0.04316699999999685
vm,PyTorch Tensor Math (MPS (Apple Silicon GPU)),864,0.04448183400000261
exec,PyTorch Tensor Math (MPS (Apple Silicon GPU)),865,0.04314537500000171
vm,PyTorch Tensor Math (MPS (Apple Silicon GPU)),865,0.04447112499999406
exec,PyTorch Tensor Math (MPS (Apple Silicon GPU)),866,0.043126417000003414
vm,PyTorch Tensor Math (MPS (Apple Silicon GPU)),866,0.044456332999999404
exec,PyTorch Tensor Math (MPS (Apple Silicon GPU)),867,0.04312345800000372
vm,PyTorch Tensor Math (MPS (Apple Silicon GPU)),867,0.044431417000005524
exec,PyTorch Tensor Math (MPS (Apple Silicon GPU)),868,0.04314741700000013
vm,PyTorch Tensor Math (MPS (Apple Silicon GPU)),868,0.04522741700000665
exec,PyTorch Tensor Math (MPS (Apple Silicon GPU)),869,0.043181707999998764
vm,PyTorch Tensor Math (MPS (Apple Silicon GPU)),869,0.04560550000000063
exec,PyTorch Tensor Math (MPS (Apple Silicon GPU)),870,0.04319095800000383
vm,PyTorch Tensor Math (MPS (Apple Silicon GPU)),870,0.04484541699999767
exec,PyTorch Tensor Math (MPS (Apple Silicon GPU)),871,0.04321229199999976
vm,PyTorch Tensor Math (MPS (Apple Silicon GPU)),871,0.044721250000002044
exec,PyTorch Tensor Math (MPS (Apple Silicon GPU)),872,0.04311620800000071
vm,PyTorch Tensor Math (MPS (Apple Silicon GPU)),872,0.044791500000002316
exec,PyTorch Tensor Math (MPS (Apple Silicon GPU)),873,0.04314608399999997
vm,PyTorch Tensor Math (MPS (Apple Silicon GPU)),873,0.0444423750000027
exec,PyTorch Tensor Math (MPS (Apple Silicon GPU)),874,0.04321449999999771
vm,PyTorch Tensor Math (MPS (Apple Silicon GPU)),874,0.044449457999995445
exec,PyTorch Tensor Math (MPS (Apple Silicon GPU)),875,0.04323654200000249
vm,PyTorch Tensor Math (MPS (Apple Silicon GPU)),875,0.0444600419999972
exec,PyTorch Tensor Math (MPS (Apple Silicon GPU)),876,0.04321679199999551
vm,PyTorch Tensor Math (MPS (Apple Silicon GPU)),876,0.044467999999994845
exec,PyTorch Tensor Math (MPS (Apple Silicon GPU)),877,0.04312900000000042
vm,PyTorch Tensor Math (MPS (Apple Silicon GPU)),877,0.04496808300000055
exec,PyTorch Tensor Math (MPS (Apple Silicon GPU)),878,0.04315366699999856
vm,PyTorch Tensor Math (MPS (Apple Silicon GPU)),878,0.04486133399999659
exec,PyTorch Tensor Math (MPS (Apple Silicon GPU)),879,0.043264041999997005
vm,PyTorch Tensor Math (MPS (Apple Silicon GPU)),879,0.045278334000002474
exec,PyTorch Tensor Math (MPS (Apple Silicon GPU)),880,0.043250957999994455
vm,PyTorch Tensor Math (MPS (Apple Silicon GPU)),880,0.044470500000002744
exec,PyTorch Tensor Math (MPS (Apple Silicon GPU)),881,0.04323995800000091
vm,PyTorch Tensor Math (MPS (Apple Silicon GPU)),881,0.044499375000000896
exec,PyTorch Tensor Math (MPS (Apple Silicon GPU)),882,0.043216416999996454
vm,PyTorch Tensor Math (MPS (Apple Silicon GPU)),882,0.04452308400000504
exec,PyTorch Tensor Math (MPS (Apple Silicon GPU)),883,0.04324725000000029
vm,PyTorch Tensor Math (MPS (Apple Silicon GPU)),883,0.04445629099999593
exec,PyTorch Tensor Math (MPS (Apple Silicon GPU)),884,0.043326917000001686
vm,PyTorch Tensor Math (MPS (Apple Silicon GPU)),884,0.04447425000000038
exec,PyTorch Tensor Math (MPS (Apple Silicon GPU)),885,0.043289833000002886
vm,PyTorch Tensor Math (MPS (Apple Silicon GPU)),885,0.04453033299999731
exec,PyTorch Tensor Math (MPS (Apple Silicon GPU)),886,0.043289041000001305
vm,PyTorch Tensor Math (MPS (Apple Silicon GPU)),886,0.04447120900000101
exec,PyTorch Tensor Math (MPS (Apple Silicon GPU)),887,0.04323654099999885
vm,PyTorch Tensor Math (MPS (Apple Silicon GPU)),887,0.0444611250000051
exec,PyTorch Tensor Math (MPS (Apple Silicon GPU)),888,0.04332041600000025
vm,PyTorch Tensor Math (MPS (Apple Silicon GPU)),888,0.044400457999998366
exec,PyTorch Tensor Math (MPS (Apple Silicon GPU)),889,0.04330666699999597
vm,PyTorch Tensor Math (MPS (Apple Silicon GPU)),889,0.044451999999999714
exec,PyTorch Tensor Math (MPS (Apple Silicon GPU)),890,0.04331095799999929
vm,PyTorch Tensor Math (MPS (Apple Silicon GPU)),890,0.044563624999995
exec,PyTorch Tensor Math (MPS (Apple Silicon GPU)),891,0.04332016699999741
vm,PyTorch Tensor Math (MPS (Apple Silicon GPU)),891,0.04550941699999811
exec,PyTorch Tensor Math (MPS (Apple Silicon GPU)),892,0.04324708300000424
vm,PyTorch Tensor Math (MPS (Apple Silicon GPU)),892,0.04572908299999767
exec,PyTorch Tensor Math (MPS (Apple Silicon GPU)),893,0.04328429200000272
vm,PyTorch Tensor Math (MPS (Apple Silicon GPU)),893,0.04488070800000088
exec,PyTorch Tensor Math (MPS (Apple Silicon GPU)),894,0.043354999999998256
vm,PyTorch Tensor Math (MPS (Apple Silicon GPU)),894,0.04482345899999984
exec,PyTorch Tensor Math (MPS (Apple Silicon GPU)),895,0.043356582999997784
vm,PyTorch Tensor Math (MPS (Apple Silicon GPU)),895,0.04451766700000093
exec,PyTorch Tensor Math (MPS (Apple Silicon GPU)),896,0.04324366600000218
vm,PyTorch Tensor Math (MPS (Apple Silicon GPU)),896,0.044398540999999625
exec,PyTorch Tensor Math (MPS (Apple Silicon GPU)),897,0.04321374999999961
vm,PyTorch Tensor Math (MPS (Apple Silicon GPU)),897,0.04446358299999531
exec,PyTorch Tensor Math (MPS (Apple Silicon GPU)),898,0.04333112500000169
vm,PyTorch Tensor Math (MPS (Apple Silicon GPU)),898,0.04447729099999975
exec,PyTorch Tensor Math (MPS (Apple Silicon GPU)),899,0.04337362500000097
vm,PyTorch Tensor Math (MPS (Apple Silicon GPU)),899,0.045178916000004676
exec,PyTorch Tensor Math (MPS (Apple Silicon GPU)),900,0.04332966699999474
vm,PyTorch Tensor Math (MPS (Apple Silicon GPU)),900,0.04487141599999944
exec,PyTorch Tensor Math (MPS (Apple Silicon GPU)),901,0.04395379199999638
vm,PyTorch Tensor Math (MPS (Apple Silicon GPU)),901,0.04506858400000624
exec,PyTorch Tensor Math (MPS (Apple Silicon GPU)),902,0.043245417000001396
vm,PyTorch Tensor Math (MPS (Apple Silicon GPU)),902,0.04448816700000435
exec,PyTorch Tensor Math (MPS (Apple Silicon GPU)),903,0.04341887500000041
vm,PyTorch Tensor Math (MPS (Apple Silicon GPU)),903,0.04450675000000359
exec,PyTorch Tensor Math (MPS (Apple Silicon GPU)),904,0.04329212500000068
vm,PyTorch Tensor Math (MPS (Apple Silicon GPU)),904,0.044488375000000246
exec,PyTorch Tensor Math (MPS (Apple Silicon GPU)),905,0.043248499999997136
vm,PyTorch Tensor Math (MPS (Apple Silicon GPU)),905,0.0444734579999988
exec,PyTorch Tensor Math (MPS (Apple Silicon GPU)),906,0.04322354100000325
vm,PyTorch Tensor Math (MPS (Apple Silicon GPU)),906,0.044438416999994956
exec,PyTorch Tensor Math (MPS (Apple Silicon GPU)),907,0.04323699999999775
vm,PyTorch Tensor Math (MPS (Apple Silicon GPU)),907,0.04453162499999763
exec,PyTorch Tensor Math (MPS (Apple Silicon GPU)),908,0.0433529999999962
vm,PyTorch Tensor Math (MPS (Apple Silicon GPU)),908,0.04455658299999499
exec,PyTorch Tensor Math (MPS (Apple Silicon GPU)),909,0.04327329099999844
vm,PyTorch Tensor Math (MPS (Apple Silicon GPU)),909,0.044456083000000035
exec,PyTorch Tensor Math (MPS (Apple Silicon GPU)),910,0.04329070800000068
vm,PyTorch Tensor Math (MPS (Apple Silicon GPU)),910,0.04446054199999594
exec,PyTorch Tensor Math (MPS (Apple Silicon GPU)),911,0.043238207999998224
vm,PyTorch Tensor Math (MPS (Apple Silicon GPU)),911,0.04440658299999711
exec,PyTorch Tensor Math (MPS (Apple Silicon GPU)),912,0.043280249999995135
vm,PyTorch Tensor Math (MPS (Apple Silicon GPU)),912,0.044417250000002184
exec,PyTorch Tensor Math (MPS (Apple Silicon GPU)),913,0.04329587499999832
vm,PyTorch Tensor Math (MPS (Apple Silicon GPU)),913,0.045662083000003406
exec,PyTorch Tensor Math (MPS (Apple Silicon GPU)),914,0.043324125000005154
vm,PyTorch Tensor Math (MPS (Apple Silicon GPU)),914,0.04490929199999982
exec,PyTorch Tensor Math (MPS (Apple Silicon GPU)),915,0.04334925000000567
vm,PyTorch Tensor Math (MPS (Apple Silicon GPU)),915,0.04571837499999987
exec,PyTorch Tensor Math (MPS (Apple Silicon GPU)),916,0.04324154100000044
vm,PyTorch Tensor Math (MPS (Apple Silicon GPU)),916,0.04505204200000179
exec,PyTorch Tensor Math (MPS (Apple Silicon GPU)),917,0.043279292000001135
vm,PyTorch Tensor Math (MPS (Apple Silicon GPU)),917,0.04449191700000199
exec,PyTorch Tensor Math (MPS (Apple Silicon GPU)),918,0.043426249999996
vm,PyTorch Tensor Math (MPS (Apple Silicon GPU)),918,0.044459082999999566
exec,PyTorch Tensor Math (MPS (Apple Silicon GPU)),919,0.04337637500000113
vm,PyTorch Tensor Math (MPS (Apple Silicon GPU)),919,0.044402832999999475
exec,PyTorch Tensor Math (MPS (Apple Silicon GPU)),920,0.04331800000000641
vm,PyTorch Tensor Math (MPS (Apple Silicon GPU)),920,0.04453012500000142
exec,PyTorch Tensor Math (MPS (Apple Silicon GPU)),921,0.04327887499999861
vm,PyTorch Tensor Math (MPS (Apple Silicon GPU)),921,0.0445172499999984
exec,PyTorch Tensor Math (MPS (Apple Silicon GPU)),922,0.04355320799999873
vm,PyTorch Tensor Math (MPS (Apple Silicon GPU)),922,0.045476499999999476
exec,PyTorch Tensor Math (MPS (Apple Silicon GPU)),923,0.04339995800000196
vm,PyTorch Tensor Math (MPS (Apple Silicon GPU)),923,0.04487245800000039
exec,PyTorch Tensor Math (MPS (Apple Silicon GPU)),924,0.04339333299999737
vm,PyTorch Tensor Math (MPS (Apple Silicon GPU)),924,0.04485012499999641
exec,PyTorch Tensor Math (MPS (Apple Silicon GPU)),925,0.04331841700000183
vm,PyTorch Tensor Math (MPS (Apple Silicon GPU)),925,0.04459158299999899
exec,PyTorch Tensor Math (MPS (Apple Silicon GPU)),926,0.043373332999998127
vm,PyTorch Tensor Math (MPS (Apple Silicon GPU)),926,0.04450329200000169
exec,PyTorch Tensor Math (MPS (Apple Silicon GPU)),927,0.04347320800000176
vm,PyTorch Tensor Math (MPS (Apple Silicon GPU)),927,0.0443737920000018
exec,PyTorch Tensor Math (MPS (Apple Silicon GPU)),928,0.043440750000002026
vm,PyTorch Tensor Math (MPS (Apple Silicon GPU)),928,0.04446916599999895
exec,PyTorch Tensor Math (MPS (Apple Silicon GPU)),929,0.04344562500000393
vm,PyTorch Tensor Math (MPS (Apple Silicon GPU)),929,0.044472167000002116
exec,PyTorch Tensor Math (MPS (Apple Silicon GPU)),930,0.043372916999999234
vm,PyTorch Tensor Math (MPS (Apple Silicon GPU)),930,0.04447708400000039
exec,PyTorch Tensor Math (MPS (Apple Silicon GPU)),931,0.04363883300000282
vm,PyTorch Tensor Math (MPS (Apple Silicon GPU)),931,0.04446304200000384
exec,PyTorch Tensor Math (MPS (Apple Silicon GPU)),932,0.04348525000000336
vm,PyTorch Tensor Math (MPS (Apple Silicon GPU)),932,0.044456999999994196
exec,PyTorch Tensor Math (MPS (Apple Silicon GPU)),933,0.043469291999997495
vm,PyTorch Tensor Math (MPS (Apple Silicon GPU)),933,0.044510457999997755
exec,PyTorch Tensor Math (MPS (Apple Silicon GPU)),934,0.04342070799999931
vm,PyTorch Tensor Math (MPS (Apple Silicon GPU)),934,0.044470957999998006
exec,PyTorch Tensor Math (MPS (Apple Silicon GPU)),935,0.04350137499999818
vm,PyTorch Tensor Math (MPS (Apple Silicon GPU)),935,0.044832875000004435
exec,PyTorch Tensor Math (MPS (Apple Silicon GPU)),936,0.0434992090000037
vm,PyTorch Tensor Math (MPS (Apple Silicon GPU)),936,0.04534670799999674
exec,PyTorch Tensor Math (MPS (Apple Silicon GPU)),937,0.04345174999999557
vm,PyTorch Tensor Math (MPS (Apple Silicon GPU)),937,0.044874917000001346
exec,PyTorch Tensor Math (MPS (Apple Silicon GPU)),938,0.04343191699999949
vm,PyTorch Tensor Math (MPS (Apple Silicon GPU)),938,0.04483879200000018
exec,PyTorch Tensor Math (MPS (Apple Silicon GPU)),939,0.04342233300000231
vm,PyTorch Tensor Math (MPS (Apple Silicon GPU)),939,0.04480683299999555
exec,PyTorch Tensor Math (MPS (Apple Silicon GPU)),940,0.043512707999994404
vm,PyTorch Tensor Math (MPS (Apple Silicon GPU)),940,0.04446754100000305
exec,PyTorch Tensor Math (MPS (Apple Silicon GPU)),941,0.043460207999999056
vm,PyTorch Tensor Math (MPS (Apple Silicon GPU)),941,0.04440766700000154
exec,PyTorch Tensor Math (MPS (Apple Silicon GPU)),942,0.04346137499999969
vm,PyTorch Tensor Math (MPS (Apple Silicon GPU)),942,0.0445603749999961
exec,PyTorch Tensor Math (MPS (Apple Silicon GPU)),943,0.043433417000002805
vm,PyTorch Tensor Math (MPS (Apple Silicon GPU)),943,0.044470332999999584
exec,PyTorch Tensor Math (MPS (Apple Silicon GPU)),944,0.043650999999997
vm,PyTorch Tensor Math (MPS (Apple Silicon GPU)),944,0.044875249999996925
exec,PyTorch Tensor Math (MPS (Apple Silicon GPU)),945,0.043519500000002154
vm,PyTorch Tensor Math (MPS (Apple Silicon GPU)),945,0.044828666999997324
exec,PyTorch Tensor Math (MPS (Apple Silicon GPU)),946,0.043511791999996774
vm,PyTorch Tensor Math (MPS (Apple Silicon GPU)),946,0.045659083000003875
exec,PyTorch Tensor Math (MPS (Apple Silicon GPU)),947,0.04345679200000063
vm,PyTorch Tensor Math (MPS (Apple Silicon GPU)),947,0.04445249999999845
exec,PyTorch Tensor Math (MPS (Apple Silicon GPU)),948,0.04347870799999498
vm,PyTorch Tensor Math (MPS (Apple Silicon GPU)),948,0.04451983300000251
exec,PyTorch Tensor Math (MPS (Apple Silicon GPU)),949,0.04353466700000297
vm,PyTorch Tensor Math (MPS (Apple Silicon GPU)),949,0.04446516699999847
exec,PyTorch Tensor Math (MPS (Apple Silicon GPU)),950,0.04352558400000106
vm,PyTorch Tensor Math (MPS (Apple Silicon GPU)),950,0.04445433299999735
exec,PyTorch Tensor Math (MPS (Apple Silicon GPU)),951,0.04411920800000502
vm,PyTorch Tensor Math (MPS (Apple Silicon GPU)),951,0.044803375000000756
exec,PyTorch Tensor Math (MPS (Apple Silicon GPU)),952,0.043407207999997865
vm,PyTorch Tensor Math (MPS (Apple Silicon GPU)),952,0.04459854199999569
exec,PyTorch Tensor Math (MPS (Apple Silicon GPU)),953,0.0435499999999962
vm,PyTorch Tensor Math (MPS (Apple Silicon GPU)),953,0.044498500000003105
exec,PyTorch Tensor Math (MPS (Apple Silicon GPU)),954,0.04350345800000355
vm,PyTorch Tensor Math (MPS (Apple Silicon GPU)),954,0.044410583000001225
exec,PyTorch Tensor Math (MPS (Apple Silicon GPU)),955,0.04352862500000043
vm,PyTorch Tensor Math (MPS (Apple Silicon GPU)),955,0.04446308300000368
exec,PyTorch Tensor Math (MPS (Apple Silicon GPU)),956,0.04341825000000199
vm,PyTorch Tensor Math (MPS (Apple Silicon GPU)),956,0.044484042000000557
exec,PyTorch Tensor Math (MPS (Apple Silicon GPU)),957,0.043447499999999195
vm,PyTorch Tensor Math (MPS (Apple Silicon GPU)),957,0.04488925000000421
exec,PyTorch Tensor Math (MPS (Apple Silicon GPU)),958,0.04353279199999349
vm,PyTorch Tensor Math (MPS (Apple Silicon GPU)),958,0.045825125000000355
exec,PyTorch Tensor Math (MPS (Apple Silicon GPU)),959,0.04355316599999526
vm,PyTorch Tensor Math (MPS (Apple Silicon GPU)),959,0.04483004200000096
exec,PyTorch Tensor Math (MPS (Apple Silicon GPU)),960,0.04348695900000621
vm,PyTorch Tensor Math (MPS (Apple Silicon GPU)),960,0.04503029100000333
exec,PyTorch Tensor Math (MPS (Apple Silicon GPU)),961,0.04340279199999486
vm,PyTorch Tensor Math (MPS (Apple Silicon GPU)),961,0.04496329199999849
exec,PyTorch Tensor Math (MPS (Apple Silicon GPU)),962,0.04352891699999617
vm,PyTorch Tensor Math (MPS (Apple Silicon GPU)),962,0.04442749999999762
exec,PyTorch Tensor Math (MPS (Apple Silicon GPU)),963,0.04355662500000079
vm,PyTorch Tensor Math (MPS (Apple Silicon GPU)),963,0.04445729199999704
exec,PyTorch Tensor Math (MPS (Apple Silicon GPU)),964,0.043519417000005944
vm,PyTorch Tensor Math (MPS (Apple Silicon GPU)),964,0.04444795799999923
exec,PyTorch Tensor Math (MPS (Apple Silicon GPU)),965,0.043428749999996796
vm,PyTorch Tensor Math (MPS (Apple Silicon GPU)),965,0.044488375000000246
exec,PyTorch Tensor Math (MPS (Apple Silicon GPU)),966,0.043662082999993856
vm,PyTorch Tensor Math (MPS (Apple Silicon GPU)),966,0.045090166999997905
exec,PyTorch Tensor Math (MPS (Apple Silicon GPU)),967,0.04361058300000309
vm,PyTorch Tensor Math (MPS (Apple Silicon GPU)),967,0.04491591700000441
exec,PyTorch Tensor Math (MPS (Apple Silicon GPU)),968,0.04357404199999593
vm,PyTorch Tensor Math (MPS (Apple Silicon GPU)),968,0.04491599999999352
exec,PyTorch Tensor Math (MPS (Apple Silicon GPU)),969,0.04347212500000097
vm,PyTorch Tensor Math (MPS (Apple Silicon GPU)),969,0.04511858299999716
exec,PyTorch Tensor Math (MPS (Apple Silicon GPU)),970,0.043577749999997195
vm,PyTorch Tensor Math (MPS (Apple Silicon GPU)),970,0.044502000000001374
exec,PyTorch Tensor Math (MPS (Apple Silicon GPU)),971,0.043584625000001154
vm,PyTorch Tensor Math (MPS (Apple Silicon GPU)),971,0.04448266700000403
exec,PyTorch Tensor Math (MPS (Apple Silicon GPU)),972,0.043610458000003405
vm,PyTorch Tensor Math (MPS (Apple Silicon GPU)),972,0.044411666000002015
exec,PyTorch Tensor Math (MPS (Apple Silicon GPU)),973,0.04349291599999816
vm,PyTorch Tensor Math (MPS (Apple Silicon GPU)),973,0.04441966599999603
exec,PyTorch Tensor Math (MPS (Apple Silicon GPU)),974,0.043566124999998124
vm,PyTorch Tensor Math (MPS (Apple Silicon GPU)),974,0.04466983300000038
exec,PyTorch Tensor Math (MPS (Apple Silicon GPU)),975,0.04365562499999953
vm,PyTorch Tensor Math (MPS (Apple Silicon GPU)),975,0.04441566599999902
exec,PyTorch Tensor Math (MPS (Apple Silicon GPU)),976,0.043631125000004545
vm,PyTorch Tensor Math (MPS (Apple Silicon GPU)),976,0.044468125000001635
exec,PyTorch Tensor Math (MPS (Apple Silicon GPU)),977,0.043755667000006326
vm,PyTorch Tensor Math (MPS (Apple Silicon GPU)),977,0.04445295800000082
exec,PyTorch Tensor Math (MPS (Apple Silicon GPU)),978,0.04359149999999801
vm,PyTorch Tensor Math (MPS (Apple Silicon GPU)),978,0.04438833300000056
exec,PyTorch Tensor Math (MPS (Apple Silicon GPU)),979,0.04365970899999638
vm,PyTorch Tensor Math (MPS (Apple Silicon GPU)),979,0.04454912499999608
exec,PyTorch Tensor Math (MPS (Apple Silicon GPU)),980,0.04363708400000377
vm,PyTorch Tensor Math (MPS (Apple Silicon GPU)),980,0.045671249999998054
exec,PyTorch Tensor Math (MPS (Apple Silicon GPU)),981,0.043589541000002896
vm,PyTorch Tensor Math (MPS (Apple Silicon GPU)),981,0.04522112499999764
exec,PyTorch Tensor Math (MPS (Apple Silicon GPU)),982,0.04360029200000071
vm,PyTorch Tensor Math (MPS (Apple Silicon GPU)),982,0.04483629199999939
exec,PyTorch Tensor Math (MPS (Apple Silicon GPU)),983,0.04368029199999768
vm,PyTorch Tensor Math (MPS (Apple Silicon GPU)),983,0.044813500000003614
exec,PyTorch Tensor Math (MPS (Apple Silicon GPU)),984,0.04365237500000063
vm,PyTorch Tensor Math (MPS (Apple Silicon GPU)),984,0.04452579200000173
exec,PyTorch Tensor Math (MPS (Apple Silicon GPU)),985,0.04373795899999777
vm,PyTorch Tensor Math (MPS (Apple Silicon GPU)),985,0.045086625000003266
exec,PyTorch Tensor Math (MPS (Apple Silicon GPU)),986,0.04362129200000453
vm,PyTorch Tensor Math (MPS (Apple Silicon GPU)),986,0.04729633299999847
exec,PyTorch Tensor Math (MPS (Apple Silicon GPU)),987,0.04364770799999462
vm,PyTorch Tensor Math (MPS (Apple Silicon GPU)),987,0.04802854199999729
exec,PyTorch Tensor Math (MPS (Apple Silicon GPU)),988,0.04361749999999631
vm,PyTorch Tensor Math (MPS (Apple Silicon GPU)),988,0.047102959000000055
exec,PyTorch Tensor Math (MPS (Apple Silicon GPU)),989,0.043569042000001446
vm,PyTorch Tensor Math (MPS (Apple Silicon GPU)),989,0.04659762500000397
exec,PyTorch Tensor Math (MPS (Apple Silicon GPU)),990,0.04365895799999464
vm,PyTorch Tensor Math (MPS (Apple Silicon GPU)),990,0.046229249999996114
exec,PyTorch Tensor Math (MPS (Apple Silicon GPU)),991,0.04368350000000021
vm,PyTorch Tensor Math (MPS (Apple Silicon GPU)),991,0.04597270800000075
exec,PyTorch Tensor Math (MPS (Apple Silicon GPU)),992,0.04365308300000237
vm,PyTorch Tensor Math (MPS (Apple Silicon GPU)),992,0.044504750000001536
exec,PyTorch Tensor Math (MPS (Apple Silicon GPU)),993,0.04356891600000523
vm,PyTorch Tensor Math (MPS (Apple Silicon GPU)),993,0.04449254100000388
exec,PyTorch Tensor Math (MPS (Apple Silicon GPU)),994,0.04363162500000328
vm,PyTorch Tensor Math (MPS (Apple Silicon GPU)),994,0.044984958000000574
exec,PyTorch Tensor Math (MPS (Apple Silicon GPU)),995,0.043714666999996155
vm,PyTorch Tensor Math (MPS (Apple Silicon GPU)),995,0.04499554200000233
exec,PyTorch Tensor Math (MPS (Apple Silicon GPU)),996,0.04365391700000032
vm,PyTorch Tensor Math (MPS (Apple Silicon GPU)),996,0.04468195799999819
exec,PyTorch Tensor Math (MPS (Apple Silicon GPU)),997,0.043579041999997514
vm,PyTorch Tensor Math (MPS (Apple Silicon GPU)),997,0.04452595899999778
exec,PyTorch Tensor Math (MPS (Apple Silicon GPU)),998,0.043606832999998346
vm,PyTorch Tensor Math (MPS (Apple Silicon GPU)),998,0.044449707999994814
exec,PyTorch Tensor Math (MPS (Apple Silicon GPU)),999,0.0436723329999964
vm,PyTorch Tensor Math (MPS (Apple Silicon GPU)),999,0.044452040999999554
exec,PyTorch Tensor Math (MPS (Apple Silicon GPU)),1000,0.04366041600000159
vm,PyTorch Tensor Math (MPS (Apple Silicon GPU)),1000,0.04451645800000392
